frequency_ghz,transfer_real,transfer_imaginary,transfer_magnitude_db
0.000000000000000000e+00,9.779329255712057023e-01,0.000000000000000000e+00,-1.938186313086031620e-01
1.037597656284184600e-01,9.792896292491556354e-01,3.881611822421871471e-04,-1.817762112989830814e-01
2.075195312568369199e-01,9.790284146019972988e-01,2.908417573221639806e-04,-1.840936841222682030e-01
3.112792968852554076e-01,9.790312104519647285e-01,1.340665338591296059e-04,-1.840691813540579480e-01
4.150390625136738398e-01,9.779539004481623277e-01,-3.109960692836410143e-05,-1.936323324296724269e-01
5.187988281420923276e-01,9.786984564432659184e-01,1.295317688583996719e-03,-1.870143251416475916e-01
6.225585937705108153e-01,9.803651214602332464e-01,3.207198177265994064e-03,-1.721964824761543500e-01
7.263183593989291920e-01,9.815967530400067087e-01,4.589690753953668055e-04,-1.613367875844123611e-01
8.300781250273476797e-01,9.806520364053750161e-01,4.038144316429688246e-04,-1.697005732110123954e-01
9.338378906557661674e-01,9.797192974784004749e-01,1.166048525898715892e-03,-1.779605998694384628e-01
1.037597656284184655e+00,9.787958593520291739e-01,1.226777317415535338e-03,-1.861507083647296890e-01
1.141357421912603032e+00,9.791114041724494621e-01,4.518009946497815693e-04,-1.833568946779355335e-01
1.245117187541021631e+00,9.804373659937068997e-01,5.105085947504549521e-04,-1.716017318482655762e-01
1.348876953169440007e+00,9.814759583947806343e-01,5.983209088567290838e-04,-1.624050686902951957e-01
1.452636718797858384e+00,9.825241474442475420e-01,-1.124735769663851964e-04,-1.531352868636995102e-01
1.556396484426276983e+00,9.828109995609715099e-01,1.953174759697815465e-04,-1.505996598216048921e-01
1.660156250054695359e+00,9.831706367144823489e-01,-3.779279889822131965e-04,-1.474213688359283791e-01
1.763916015683113736e+00,9.843990824980793919e-01,1.389425030565214110e-03,-1.365673430959851442e-01
1.867675781311532335e+00,9.826640598572269347e-01,2.295934510157703751e-03,-1.518748446955130171e-01
1.971435546939950711e+00,9.841313530311446289e-01,1.507790236564167516e-04,-1.389385373675539048e-01
2.075195312568369310e+00,9.847267404730640772e-01,-1.012103384019645737e-04,-1.336853252703589789e-01
2.178955078196787909e+00,9.840303737893439928e-01,5.011222556538204916e-04,-1.398287960164637522e-01
2.282714843825206064e+00,9.839559125474744983e-01,3.698910283151642998e-04,-1.404865917503452244e-01
2.386474609453624662e+00,9.842614137445904188e-01,9.533293513100772132e-04,-1.377867321314064641e-01
2.490234375082043261e+00,9.851460752859411141e-01,-6.326587987986583765e-05,-1.299873520951378147e-01
2.593994140710461416e+00,9.868287992003680342e-01,4.207194158895702948e-04,-1.151629051848831187e-01
2.697753906338880014e+00,9.856666530402138360e-01,-4.443822702372281588e-04,-1.253978412001790499e-01
2.801513671967298613e+00,9.873905473277222455e-01,-1.951862988889903715e-05,-1.102206936215209682e-01
2.905273437595716768e+00,9.878168642224979257e-01,2.386091391926461840e-04,-1.064710214434624047e-01
3.009033203224135367e+00,9.873836205419378453e-01,9.243900201914237056e-04,-1.102778226957901037e-01
3.112792968852553965e+00,9.899477930950622007e-01,6.313997498345310993e-04,-8.775239725694265747e-02
3.216552734480972120e+00,9.931939626100155794e-01,1.414969229427076158e-03,-5.930976690285735820e-02
3.320312500109390719e+00,9.936960748396915788e-01,-2.500286456045684616e-04,-5.492823837393404074e-02
3.424072265737809317e+00,9.929346548739261813e-01,-2.078984011593695488e-03,-6.156759151650768869e-02
3.527832031366227472e+00,9.940596815752447135e-01,-1.220497348994099082e-05,-5.175081037877042600e-02
3.631591796994646071e+00,9.929655338873684123e-01,-1.100777299980135616e-03,-6.131117731542023302e-02
3.735351562623064670e+00,9.944449764685718840e-01,1.339028398472031766e-03,-4.837696143137934501e-02
3.839111328251482824e+00,9.947288606286640578e-01,2.336849106281380616e-03,-4.588166072388245170e-02
3.942871093879901423e+00,9.958210778117145834e-01,1.483434066845712830e-03,-3.636407408186755758e-02
4.046630859508320022e+00,9.947193132025461404e-01,1.236618809980327477e-03,-4.598228459154253545e-02
4.150390625136738620e+00,9.951015138689938144e-01,1.088915576636997678e-03,-4.264706076795933554e-02
4.254150390765156331e+00,9.988345061338104180e-01,-1.037289431185390610e-03,-1.012457125061421055e-02
4.357910156393575818e+00,9.999854122662911182e-01,-2.154731841035262274e-03,-1.065441025723505445e-04
4.461669922021993528e+00,9.987584174600649956e-01,5.559489662621740170e-04,-1.078960357923744451e-02
4.565429687650412127e+00,1.001207356268027926e+00,7.388235377079701606e-04,1.048300256462296812e-02
4.669189453278830726e+00,1.002113730191857899e+00,3.709976032990129104e-03,1.839977446646403128e-02
4.772949218907249325e+00,1.002174821193727805e+00,2.265753588027281506e-03,1.889194353516705088e-02
4.876708984535667035e+00,1.004119700147556582e+00,2.364983980606350650e-03,3.573384624525710596e-02
4.980468750164086522e+00,1.006061587568648941e+00,1.387425214533513640e-03,5.249960993559442402e-02
5.084228515792504233e+00,1.005508636107656617e+00,1.180227990045809496e-03,4.772208364947289061e-02
5.187988281420922831e+00,1.005859133849331233e+00,9.803710306359794940e-04,5.074740453463896100e-02
5.291748047049341430e+00,1.009091345764008940e+00,9.420906065000116993e-04,7.861341666344920376e-02
5.395507812677760029e+00,1.010251326630529967e+00,-4.914321275824762476e-04,8.858961600773186673e-02
5.499267578306177739e+00,1.011212583656437625e+00,-1.412591359414799505e-03,9.685778259120234046e-02
5.603027343934597226e+00,1.010367745306989917e+00,-2.678333317918240534e-03,8.961998728734098252e-02
5.706787109563014937e+00,1.013549685430300773e+00,2.217015655130659922e-03,1.169216431130344069e-01
5.810546875191433536e+00,1.012793058177691385e+00,2.706612437655552591e-03,1.104453359416163738e-01
5.914306640819852134e+00,1.014453190575536734e+00,1.299981263178322634e-03,1.246473795332030954e-01
6.018066406448270733e+00,1.016190994824497595e+00,1.867892275267005924e-03,1.395215137101853409e-01
6.121826172076688444e+00,1.019924001687446458e+00,1.792045628352441616e-03,1.713696490118983284e-01
6.225585937705107931e+00,1.019745029658478908e+00,2.860807639110097243e-03,1.698661243387809827e-01
6.329345703333525641e+00,1.018698685103334833e+00,1.700042393333711221e-03,1.609270069283179616e-01
6.433105468961944240e+00,1.019475491981859383e+00,2.049622699464098696e-03,1.675533515422087949e-01
6.536865234590362839e+00,1.021967772496310101e+00,1.448660973602990815e-03,1.887527394460880859e-01
6.640625000218781437e+00,1.023284821096013042e+00,4.989520906907745409e-04,1.999316738246527669e-01
6.744384765847200036e+00,1.024538172835431915e+00,9.067361042674917763e-04,2.105662863202771851e-01
6.848144531475618635e+00,1.023057209598779993e+00,1.133908633955979604e-03,1.980037398799075754e-01
6.951904297104037234e+00,1.026726131398437492e+00,2.401712869849809227e-03,2.291160732629110852e-01
7.055664062732454944e+00,1.026813228410587309e+00,1.803211550996175428e-03,2.298424943204692150e-01
7.159423828360874431e+00,1.029223145278203688e+00,2.501139554835159033e-03,2.502165293511119382e-01
7.263183593989292142e+00,1.033554088625426859e+00,1.989253519410143223e-03,2.866802746177301575e-01
7.366943359617710740e+00,1.034817256015357456e+00,4.124034635802460648e-04,2.972739327463044257e-01
7.470703125246129339e+00,1.033534294678440268e+00,8.244331074020999758e-04,2.865006021723743301e-01
7.574462890874547938e+00,1.035001538342609440e+00,3.054660251678891544e-03,2.988577349940317873e-01
7.678222656502965648e+00,1.036464246469847694e+00,3.424804423728276034e-03,3.111339263455158988e-01
7.781982422131385135e+00,1.038223160183503913e+00,2.030457582096793345e-03,3.258308644463020487e-01
7.885742187759802846e+00,1.041029711478936415e+00,2.729545790161404077e-03,3.492923495280214619e-01
7.989501953388221445e+00,1.044464726337146043e+00,3.883587708027020670e-03,3.779355940830269045e-01
8.093261719016640043e+00,1.043510407386362138e+00,-8.601854132626918269e-04,3.699386476809177760e-01
8.197021484645057754e+00,1.046760678117434784e+00,9.195110603813346157e-05,3.969480309170859145e-01
8.300781250273477241e+00,1.048860933854534494e+00,5.115304067374377983e-03,4.144614940139801917e-01
8.404541015901894951e+00,1.048372348507050411e+00,2.923636377521704726e-03,4.103449278262395472e-01
8.508300781530312662e+00,1.050812722224838902e+00,2.964169689994139521e-03,4.305410004357004272e-01
8.612060547158732149e+00,1.050787264943302990e+00,3.234496218651147000e-03,4.303371635760744884e-01
8.715820312787151636e+00,1.051732125587402367e+00,4.412596533613683154e-03,4.381792431648146580e-01
8.819580078415569346e+00,1.053717766218270846e+00,1.805750078971098170e-03,4.544988048945770021e-01
8.923339844043987057e+00,1.054992021220007015e+00,3.869085585423842079e-04,4.649840866863810818e-01
9.027099609672404767e+00,1.055824059634315359e+00,-4.267901337421121911e-04,4.718317952490835299e-01
9.130859375300824254e+00,1.058852039391199318e+00,3.896240731258856886e-03,4.967643518050674500e-01
9.234619140929243741e+00,1.062380428350244044e+00,2.777844690648078024e-03,5.256309185333252199e-01
9.338378906557661452e+00,1.063202051419862126e+00,-5.669063552720261497e-04,5.323173526402860123e-01
9.442138672186079162e+00,1.066728127806839899e+00,4.055283552879166244e-05,5.610749432512214252e-01
9.545898437814498649e+00,1.064764031943715494e+00,1.867577960526999774e-03,5.450808031251609398e-01
9.649658203442916360e+00,1.066488928911661249e+00,1.848450421142333426e-03,5.591400753179280869e-01
9.753417969071334070e+00,1.070979111524331007e+00,2.415993258063220059e-03,5.956421089306304095e-01
9.857177734699753557e+00,1.072256703374783404e+00,4.920479904505874018e-03,6.060668523679456632e-01
9.960937500328173044e+00,1.072924790235198822e+00,3.085961404139888568e-03,6.114215254438684077e-01
1.006469726595659075e+01,1.075867125385533640e+00,4.499169515639099039e-03,6.352486949421937146e-01
1.016845703158500847e+01,1.078361280217588369e+00,4.657672437197479462e-03,6.553667322273282192e-01
1.027221679721342795e+01,1.082600142549812627e+00,3.032185047311977428e-03,6.893956676825230279e-01
1.037597656284184566e+01,1.082134733543281602e+00,1.999518635263826394e-03,6.856415659918436711e-01
1.047973632847026515e+01,1.080550281839102844e+00,2.756501240793676841e-03,6.729278814759399596e-01
1.058349609409868286e+01,1.083374554426631997e+00,3.293831792238462869e-03,6.956127637501814398e-01
1.068725585972710235e+01,1.088868610447419227e+00,3.809963472687563114e-03,7.395627364193075870e-01
1.079101562535552006e+01,1.089985808311715765e+00,3.211872995703430895e-03,7.484545787645504600e-01
1.089477539098393777e+01,1.090104664234732734e+00,1.368249170908115986e-03,7.493707992161412479e-01
1.099853515661235548e+01,1.092105456785155582e+00,1.680965677502511101e-03,7.653018308701432515e-01
1.110229492224077674e+01,1.092242528343004615e+00,3.518787587134140568e-04,7.663821013859890563e-01
1.120605468786919445e+01,1.095882396015658067e+00,2.458361446102057691e-03,7.953008665624712314e-01
1.130981445349761216e+01,1.097181579946375551e+00,4.505397568716638414e-03,8.056433867938370685e-01
1.141357421912602987e+01,1.099115041119733238e+00,4.218549301894457607e-03,8.209269990100829251e-01
1.151733398475444936e+01,1.102973531155156062e+00,2.127992642978907088e-03,8.513179754623898532e-01
1.162109375038286707e+01,1.103949050683312283e+00,2.955056591980678628e-03,8.590117253671785136e-01
1.172485351601128656e+01,1.107013428607010574e+00,4.454457796362198616e-03,8.831280999549416810e-01
1.182861328163970427e+01,1.111239819865887934e+00,7.414643197903604370e-03,9.163492559260365544e-01
1.193237304726812376e+01,1.109519477234764073e+00,4.556937502634606299e-03,9.027718688354768872e-01
1.203613281289654147e+01,1.112054950243356322e+00,2.103302387995110902e-03,9.225404893454330901e-01
1.213989257852495918e+01,1.113650658188015674e+00,1.758587028769554271e-03,9.349903911778111310e-01
1.224365234415337689e+01,1.114828214123840366e+00,2.467240109061413431e-03,9.441802976136470793e-01
1.234741210978179815e+01,1.119600287107859415e+00,4.376965109230399054e-03,9.813263977576667241e-01
1.245117187541021586e+01,1.122833375724618277e+00,2.435025136045179846e-03,1.006326692188702410e+00
1.255493164103863357e+01,1.118457126494811105e+00,1.966469857706546615e-03,9.724002464108985055e-01
1.265869140666705128e+01,1.120119667181782130e+00,1.032927929654282049e-03,9.852921469055770931e-01
1.276245117229547077e+01,1.125531445445561163e+00,3.023401038016367177e-03,1.027183996305052638e+00
1.286621093792388848e+01,1.128905922079987523e+00,4.128097536927992361e-03,1.053213097721553249e+00
1.296997070355230797e+01,1.133716554246881447e+00,5.752616152833724301e-03,1.090201577978347158e+00
1.307373046918072568e+01,1.135994071056091181e+00,3.579402123603143970e-03,1.107564411746533972e+00
1.317749023480914516e+01,1.135486373121311177e+00,1.816052310714916544e-03,1.103649642134563402e+00
1.328125000043756287e+01,1.136316554277806201e+00,2.153778224901680902e-03,1.110002275951366579e+00
1.338500976606598059e+01,1.138374658350293167e+00,2.446220984255317258e-03,1.125724439013150668e+00
1.348876953169440007e+01,1.140385378229337388e+00,-8.078970641875444060e-04,1.141034984575851396e+00
1.359252929732281956e+01,1.142310589753220196e+00,-2.997644248168355920e-03,1.155713965642531704e+00
1.369628906295123727e+01,1.148724117763572528e+00,2.378258893161784722e-04,1.204314971941645718e+00
1.380004882857965498e+01,1.150297023369141192e+00,5.359137453206732488e-03,1.216294184091621933e+00
1.390380859420807447e+01,1.148822181167802325e+00,1.133662195629473683e-03,1.205060473620527706e+00
1.400756835983649218e+01,1.153758707326143718e+00,4.375729452100669045e-04,1.242300457328674668e+00
1.411132812546490989e+01,1.158503700497360178e+00,-1.169694389016838693e-03,1.277952934319226408e+00
1.421508789109332760e+01,1.160793058016668544e+00,1.772239999492043489e-03,1.295106167064015601e+00
1.431884765672174886e+01,1.158132795586592989e+00,1.863498613814656328e-03,1.275178443752331470e+00
1.442260742235016657e+01,1.158307135397572241e+00,2.532912857428520990e-03,1.276495400932705415e+00
1.452636718797858428e+01,1.158761706888288945e+00,-1.377090187777447322e-04,1.279882757765192558e+00
1.463012695360700199e+01,1.166347369206862217e+00,-1.422537151082228085e-03,1.336564742597069255e+00
1.473388671923542148e+01,1.169785800142373766e+00,1.190306055842186910e-03,1.362131401096147387e+00
1.483764648486384097e+01,1.164463395786356825e+00,3.978099434165415123e-03,1.322567511158348141e+00
1.494140625049225868e+01,1.167506931226902189e+00,-2.700123432270926105e-03,1.345212580145596082e+00
1.504516601612067639e+01,1.174352391926997807e+00,1.317112564688690613e-03,1.395974196912652898e+00
1.514892578174909588e+01,1.172098235054676252e+00,2.870183708760798424e-03,1.379306281690084512e+00
1.525268554737751359e+01,1.178889081900340807e+00,-1.199930900717463951e-04,1.429458956315392770e+00
1.535644531300593130e+01,1.178280466832504203e+00,1.605457326489333853e-03,1.424981625606181801e+00
1.546020507863434901e+01,1.184085858290690352e+00,1.240764985840649886e-03,1.467668654746285606e+00
1.556396484426277027e+01,1.184903944938862530e+00,-2.277889528407720584e-04,1.473663068288963984e+00
1.566772460989118798e+01,1.190008075155071232e+00,4.632347247154695348e-03,1.511063977464087937e+00
1.577148437551960569e+01,1.193986377962122036e+00,4.542120733812222109e-03,1.540050289431037500e+00
1.587524414114802340e+01,1.193594666944769678e+00,6.241253319093010470e-04,1.537138581010005778e+00
1.597900390677644289e+01,1.197910916795742908e+00,-1.739246300306729201e-03,1.568499609817697760e+00
1.608276367240486238e+01,1.201131837390596813e+00,-3.796695797288818567e-05,1.591813576358718230e+00
1.618652343803328009e+01,1.203871268256381910e+00,-1.358032154481743272e-03,1.611606519427379647e+00
1.629028320366169780e+01,1.201554788253789585e+00,-1.310540847767076387e-03,1.594876735797534195e+00
1.639404296929011551e+01,1.204756111012609487e+00,-9.042041126723208326e-04,1.617985204290427470e+00
1.649780273491853677e+01,1.210763051263052059e+00,-1.901087309404302398e-03,1.661193890339258905e+00
1.660156250054695448e+01,1.210591877143907480e+00,-3.231687395626887602e-03,1.659986059903796329e+00
1.670532226617537219e+01,1.214797385816007713e+00,-4.105082249823146893e-03,1.690126566051268986e+00
1.680908203180378990e+01,1.215975952520723435e+00,3.991620303447815897e-03,1.698546524198589536e+00
1.691284179743220761e+01,1.217293136198562609e+00,5.145414117050685181e-03,1.707981058884067149e+00
1.701660156306062532e+01,1.216640621881690087e+00,2.045328752120781574e-04,1.703246379490448881e+00
1.712036132868904659e+01,1.220488825497590302e+00,-6.017058716834686920e-04,1.730677205075242586e+00
1.722412109431746430e+01,1.220736540977832352e+00,-5.188042301431833835e-03,1.732517335930305435e+00
1.732788085994588556e+01,1.224094317663859677e+00,-1.395552614100060073e-03,1.756303283039363450e+00
1.743164062557430327e+01,1.226614417296940651e+00,6.825238042771054892e-03,1.774295760472233141e+00
1.753540039120272098e+01,1.235327369569381384e+00,1.529519700367491797e-02,1.836307001022241758e+00
1.763916015683113869e+01,1.235340326779822417e+00,2.063216361372711364e-03,1.835744491871944106e+00
1.774291992245955640e+01,1.235722461313208065e+00,-8.950405649346503470e-03,1.838646648382315840e+00
1.784667968808797411e+01,1.237485833869975016e+00,-6.002794153087364498e-03,1.850906910231568503e+00
1.795043945371639182e+01,1.242253375064551690e+00,-7.635426276574515956e-04,1.884205347686379373e+00
1.805419921934480953e+01,1.244182949202154553e+00,4.824721523507606753e-03,1.897750212521414293e+00
1.815795898497323080e+01,1.242576615589592537e+00,3.359997840938150696e-03,1.886495279963470439e+00
1.826171875060164851e+01,1.247152346113088450e+00,-9.399974810493031806e-04,1.918392627916834403e+00
1.836547851623006977e+01,1.253729208670679274e+00,-3.629393130982207574e-03,1.964111273653540435e+00
1.846923828185848748e+01,1.255221547675807292e+00,-2.250006697570809417e-03,1.974421672971838237e+00
1.857299804748690519e+01,1.253429607634973353e+00,-8.207688775799023423e-03,1.962185197638520506e+00
1.867675781311532290e+01,1.257174765811964079e+00,-1.992025055474820616e-03,1.987924008171549906e+00
1.878051757874374061e+01,1.258627372750282580e+00,-2.878726821148235634e-03,1.997966170882077730e+00
1.888427734437215832e+01,1.265808233234892555e+00,-3.025765216679900289e-03,2.047383138044658768e+00
1.898803711000057959e+01,1.268245111747858367e+00,-8.050104029425115756e-03,2.064238914901707744e+00
1.909179687562899730e+01,1.265214800829588038e+00,-4.863253169159824710e-03,2.043349441587930748e+00
1.919555664125741501e+01,1.267123205504505190e+00,2.014678423372355618e-03,2.056387868001698038e+00
1.929931640688583272e+01,1.272283096314895001e+00,4.472329742256095711e-03,2.091728806563979415e+00
1.940307617251425043e+01,1.272136244498686564e+00,1.699508615277871369e-03,2.090680277118374342e+00
1.950683593814266814e+01,1.280916015630468641e+00,-1.936636280149377698e-03,2.150423043146212798e+00
1.961059570377108940e+01,1.281211652164731873e+00,-2.751968738713057774e-03,2.152437632083119556e+00
1.971435546939950711e+01,1.277602562446687129e+00,-1.242912578149882449e-03,2.127919593939571197e+00
1.981811523502792838e+01,1.279545813084680184e+00,-1.855075441904470131e-03,2.141125929574964282e+00
1.992187500065634609e+01,1.285711634605698039e+00,-7.154084343599020554e-03,2.183005940095918085e+00
2.002563476628476380e+01,1.290622121658530297e+00,-6.668018513034106899e-03,2.216098019651709716e+00
2.012939453191318151e+01,1.292724984153925449e+00,-7.763602100748185492e-03,2.230279483367846094e+00
2.023315429754159922e+01,1.295018996383918486e+00,-1.267265019244721326e-02,2.245938639948023674e+00
2.033691406317001693e+01,1.296202185167978582e+00,-3.392219111066940938e-03,2.253484729624563698e+00
2.044067382879843464e+01,1.305981966316908105e+00,-3.477256749574022393e-03,2.318774388327223601e+00
2.054443359442685590e+01,1.307741551418360348e+00,4.095500453257369319e-03,2.330481053908841194e+00
2.064819336005527362e+01,1.304513459083849414e+00,6.352767523353989969e-03,2.309074277356302662e+00
2.075195312568369133e+01,1.310122803699936389e+00,1.833400219659153934e-03,2.346248623760150753e+00
2.085571289131211259e+01,1.313787406765669630e+00,-7.476766019578201181e-03,2.370642547769716835e+00
2.095947265694053030e+01,1.312809860951529517e+00,1.162338906651530068e-03,2.364040008194633113e+00
2.106323242256894801e+01,1.310586862062904423e+00,9.948843030412220234e-04,2.349318704045432415e+00
2.116699218819736572e+01,1.314003131181258999e+00,-1.581668227907050920e-04,2.371928065316731171e+00
2.127075195382578343e+01,1.319538912316691182e+00,-4.036946853811783885e-03,2.408484684397840248e+00
2.137451171945420469e+01,1.324298390070552056e+00,-1.274476009382834174e-02,2.440119234463835163e+00
2.147827148508262241e+01,1.327967355691515028e+00,-8.031356388582119518e-03,2.463906832447047890e+00
2.158203125071104012e+01,1.326643512143546921e+00,-1.004875427682480615e-02,2.455333915007610557e+00
2.168579101633945783e+01,1.329659558485258630e+00,-6.564840308251523870e-03,2.474915061872747568e+00
2.178955078196787554e+01,1.336179986788709417e+00,-8.175929530731684478e-03,2.517461852672267852e+00
2.189331054759629325e+01,1.341859212340326790e+00,-4.351788554967710339e-03,2.554184719919215141e+00
2.199707031322471096e+01,1.337514419363816431e+00,-4.755591773525486704e-03,2.526024357190728598e+00
2.210083007885312867e+01,1.338664410699288210e+00,-1.204143572779515711e-02,2.533785732847410710e+00
2.220458984448155348e+01,1.336226801060524716e+00,-8.686904860780364154e-03,2.517787111319566229e+00
2.230834961010997120e+01,1.349402066832570801e+00,-1.272553105225433974e-02,2.603213639676095870e+00
2.241210937573838891e+01,1.351444584539590155e+00,-9.315937453901561999e-03,2.616171208896646228e+00
2.251586914136680662e+01,1.349185803280697371e+00,-3.591277793979977609e-03,2.601466024809859334e+00
2.261962890699522433e+01,1.346195863278115468e+00,-9.579899340841651787e-04,2.582167232933019640e+00
2.272338867262364204e+01,1.362571260544386709e+00,-9.426594183461412674e-03,2.687392347770376499e+00
2.282714843825205975e+01,1.360972862406243156e+00,-9.527699836030386130e-03,2.677202149297261524e+00
2.293090820388047746e+01,1.365610316267894975e+00,-7.995727827592573680e-03,2.706684659444279717e+00
2.303466796950889872e+01,1.360154245788470551e+00,-7.247066516619864000e-03,2.671886520150007271e+00
2.313842773513731643e+01,1.354833999044559700e+00,-1.439140723304212569e-02,2.638211729125179428e+00
2.324218750076573414e+01,1.371699287451918492e+00,-1.282049924253462342e-02,2.745557625845908234e+00
2.334594726639415185e+01,1.371998750192468863e+00,-1.402293471993300289e-02,2.747527976701357844e+00
2.344970703202257312e+01,1.373396604095919127e+00,-1.841131395329616283e-02,2.756699794351704647e+00
2.355346679765099083e+01,1.373424875688231017e+00,-1.673419261438918032e-02,2.756742874056909542e+00
2.365722656327940854e+01,1.376430039560506469e+00,-8.881849451607644330e-03,2.775263675500468707e+00
2.376098632890782980e+01,1.384385609140868834e+00,-9.489639569340469968e-03,2.825345582726122462e+00
2.386474609453624751e+01,1.391823822360583218e+00,-1.516156675367629457e-02,2.872200632941129150e+00
2.396850586016466522e+01,1.387509749304704387e+00,-5.263912878928201852e-03,2.844783373996049747e+00
2.407226562579308293e+01,1.380431424627720949e+00,2.333170685163900304e-03,2.800309149730142000e+00
2.417602539142150064e+01,1.381018043328907430e+00,-2.256014645407154891e-04,2.803987171422387625e+00
2.427978515704991835e+01,1.398918713368119571e+00,-8.034749349446104749e-03,2.915992859535787129e+00
2.438354492267833606e+01,1.400010221733544169e+00,-1.086020527024176251e-02,2.922885458454074659e+00
2.448730468830675377e+01,1.400060328530627674e+00,-1.608027475603419909e-02,2.923507856976761854e+00
2.459106445393517859e+01,1.410451066973218648e+00,-1.300751332254256216e-02,2.987529824172922677e+00
2.469482421956359630e+01,1.408707944315732208e+00,-1.610500397248263924e-02,2.976986866911378371e+00
2.479858398519201401e+01,1.408124432899555245e+00,-2.209412322850535723e-02,2.973889743871843905e+00
2.490234375082043172e+01,1.413736408776166131e+00,-1.671406607613299886e-02,3.007975845297013784e+00
2.500610351644884943e+01,1.415828454678878190e+00,-1.237414305827428188e-02,3.020544450551423399e+00
2.510986328207726714e+01,1.416236585848354768e+00,-7.123122729838347704e-03,3.022826049918400315e+00
2.521362304770568485e+01,1.422331194716861535e+00,-1.213766792582508282e-02,3.060330957798653273e+00
2.531738281333410256e+01,1.429539246409322839e+00,-1.754440279212820045e-02,3.104575747248279338e+00
2.542114257896252383e+01,1.424950371355155232e+00,-1.550246089023066438e-02,3.076508773917424833e+00
2.552490234459094154e+01,1.429711348269038229e+00,-1.081215061422624406e-02,3.105215657767295134e+00
2.562866211021935925e+01,1.433858849674630509e+00,-9.895858316693945805e-03,3.130334878099742646e+00
2.573242187584777696e+01,1.434829430184088706e+00,-1.533256611154690426e-02,3.136501414369920582e+00
2.583618164147619467e+01,1.439098427954845771e+00,-1.581504555889274091e-02,3.162334442187116235e+00
2.593994140710461593e+01,1.446507299776387256e+00,-9.246265065183618959e-03,3.206590039259672231e+00
2.604370117273303364e+01,1.444605230736569990e+00,-1.000717243925021774e-02,3.195192061349741319e+00
2.614746093836145135e+01,1.442926193531623991e+00,-1.153815031441527729e-02,3.185160031579230999e+00
2.625122070398987262e+01,1.448339189412911399e+00,-1.208040386679880458e-02,3.217707769485493863e+00
2.635498046961829033e+01,1.446453446133222576e+00,-6.762398692666957839e-03,3.206184133406271286e+00
2.645874023524670804e+01,1.443999815771544348e+00,-2.327747512303461955e-02,3.192471162430318365e+00
2.656250000087512575e+01,1.455153565304488472e+00,-3.422234973666359731e-02,3.260577963877346441e+00
2.666625976650354346e+01,1.461339455788208008e+00,-1.927859615772751015e-02,3.295777985282740019e+00
2.677001953213196117e+01,1.467776883477905692e+00,-2.529305736487940520e-02,3.334490315061844790e+00
2.687377929776037888e+01,1.478150901203083345e+00,-3.366324712687469856e-02,3.396627334821978206e+00
2.697753906338880014e+01,1.478512364901068077e+00,-2.560173221554189887e-02,3.397801209264274647e+00
2.708129882901721786e+01,1.474198090131750627e+00,-1.870792647248550183e-02,3.371816225406660372e+00
2.718505859464563912e+01,1.473289255708293499e+00,-8.669028679936919765e-03,3.365910796685775530e+00
2.728881836027405683e+01,1.465901003299721950e+00,-1.096050980813604268e-02,3.322335628100570037e+00
2.739257812590247454e+01,1.477195775352020402e+00,-9.309849702178973202e-03,3.388933637082595318e+00
2.749633789153089225e+01,1.503095568307470709e+00,-2.077377594977433684e-02,3.540561356493200584e+00
2.760009765715930996e+01,1.501946896579293478e+00,-2.386975792445152414e-02,3.534188329063531420e+00
2.770385742278772767e+01,1.498090879019155608e+00,-3.120800369259442431e-02,3.512647478658697420e+00
2.780761718841614893e+01,1.492279596420443610e+00,-3.041040110312382555e-02,3.478807196151751935e+00
2.791137695404456665e+01,1.492547354058331388e+00,-2.414086489226524926e-02,3.479698373986578552e+00
2.801513671967298436e+01,1.496721542211807199e+00,-3.429573993350089334e-02,3.505099842045549252e+00
2.811889648530140207e+01,1.516422259660340055e+00,-2.535123203135168993e-02,3.617616633246408142e+00
2.822265625092981978e+01,1.517143046666550754e+00,-2.185608173128702689e-02,3.621431839633345362e+00
2.832641601655823749e+01,1.515028047120332566e+00,-1.706412170029159014e-02,3.608964370078326933e+00
2.843017578218665520e+01,1.512200596799800012e+00,-1.568085854980365984e-02,3.592655064775940321e+00
2.853393554781507646e+01,1.519282216075646286e+00,-1.974864385037676875e-02,3.633502830088632507e+00
2.863769531344349772e+01,1.525363914096392826e+00,-2.522995492604461834e-02,3.668657344198909875e+00
2.874145507907191543e+01,1.518688361031391487e+00,-1.574963372527424244e-02,3.629840343261913738e+00
2.884521484470033315e+01,1.513101829927222752e+00,-1.806992836695311966e-02,3.597982471113382097e+00
2.894897461032875086e+01,1.525983174546961862e+00,-1.815347186057944193e-02,3.671609475510852150e+00
2.905273437595716857e+01,1.518872906027807668e+00,-1.636769146296679009e-02,3.630933005256566926e+00
2.915649414158558628e+01,1.523874064424481700e+00,-1.706223799158728890e-02,3.659525968918191374e+00
2.926025390721400399e+01,1.537712563199090221e+00,-2.698230852399072927e-02,3.738840233123892798e+00
2.936401367284242170e+01,1.532475639244285537e+00,-4.587525316282867888e-02,3.711761680430772259e+00
2.946777343847084296e+01,1.533718213870260971e+00,-2.912897225086588313e-02,3.716477767257183373e+00
2.957153320409926067e+01,1.550394160344645833e+00,-1.885167664167574503e-02,3.809484526886610212e+00
2.967529296972768194e+01,1.552852168636037256e+00,-3.514161273625968779e-02,3.824825856159812965e+00
2.977905273535609965e+01,1.556643075708332713e+00,-2.489193282251558198e-02,3.844891253660986052e+00
2.988281250098451736e+01,1.564563460987846266e+00,-2.551246213165964810e-02,3.889018304844926277e+00
2.998657226661293507e+01,1.556988700321952912e+00,-2.084533274834666702e-02,3.846487595516103308e+00
3.009033203224135278e+01,1.561456760222544426e+00,-3.001000976732620326e-02,3.872203142416712041e+00
3.019409179786977404e+01,1.550095468986944836e+00,-3.506348115921577302e-02,3.809390538722541741e+00
3.029785156349819175e+01,1.554257167270863382e+00,-4.099730510975541781e-02,3.833478209023840400e+00
3.040161132912660946e+01,1.562625499343685886e+00,-4.635501976856053197e-02,3.880918259429366302e+00
3.050537109475502717e+01,1.569430834508507067e+00,-3.624829912793336301e-02,3.917159729456363593e+00
3.060913086038344488e+01,1.575886980307853680e+00,-2.375361015302735607e-02,3.951487956284994496e+00
3.071289062601186259e+01,1.569153546445595238e+00,-2.811568454926428179e-02,3.914702912685613434e+00
3.081665039164028030e+01,1.569488966064248148e+00,-3.124240431283848568e-02,3.916885900014920985e+00
3.092041015726869801e+01,1.585494615487724523e+00,-3.328815054781374821e-02,4.005209413511074956e+00
3.102416992289712283e+01,1.602719587862267980e+00,-4.587552715754564941e-02,4.100707646403247253e+00
3.112792968852554054e+01,1.605728630940670199e+00,-4.827349603697826674e-02,4.117366411180486629e+00
3.123168945415395825e+01,1.592569329502534048e+00,-4.271321552254099541e-02,4.045089837239872921e+00
3.133544921978237596e+01,1.588149656574123325e+00,-2.045146711567200418e-02,4.018548636165868437e+00
3.143920898541079367e+01,1.574148481635879060e+00,-1.974248635824326151e-02,3.941596961760613027e+00
3.154296875103921138e+01,1.584580811286267155e+00,-2.243494903353698833e-02,3.999158336165548278e+00
3.164672851666762909e+01,1.590320033187904603e+00,-3.440477031316946377e-02,4.031722722926804003e+00
3.175048828229604680e+01,1.600985443749444626e+00,-4.275807993654183459e-02,4.090844308807856322e+00
3.185424804792446807e+01,1.613718379584187401e+00,-3.148865596701903163e-02,4.158208219690014751e+00
3.195800781355288578e+01,1.620878882724979597e+00,-2.536111826237656339e-02,4.196074365802973993e+00
3.206176757918130704e+01,1.608727896049425787e+00,-4.102290634634078725e-02,4.132474984369109094e+00
3.216552734480972475e+01,1.610504098832790332e+00,-3.856653478043427924e-02,4.141726448703822783e+00
3.226928711043814246e+01,1.625731531889256898e+00,-3.494937306182793052e-02,4.222983203336928781e+00
3.237304687606656017e+01,1.616241146819926922e+00,-3.530706072045131788e-02,4.172195188189409265e+00
3.247680664169497788e+01,1.613774945321137189e+00,-4.390692544788311891e-02,4.160073058960534809e+00
3.258056640732339559e+01,1.631653375226202574e+00,-3.790961198547211641e-02,4.254901816475305409e+00
3.268432617295181331e+01,1.646237834429883362e+00,-2.323558141245678568e-02,4.330716664958722539e+00
3.278808593858023102e+01,1.650282892001454060e+00,-3.532431535706931358e-02,4.353157319722340546e+00
3.289184570420865583e+01,1.642783569474379757e+00,-3.869543696844222197e-02,4.314015932566391598e+00
3.299560546983707354e+01,1.648505517653269914e+00,-2.547355712389974200e-02,4.342844987461187856e+00
3.309936523546549125e+01,1.664636638672222224e+00,-4.473433868295602356e-02,4.429524223804737204e+00
3.320312500109390896e+01,1.650828972366212177e+00,-6.125962683610551573e-02,4.360017911495063458e+00
3.330688476672232667e+01,1.657315902947260611e+00,-3.941189341406134417e-02,4.390561259451074783e+00
3.341064453235074438e+01,1.646139236770543191e+00,-4.625347886582961698e-02,4.332758764515647343e+00
3.351440429797916210e+01,1.655514687702783316e+00,-5.883711124965986666e-02,4.384142861067480190e+00
3.361816406360757981e+01,1.674060939611317966e+00,-5.823843480671481165e-02,4.480678157338624956e+00
3.372192382923599752e+01,1.667489754296913818e+00,-4.773342110851898357e-02,4.444820821088118379e+00
3.382568359486441523e+01,1.673590242711981535e+00,-3.897828524703904340e-02,4.475337827605597951e+00
3.392944336049283294e+01,1.692014572815572881e+00,-5.292341376920038643e-02,4.572328760356966448e+00
3.403320312612125065e+01,1.687959063573469143e+00,-4.711463032840971371e-02,4.550620426429766496e+00
3.413696289174967546e+01,1.679363240595916462e+00,-3.958175342782190020e-02,4.505304783351107289e+00
3.424072265737809317e+01,1.691768792919553732e+00,-4.914301650156662621e-02,4.570483239540808817e+00
3.434448242300651088e+01,1.710627906307877533e+00,-4.566034384353612890e-02,4.666204173078668305e+00
3.444824218863492860e+01,1.708837733576687778e+00,-4.427239579567563560e-02,4.656930596173532777e+00
3.455200195426334631e+01,1.693402546863897573e+00,-3.826124047867421329e-02,4.577420689688178612e+00
3.465576171989177112e+01,1.684317114064103560e+00,-4.304621908062887525e-02,4.531312958896977605e+00
3.475952148552018883e+01,1.697607263672783029e+00,-5.835958006172854706e-02,4.601874027363833441e+00
3.486328125114860654e+01,1.703140618881999746e+00,-7.525123608874874359e-02,4.633480204671814207e+00
3.496704101677702425e+01,1.698491194226456447e+00,-7.459185870870353730e-02,4.609634000830274303e+00
3.507080078240544196e+01,1.709644392199294316e+00,-6.659471101353449385e-02,4.664700223928961442e+00
3.517456054803385967e+01,1.715358402761091305e+00,-5.667113865566746067e-02,4.691835119916103025e+00
3.527832031366227739e+01,1.725930551886699638e+00,-4.792719728887757241e-02,4.743813937302689077e+00
3.538208007929069510e+01,1.712737122216698049e+00,-9.271339658011254481e-02,4.686521489165781595e+00
3.548583984491911281e+01,1.718505832642805320e+00,-6.778644131546410212e-02,4.709772176699566160e+00
3.558959961054753052e+01,1.725672658769108692e+00,-5.178157026848569794e-02,4.743076976667131461e+00
3.569335937617594823e+01,1.734974239946087016e+00,-4.412507125430896460e-02,4.788668823741500269e+00
3.579711914180436594e+01,1.738733763117732201e+00,-5.166211928692055616e-02,4.808494149554066510e+00
3.590087890743278365e+01,1.753280406513909373e+00,-4.400644317748401979e-02,4.879762714914134492e+00
3.600463867306120136e+01,1.762007464063300111e+00,-5.063021595970144256e-02,4.923739215641887768e+00
3.610839843868961907e+01,1.753734978095150110e+00,-6.182033001721815024e-02,4.884672515479508093e+00
3.621215820431803678e+01,1.793060505861062248e+00,-6.052484075547683723e-02,5.076844444974252468e+00
3.631591796994646160e+01,1.778567018280975409e+00,-4.338084401609913765e-02,5.003987608476393234e+00
3.641967773557487931e+01,1.759020362694642792e+00,-7.198874259075367654e-02,4.912685228319409347e+00
3.652343750120329702e+01,1.771456453694795652e+00,-6.889939043389538276e-02,4.973174483061505669e+00
3.662719726683172183e+01,1.765118249929867433e+00,-5.620095710407212175e-02,4.939876625453385017e+00
3.673095703246013954e+01,1.781805006810733172e+00,-6.871473819015146145e-02,5.023657678053169207e+00
3.683471679808855725e+01,1.775203346951031991e+00,-7.459318127562991618e-02,4.992623474254641813e+00
3.693847656371697497e+01,1.798224170019173007e+00,-6.089067688955510094e-02,5.101853405693712595e+00
3.704223632934539268e+01,1.791507504073309942e+00,-8.765920593515638681e-02,5.074758020950854487e+00
3.714599609497381039e+01,1.761610772922742596e+00,-8.731005077899800515e-02,4.928854311116356079e+00
3.724975586060222810e+01,1.767050124541237333e+00,-8.596830814219119654e-02,4.955244528762043466e+00
3.735351562623064581e+01,1.802754590529783263e+00,-6.818362566903461708e-02,5.124940332804738929e+00
3.745727539185906352e+01,1.804257766895883242e+00,-6.228790066551229132e-02,5.131144591311449510e+00
3.756103515748748123e+01,1.789815699634075052e+00,-9.851004132215518405e-02,5.069302524005991017e+00
3.766479492311589894e+01,1.793583158931543853e+00,-8.460845867743896354e-02,5.084083876558227466e+00
3.776855468874431665e+01,1.812562273225721388e+00,-6.804103208423777083e-02,5.171974260788561040e+00
3.787231445437274147e+01,1.797674997022508547e+00,-8.095755260526242558e-02,5.103022629434242674e+00
3.797607422000115918e+01,1.820621128404781297e+00,-9.037693355626157110e-02,5.215080291451853256e+00
3.807983398562957689e+01,1.810106652952714335e+00,-6.480349802721763197e-02,5.159646108319254409e+00
3.818359375125799460e+01,1.811930235004742151e+00,-6.161063957969126204e-02,5.167847799808948928e+00
3.828735351688641231e+01,1.824235273189048101e+00,-7.796582078050492970e-02,5.229542626754367873e+00
3.839111328251483002e+01,1.836481873162893796e+00,-9.151801564411421452e-02,5.290504652011261300e+00
3.849487304814324773e+01,1.851167376042714974e+00,-8.193014016840741154e-02,5.357412513436159429e+00
3.859863281377166544e+01,1.853843006320279541e+00,-1.004757310094593764e-01,5.374197715783674667e+00
3.870239257940008315e+01,1.839187980089422636e+00,-8.558693815980249198e-02,5.301916976421471972e+00
3.880615234502850086e+01,1.832151125495359301e+00,-7.252867554563459385e-02,5.266026378954837384e+00
3.890991211065691857e+01,1.830640912778705331e+00,-5.064479573503320731e-02,5.255385908844234066e+00
3.901367187628533628e+01,1.856035700588358761e+00,-8.254962668847153073e-02,5.380308989023165012e+00
3.911743164191375399e+01,1.851679591547035431e+00,-1.016381312647699903e-01,5.364381894113382288e+00
3.922119140754217881e+01,1.843984481753118576e+00,-7.784536240267489471e-02,5.322878247590034029e+00
3.932495117317059652e+01,1.871727988892302408e+00,-9.483109062521463684e-02,5.455988495224415757e+00
3.942871093879901423e+01,1.882823707362202947e+00,-7.843055517744577931e-02,5.503722537906300616e+00
3.953247070442743905e+01,1.857132947368528075e+00,-9.981638529964433071e-02,5.389387716161722963e+00
3.963623047005585676e+01,1.843910358827033358e+00,-1.110599103282506467e-01,5.330522607829582427e+00
3.973999023568427447e+01,1.862236129143145069e+00,-1.172274717612920153e-01,5.417870666247726952e+00
3.984375000131269218e+01,1.868999114993004973e+00,-1.089565525582860822e-01,5.446916431252086355e+00
3.994750976694110989e+01,1.887487987858239347e+00,-7.634772409406674620e-02,5.524783842047934712e+00
4.005126953256952760e+01,1.872517432073998123e+00,-6.461774446231821623e-02,5.453686045391931358e+00
4.015502929819794531e+01,1.888789279261038345e+00,-8.874588413671441467e-02,5.533247297516151519e+00
4.025878906382636302e+01,1.897422751331115043e+00,-1.177322093882660903e-01,5.579970371585639910e+00
4.036254882945478073e+01,1.902759946190015317e+00,-8.432387127456235365e-02,5.596201029330821974e+00
4.046630859508319844e+01,1.918638862007876478e+00,-7.751771289859669956e-02,5.666948198228952904e+00
4.057006836071161615e+01,1.903806669471024060e+00,-7.948220061573384176e-02,5.600019984253079564e+00
4.067382812634003386e+01,1.884075003218872002e+00,-9.545859433759588952e-02,5.513098008231213321e+00
4.077758789196845157e+01,1.907912864331264391e+00,-9.984287082935731916e-02,5.623047742822593342e+00
4.088134765759686928e+01,1.911675651344431959e+00,-8.375311762386478120e-02,5.636612186167861971e+00
4.098510742322528699e+01,1.896316232078080422e+00,-9.013339892747000703e-02,5.568015659033209275e+00
4.108886718885371181e+01,1.909752808839230598e+00,-1.093024871142400239e-01,5.633746137804024556e+00
4.119262695448212952e+01,1.912548062221807177e+00,-1.009216481029932000e-01,5.644323189030099996e+00
4.129638672011054723e+01,1.915986582674680250e+00,-8.165515949263496553e-02,5.655730109908029490e+00
4.140014648573896494e+01,1.927971925245087537e+00,-7.356846722718833609e-02,5.708333138683516772e+00
4.150390625136738265e+01,1.966935803439075814e+00,-5.250686578748687411e-02,5.878897437292605943e+00
4.160766601699580036e+01,1.931370208231815599e+00,-9.874537693631152413e-02,5.728648126048221378e+00
4.171142578262422518e+01,1.944043707107856456e+00,-1.372058152299470701e-01,5.795699821653329309e+00
4.181518554825264289e+01,1.968290181624271939e+00,-1.118292804473074026e-01,5.895778946691910605e+00
4.191894531388106060e+01,1.939443671401984037e+00,-6.931481474961079248e-02,5.759087178053283296e+00
4.202270507950947831e+01,1.963868065929986528e+00,-8.557891368756166683e-02,5.870485291584460086e+00
4.212646484513789602e+01,1.996630428091249465e+00,-1.138117273849939548e-01,6.020041999767418162e+00
4.223022461076631373e+01,2.018225436878738233e+00,-8.799493841273982320e-02,6.107641496119007307e+00
4.233398437639473144e+01,1.980316144998462313e+00,-9.541332445517496097e-02,5.944760569129879713e+00
4.243774414202314915e+01,1.976562808836983320e+00,-1.270401453382521695e-01,5.936116365495393232e+00
4.254150390765156686e+01,1.993932098861420421e+00,-1.338039098473126354e-01,6.013720346894984914e+00
4.264526367327998457e+01,1.961214413568700632e+00,-9.356401683028038596e-02,5.860374731248725766e+00
4.274902343890840939e+01,1.963707673072654813e+00,-9.081395617077288318e-02,5.870815115110298521e+00
4.285278320453682710e+01,1.980810879620479525e+00,-1.214223888796247819e-01,5.953148756504207384e+00
4.295654297016524481e+01,1.976969040897514018e+00,-1.184395937659107612e-01,5.935557030002279078e+00
4.306030273579366252e+01,1.992461813570422846e+00,-1.116094041210813625e-01,6.001405975456957087e+00
4.316406250142208023e+01,1.970546361468932695e+00,-9.819217285885681323e-02,5.902503399408737472e+00
4.326782226705049794e+01,1.992030386142597198e+00,-7.188952350388301549e-02,5.991571680969917324e+00
4.337158203267891565e+01,2.016556471724323618e+00,-6.508386439217059283e-02,6.096729286574444906e+00
4.347534179830733336e+01,1.987395952277335676e+00,-1.099960948159927759e-01,5.978971310849960474e+00
4.357910156393575107e+01,2.032808580377803320e+00,-1.238090983328817285e-01,6.178009931632005625e+00
4.368286132956416878e+01,2.034002298948790255e+00,-1.228189777245041747e-01,6.182834784377235771e+00
4.378662109519258649e+01,2.002279088803180951e+00,-1.082280128988418605e-01,6.043162356902880283e+00
4.389038086082100421e+01,2.004162519381188723e+00,-9.879793254808176550e-02,6.049199844879110444e+00
4.399414062644942192e+01,2.019685199668300069e+00,-1.038415714532130996e-01,6.117138975956772029e+00
4.409790039207783963e+01,2.038819428996868410e+00,-1.185955360350900434e-01,6.202245259350350537e+00
4.420166015770625734e+01,2.046782157505268263e+00,-1.182506457427802832e-01,6.235904307219842124e+00
4.430541992333468926e+01,2.051536871729265243e+00,-1.474537627978216303e-01,6.263964368433409646e+00
4.440917968896310697e+01,2.044583386788993540e+00,-1.574067037826448190e-01,6.237761314119003586e+00
4.451293945459152468e+01,2.017168002535849158e+00,-1.475298403760778865e-01,6.118010073033474328e+00
4.461669922021994239e+01,2.039358541167636485e+00,-1.391835416004285342e-01,6.210053686143477414e+00
4.472045898584836010e+01,2.061252280268816239e+00,-1.368605049333798673e-01,6.301726912922075208e+00
4.482421875147677781e+01,2.064009757996567274e+00,-1.199877564225896032e-01,6.308887090733650282e+00
4.492797851710519552e+01,2.032791355962440427e+00,-1.098769253930913237e-01,6.174526147536559151e+00
4.503173828273361323e+01,2.037694631917607246e+00,-1.201163051113464109e-01,6.197846591926832183e+00
4.513549804836203094e+01,2.021433294683348869e+00,-1.229621601729589953e-01,6.129228360098853301e+00
4.523925781399044865e+01,2.013340202020070357e+00,-1.574452430146399684e-01,6.104821269235354286e+00
4.534301757961886636e+01,2.067380774774696395e+00,-1.520839757193573893e-01,6.331848397560028374e+00
4.544677734524728407e+01,2.100584977487331528e+00,-1.149545421800879236e-01,6.459792037258128339e+00
4.555053711087570179e+01,2.098951186442535644e+00,-1.429501676112268360e-01,6.460144350696205962e+00
4.565429687650411950e+01,2.119662683812395532e+00,-1.745208835830811267e-01,6.554676274470114805e+00
4.575805664213253721e+01,2.075541306407788333e+00,-1.712506984529665044e-01,6.372093005374379615e+00
4.586181640776095492e+01,2.075336706668357234e+00,-1.544280564156136903e-01,6.365751948769884372e+00
4.596557617338937973e+01,2.075467127598910722e+00,-1.328611655620588194e-01,6.360077895391290426e+00
4.606933593901779744e+01,2.067898317098478156e+00,-1.347094135951937555e-01,6.328974452853247001e+00
4.617309570464621515e+01,2.058353455156524348e+00,-1.841541437461873265e-01,6.305022881125688983e+00
4.627685547027463286e+01,2.087883716734240114e+00,-2.305204727206724147e-01,6.446746891973148763e+00
4.638061523590305057e+01,2.063402678408011504e+00,-1.868304317731024344e-01,6.327139687365921361e+00
4.648437500153146829e+01,2.099831796659627159e+00,-1.485923240342407192e-01,6.465383320451305593e+00
4.658813476715988600e+01,2.102275747232060787e+00,-1.194499711366645706e-01,6.467791955598118925e+00
4.669189453278830371e+01,2.088474904583647707e+00,-1.356125572332604889e-01,6.414858296293852291e+00
4.679565429841672852e+01,2.109735904494272063e+00,-1.726927865808872975e-01,6.513563723870076316e+00
4.689941406404514623e+01,2.130300190320990605e+00,-1.625475762361331677e-01,6.594027844757224699e+00
4.700317382967356394e+01,2.144975727558469547e+00,-1.087611983053031472e-01,6.639599052926800304e+00
4.710693359530198165e+01,2.141718665467084115e+00,-1.528380751605196708e-01,6.637309122685942420e+00
4.721069336093039936e+01,2.110266670894120011e+00,-1.931928126266464485e-01,6.522994285795076230e+00
4.731445312655881708e+01,2.088993453624040875e+00,-1.550065773067315356e-01,6.422587690967863416e+00
4.741821289218723479e+01,2.130485355884345733e+00,-1.637130251975901785e-01,6.595140117550773340e+00
4.752197265781565960e+01,2.123270066746517415e+00,-1.239245905185990260e-01,6.554873713226920806e+00
4.762573242344407731e+01,2.111607350347887824e+00,-1.203735424247823760e-01,6.506353443449880203e+00
4.772949218907249502e+01,2.111043339214894399e+00,-1.515568606970412735e-01,6.512269680254874515e+00
4.783325195470091273e+01,2.149528190314869303e+00,-1.553264345776605992e-01,6.669481067275734532e+00
4.793701172032933044e+01,2.171339341700247338e+00,-1.728157675760980394e-01,6.761977579260967097e+00
4.804077148595774815e+01,2.157764285881099475e+00,-1.270602483892763479e-01,6.695112949693983850e+00
4.814453125158616587e+01,2.145300931773851616e+00,-1.202520563157036398e-01,6.643388643224113821e+00
4.824829101721458358e+01,2.095473570382682116e+00,-1.678296591744727062e-01,6.453413256915422558e+00
4.835205078284300129e+01,2.129260021202179942e+00,-1.461881575565893154e-01,6.584997476908603709e+00
4.845581054847141900e+01,2.130316546250847320e+00,-8.532057091729619569e-02,6.575843551914491769e+00
4.855957031409983671e+01,2.190279289403320284e+00,-1.200659230827983287e-01,6.823020794381823073e+00
4.866333007972825442e+01,2.192036036994101433e+00,-2.123901759253938593e-01,6.857535202975001631e+00
4.876708984535667213e+01,2.191458103763732179e+00,-1.947151541333420333e-01,6.848814866054485861e+00
4.887084961098508984e+01,2.148928753302079553e+00,-2.084708173312741775e-01,6.685121669836049385e+00
4.897460937661350755e+01,2.113754933522828949e+00,-2.196280958319705434e-01,6.547728221008675575e+00
4.907836914224192526e+01,2.154008729062906635e+00,-1.745935298300564098e-01,6.693388742383134193e+00
4.918212890787035718e+01,2.222970423161252818e+00,-1.637709884238435221e-01,6.962181648762949315e+00
4.928588867349877489e+01,2.224100229677819840e+00,-1.420266756708556954e-01,6.960760960691549037e+00
4.938964843912719260e+01,2.223817593508614632e+00,-1.724787748337699433e-01,6.968030032039985500e+00
4.949340820475561031e+01,2.259489324220560924e+00,-1.863360911213311211e-01,7.109642296657509242e+00
4.959716797038402802e+01,2.212704365158963959e+00,-1.335240118377597762e-01,6.914253657662749575e+00
4.970092773601244573e+01,2.216691189598972489e+00,-1.537561623300386926e-01,6.934948635564756714e+00
4.980468750164086345e+01,2.225418127938461055e+00,-1.655509921953509933e-01,6.972200092675845617e+00
4.990844726726928116e+01,2.187890431274925440e+00,-1.961299335189114201e-01,6.835271538187216223e+00
5.001220703289769887e+01,2.175869077883480163e+00,-1.610931953898705749e-01,6.776395474596517587e+00
5.011596679852611658e+01,2.186979011468253908e+00,-1.933490943174442367e-01,6.830705605836237204e+00
5.021972656415453429e+01,2.223320086683085339e+00,-1.675015950479619431e-01,6.964620214869925441e+00
5.032348632978295200e+01,2.230237981949410031e+00,-1.301164254084385685e-01,6.981781494885983541e+00
5.042724609541136971e+01,2.208036017086992597e+00,-2.344525993597211810e-01,6.928813684836403475e+00
5.053100586103978742e+01,2.195927028527985936e+00,-2.022785347320244231e-01,6.869053519748787195e+00
5.063476562666820513e+01,2.215004955465073255e+00,-1.724193533477367812e-01,6.933729853670349996e+00
5.073852539229662995e+01,2.198771662749890776e+00,-2.081306054858780008e-01,6.882342437332708229e+00
5.084228515792504766e+01,2.151891346742438760e+00,-1.598327444361101746e-01,6.680300291534269519e+00
5.094604492355346537e+01,2.199796895334387603e+00,-9.961607497875782369e-02,6.856548480115781885e+00
5.104980468918188308e+01,2.263127320599527259e+00,-1.781498650101787373e-01,7.121008177292683428e+00
5.115356445481030079e+01,2.250520570846943347e+00,-2.383007399556474060e-01,7.094082076848925666e+00
5.125732422043871850e+01,2.201135150789917283e+00,-1.812553584469375201e-01,6.882283927388214373e+00
5.136108398606713621e+01,2.180478166956843378e+00,-1.272595818289292136e-01,6.785802900650081071e+00
5.146484375169555392e+01,2.174852040039095158e+00,-1.957473764357797463e-01,6.783634285848036960e+00
5.156860351732397163e+01,2.186671152927754491e+00,-1.747171158510260336e-01,6.823307451190818718e+00
5.167236328295238934e+01,2.210629847369201872e+00,-1.291606489139977831e-01,6.905120955401743643e+00
5.177612304858080705e+01,2.186485135200960883e+00,-8.810295643224078099e-02,6.801976213777440883e+00
5.187988281420923187e+01,2.172964799846205164e+00,-2.313896860506739206e-01,6.790022255924608174e+00
5.198364257983764958e+01,2.221223377193708437e+00,-2.098484492075579355e-01,6.970435211658329244e+00
5.208740234546606729e+01,2.210864042715968036e+00,-2.034749629336929655e-01,6.927871777347145432e+00
5.219116211109448500e+01,2.156336726941783244e+00,-2.052453698119445225e-01,6.713500192554758605e+00
5.229492187672290271e+01,2.222807205348731774e+00,-1.040190933253627159e-01,6.947536096294859576e+00
5.239868164235132753e+01,2.210074071739035695e+00,-2.220577461934382935e-01,6.931759990543714167e+00
5.250244140797974524e+01,2.256245425947218664e+00,-2.371256359049346840e-01,7.115433668071577955e+00
5.260620117360816295e+01,2.225561409184205530e+00,-1.877106258932722815e-01,6.979576893006016469e+00
5.270996093923658066e+01,2.259868634783891217e+00,-1.052958043635333490e-01,7.091082115446719847e+00
5.281372070486499837e+01,2.267939814795083109e+00,-1.653037191946849505e-01,7.135641504519801614e+00
5.291748047049341608e+01,2.354918732092062594e+00,-2.128231183547365235e-01,7.474845142307663615e+00
5.302124023612183379e+01,2.311348846734532003e+00,-1.812168340466571437e-01,7.303924491902032301e+00
5.312500000175025150e+01,2.194337584535897445e+00,-1.506330807286546114e-01,6.846486067984570489e+00
5.322875976737866921e+01,2.187739696442621451e+00,-1.627134063411272702e-01,6.823870429853487352e+00
5.333251953300708692e+01,2.179663832536121060e+00,-2.532661856110045018e-01,6.826033432669414758e+00
5.343627929863550463e+01,2.219415432659983978e+00,-2.445372402298138237e-01,6.977177212605044865e+00
5.354003906426392234e+01,2.201411622067741991e+00,-2.039560596970518003e-01,6.891144225582390703e+00
5.364379882989234005e+01,2.213990644782330985e+00,-1.740209416307690604e-01,6.930264020200783470e+00
5.374755859552075776e+01,2.276163808284931367e+00,-2.050409418778370851e-01,7.179169883420209786e+00
5.385131836114917547e+01,2.259974713824696391e+00,-2.440085953411706421e-01,7.132406386211566307e+00
5.395507812677760029e+01,2.283634281013244394e+00,-2.382139393209870837e-01,7.219532752593966762e+00
5.405883789240601800e+01,2.261548699869908585e+00,-1.301505447872148835e-01,7.102478612558434712e+00
5.416259765803443571e+01,2.221571307922020289e+00,-1.939331038697456322e-01,6.966175095086173386e+00
5.426635742366286053e+01,2.240230659572210126e+00,-2.837458590630041466e-01,7.074973720751060569e+00
5.437011718929127824e+01,2.242623573542008142e+00,-2.741963335092922893e-01,7.079569620592093493e+00
5.447387695491969595e+01,2.218598122561945551e+00,-2.407144241145882657e-01,6.972399002964280612e+00
5.457763672054811366e+01,2.154775721287069956e+00,-2.562919708461835477e-01,6.729050782887738613e+00
5.468139648617653137e+01,2.172802947213512859e+00,-2.961096260299824756e-01,6.820325206540466034e+00
5.478515625180494908e+01,2.243781155190993193e+00,-2.635563295514123938e-01,7.079120110740534599e+00
5.488891601743336679e+01,2.235543642832491962e+00,-2.380580585718436448e-01,7.036633376296284936e+00
5.499267578306178450e+01,2.224940172755051737e+00,-2.315965099955043516e-01,6.993169291961819134e+00
5.509643554869020221e+01,2.138128605217594291e+00,-1.327555786616270994e-01,6.617386860616082167e+00
5.520019531431861992e+01,2.265364770525860383e+00,-1.323900759668286409e-01,7.117570230257314279e+00
5.530395507994703763e+01,2.359275730470267618e+00,-2.210258785285092731e-01,7.493524221505090566e+00
5.540771484557545534e+01,2.326996224857074136e+00,-2.503393232464177776e-01,7.385888248643420972e+00
5.551147461120387305e+01,2.263713766491203927e+00,-1.547643826255550858e-01,7.116682351587266808e+00
5.561523437683229787e+01,2.242552178024134868e+00,-1.074000277665300290e-01,7.024800843035884590e+00
5.571899414246071558e+01,2.251830822130893139e+00,-2.237676979553120116e-01,7.093390044205511558e+00
5.582275390808913329e+01,2.255138559938322906e+00,-3.344676589850801296e-01,7.157960471245780276e+00
5.592651367371755100e+01,2.217141947518273426e+00,-2.557100676020100938e-01,6.973257885157534197e+00
5.603027343934596871e+01,2.265633311547907702e+00,-1.739450914603251630e-01,7.129316655925640234e+00
5.613403320497438642e+01,2.266555178666964210e+00,-1.409088233655498568e-01,7.124078833206702654e+00
5.623779297060280413e+01,2.239647591522533343e+00,-2.804694689929131401e-01,7.071172908510041211e+00
5.634155273623122184e+01,2.207124697833764415e+00,-3.326765582290135415e-01,6.974100975874932828e+00
5.644531250185963955e+01,2.241870196705074036e+00,-2.380938357872594280e-01,7.060919692353833099e+00
5.654907226748805726e+01,2.348203656641031145e+00,-2.026488176478735692e-01,7.446939887161262206e+00
5.665283203311647497e+01,2.286512363009858273e+00,-2.698840451155306019e-01,7.243558530514574656e+00
5.675659179874489269e+01,2.231721842893820806e+00,-2.839025159307367874e-01,7.042520425584544164e+00
5.686035156437331040e+01,2.308125913733779733e+00,-1.635519308181790366e-01,7.286941409871785069e+00
5.696411133000173521e+01,2.259273292760380247e+00,-2.530841939225152992e-01,7.133533801929822005e+00
5.706787109563015292e+01,2.217161624928867703e+00,-2.819330273198731307e-01,6.985608715683650161e+00
5.717163086125857774e+01,2.359889969863548487e+00,-3.028759834635390003e-01,7.528789260581428167e+00
5.727539062688699545e+01,2.279604510262317696e+00,-3.128595768201592464e-01,7.238231347456105524e+00
5.737915039251541316e+01,2.255952821983081780e+00,-2.574873652706410887e-01,7.122811422211732690e+00
5.748291015814383087e+01,2.289230782641487938e+00,-2.329125272369617639e-01,7.238516781376642228e+00
5.758666992377224858e+01,2.324158408619112937e+00,-2.410247904675701380e-01,7.371771524308865509e+00
5.769042968940066629e+01,2.254615994271278012e+00,-2.566835805691670691e-01,7.117380519874191513e+00
5.779418945502908400e+01,2.277178904901058232e+00,-2.634322280615322698e-01,7.205677867928946156e+00
5.789794922065750171e+01,2.224957371503966996e+00,-2.343467461233500748e-01,6.994347722419775870e+00
5.800170898628591942e+01,2.227449821369693161e+00,-2.156125877635489130e-01,6.996661842237608120e+00
5.810546875191433713e+01,2.310981053363466042e+00,-2.675720586287355096e-01,7.333761026624446622e+00
5.820922851754275484e+01,2.286765250397444937e+00,-3.139656229941998333e-01,7.265535969167105534e+00
5.831298828317117255e+01,2.261576487311439454e+00,-2.251645849333228644e-01,7.131062533685544658e+00
5.841674804879959026e+01,2.305136358056964596e+00,-2.554882546174820912e-01,7.306957211509886640e+00
5.852050781442800798e+01,2.401002685979082951e+00,-2.541761474113407582e-01,7.656253028337529187e+00
5.862426758005642569e+01,2.316775972838587716e+00,-3.161756268976386175e-01,7.377822731024410885e+00
5.872802734568484340e+01,2.251615081882098579e+00,-2.393212733789633617e-01,7.098671418621607998e+00
5.883178711131326821e+01,2.250738288668950648e+00,-2.519464379909963081e-01,7.100580880559805408e+00
5.893554687694168592e+01,2.219632015970573580e+00,-3.083849063689960701e-01,7.008652530211732845e+00
5.903930664257010363e+01,2.289707235301160715e+00,-2.220997901711583566e-01,7.236270195488446078e+00
5.914306640819852134e+01,2.351398726525099736e+00,-2.118097672908063334e-01,7.461622387401524392e+00
5.924682617382693905e+01,2.305221290885479668e+00,-1.928656221441001906e-01,7.284546198368668790e+00
5.935058593945536387e+01,2.232462478328435473e+00,-2.854215257582132792e-01,7.046098161948748384e+00
5.945434570508378158e+01,2.297540419618055108e+00,-2.373219290830574091e-01,7.271355371975081638e+00
5.955810547071219929e+01,2.427474463921785119e+00,-2.465463258852446937e-01,7.747663297954147765e+00
5.966186523634061700e+01,2.390331995859503955e+00,-2.923192571194128675e-01,7.633634135534831167e+00
5.976562500196903471e+01,2.366009637575371638e+00,-2.571148295575408915e-01,7.531316514402865536e+00
5.986938476759745242e+01,2.288931052141537137e+00,-2.269417520429019286e-01,7.235137864587511736e+00
5.997314453322587013e+01,2.339975424042052055e+00,-2.726862807970897307e-01,7.442806812916411552e+00
6.007690429885428784e+01,2.152437229212395664e+00,-3.222204221518775724e-01,6.754861506926959080e+00
6.018066406448270556e+01,2.230790699574199731e+00,-2.906212413582479059e-01,7.042267134934768080e+00
6.028442383011112327e+01,2.321652922836236144e+00,-3.300089058356091565e-01,7.402819957722073241e+00
6.038818359573954808e+01,2.360253044415649093e+00,-3.497660106262824309e-01,7.553511539222945714e+00
6.049194336136796579e+01,2.257378018621756688e+00,-2.600502498282959429e-01,7.129342271134492037e+00
6.059570312699638350e+01,2.206797379742633680e+00,-2.348226242917620110e-01,6.924147301783028396e+00
6.069946289262480121e+01,2.376402181405784741e+00,-2.924764634296860843e-01,7.583690490634195314e+00
6.080322265825321892e+01,2.213166756216400799e+00,-3.769061058086560223e-01,7.024447803313755401e+00
6.090698242388163663e+01,2.229937576728511228e+00,-2.810839236131228436e-01,7.034315137931859141e+00
6.101074218951005435e+01,2.239557792853223095e+00,-3.095805644528041300e-01,7.085449014168067272e+00
6.111450195513847206e+01,2.297380539566125979e+00,-2.493017262618759666e-01,7.275500968884454522e+00
6.121826172076688977e+01,2.448467308924288321e+00,-2.617200882724045052e-01,7.827226346822497405e+00
6.132202148639530748e+01,2.348191861381653034e+00,-1.792734902208162617e-01,7.439911415724212773e+00
6.142578125202372519e+01,2.323848233871766311e+00,-1.034836789190123341e-01,7.332758874366144042e+00
6.152954101765214290e+01,2.262101538682045110e+00,-2.333796639605123235e-01,7.136223603475952970e+00
6.163330078328056061e+01,2.280064757488885707e+00,-2.774205722412156905e-01,7.222765907517518791e+00
6.173706054890897832e+01,2.306212933516025743e+00,-3.457824030688820272e-01,7.354538630374599428e+00
6.184082031453739603e+01,2.248802834405868811e+00,-3.807264213418039001e-01,7.161759243538448061e+00
6.194458008016581374e+01,2.227942055365545126e+00,-3.125999535412289365e-01,7.042744818967456411e+00
6.204833984579424566e+01,2.244190874633874344e+00,-2.693912843696659176e-01,7.083328718661077161e+00
6.215209961142266337e+01,2.241089112778031023e+00,-3.247270212340971907e-01,7.099419229414022148e+00
6.225585937705108108e+01,2.228342865240138249e+00,-3.016999732648217303e-01,7.038530003897215614e+00
6.235961914267949879e+01,2.306509825549791781e+00,-2.679737325705668916e-01,7.317335727492853437e+00
6.246337890830791650e+01,2.271582829497905021e+00,-3.337407183639977681e-01,7.219318561389352240e+00
6.256713867393633421e+01,2.111190588294719728e+00,-3.299682275795869923e-01,6.595363571724951690e+00
6.267089843956475192e+01,2.141611220050045006e+00,-4.337765589888943341e-01,6.789425168109776365e+00
6.277465820519316964e+01,2.189684588730082204e+00,-2.060116148265245528e-01,6.845903975523150109e+00
6.287841797082158735e+01,2.159495094650912161e+00,-9.759965280986314384e-02,6.695906467883878221e+00
6.298217773645000506e+01,2.158317987061634913e+00,-2.962304090352042563e-01,6.763358769190239705e+00
6.308593750207842277e+01,2.311096069757239135e+00,-3.078130201805514554e-01,7.352725692032197280e+00
6.318969726770684048e+01,2.281981594808815128e+00,-2.616356337943547272e-01,7.222959958548255344e+00
6.329345703333525819e+01,2.243733487160420204e+00,-1.830608474640075811e-01,7.048238578598730264e+00
6.339721679896367590e+01,2.248239808298245546e+00,-2.680415319877084701e-01,7.098149043747246978e+00
6.350097656459209361e+01,2.083420166449915456e+00,-2.986029408182360179e-01,6.463844429469940422e+00
6.360473633022051843e+01,2.055999234653500984e+00,-2.988027070522429329e-01,6.351232847115968028e+00
6.370849609584893614e+01,2.225990064369791188e+00,-4.115524119280664639e-01,7.096436288595914021e+00
6.381225586147735385e+01,2.232309497809121357e+00,-4.247435513783504590e-01,7.129536668845863012e+00
6.391601562710577156e+01,2.174931762136434354e+00,-2.985574137320008981e-01,6.829988035760586662e+00
6.401977539273418927e+01,2.211383872171580833e+00,-3.241016432175489181e-01,6.985581418186155744e+00
6.412353515836261408e+01,2.133141894705966823e+00,-3.973119992812133017e-01,6.728503985753476968e+00
6.422729492399102469e+01,2.205943969287881945e+00,-3.870473936257511904e-01,7.003570499382960612e+00
6.433105468961944950e+01,2.191051197039188381e+00,-4.217808686112867744e-01,6.971076228881654124e+00
6.443481445524786011e+01,2.199271403429243321e+00,-3.565012266326273993e-01,6.958219591419010364e+00
6.453857422087628493e+01,2.230904312088132002e+00,-3.717211107076537902e-01,7.088550314296541366e+00
6.464233398650469553e+01,2.211444879521851092e+00,-2.703832234720106031e-01,6.957963858946731861e+00
6.474609375213312035e+01,2.060116772349554370e+00,-3.004792920246046051e-01,6.369258736161132362e+00
6.484985351776153095e+01,2.211957513182752688e+00,-3.100805184598230402e-01,6.980053183428395869e+00
6.495361328338995577e+01,2.271889605627924968e+00,-3.543619835347721625e-01,7.232138114974366871e+00
6.505737304901836637e+01,2.292583846924454161e+00,-5.269965528222421147e-01,7.430129473844413468e+00
6.516113281464679119e+01,2.272735839230020094e+00,-3.052500559666099234e-01,7.208623565765908126e+00
6.526489258027521601e+01,2.260864167258545443e+00,-1.720678169653560852e-01,7.110572439342042195e+00
6.536865234590362661e+01,2.182176857468120623e+00,-2.568982370303145024e-01,6.837575950684606774e+00
6.547241211153205143e+01,2.115261128421089154e+00,-4.119088898136404886e-01,6.668920777965363200e+00
6.557617187716046203e+01,2.186142311130718330e+00,-4.722555705895066791e-01,6.991648310361588514e+00
6.567993164278888685e+01,2.144976178983732495e+00,-4.107571990437212106e-01,6.784859910247071468e+00
6.578369140841731166e+01,2.129032004908486098e+00,-2.538140023505641163e-01,6.624932870966434351e+00
6.588745117404572227e+01,1.913971153013426685e+00,-3.686763967725566471e-01,5.796930550780114544e+00
6.599121093967414708e+01,2.028351113722095977e+00,-2.770625398294844777e-01,6.223147480681286758e+00
6.609497070530255769e+01,2.119325106879289766e+00,-2.916176609179576551e-01,6.605410364241465437e+00
6.619873047093098251e+01,2.221228617520245585e+00,-3.300018388439328043e-01,7.026681085132758575e+00
6.630249023655939311e+01,2.107390001565465187e+00,-3.775053139946231151e-01,6.612069837081254953e+00
6.640625000218781793e+01,2.199308285706528920e+00,-2.973898702304575425e-01,6.924413006465307774e+00
6.651000976781622853e+01,2.105948625535485785e+00,-2.454998451121366554e-01,6.527576936194554591e+00
6.661376953344465335e+01,2.186035198724587847e+00,-1.089666606575571683e-01,6.803920517203323470e+00
6.671752929907306395e+01,2.384347247167709849e+00,-2.462237999708280778e-01,7.593458152859460242e+00
6.682128906470148877e+01,2.153980862949751440e+00,-4.623313427124836616e-01,6.860446387226542875e+00
6.692504883032991359e+01,2.021049742824111206e+00,-2.685152685280318141e-01,6.187531231575619017e+00
6.702880859595832419e+01,2.006561570190970478e+00,-1.947706458203016244e-01,6.089777364939589432e+00
6.713256836158674901e+01,2.112208999041962798e+00,-2.987503337673711457e-01,6.580761654231677582e+00
6.723632812721515961e+01,2.215946592259715686e+00,-2.601710914156707966e-01,6.970643402607286987e+00
6.734008789284358443e+01,2.124148858358645864e+00,-1.572403932373462321e-01,6.567432122598861000e+00
6.744384765847199503e+01,2.136335139783234194e+00,-2.671898594689771089e-01,6.660795571818335148e+00
6.754760742410041985e+01,2.250138022027042162e+00,-3.629778794167552447e-01,7.155750232900696339e+00
6.765136718972883045e+01,2.153290446912328626e+00,-4.168753917356529670e-01,6.821852391717831310e+00
6.775512695535725527e+01,1.968614512500207248e+00,-3.973071112484071743e-01,6.056600999128774809e+00
6.785888672098566587e+01,1.996666199859161717e+00,-3.771805070874761912e-01,6.158386822313923759e+00
6.796264648661409069e+01,2.076297953036610799e+00,-4.285071136106158307e-01,6.526940946555445322e+00
6.806640625224250130e+01,2.165067639569906888e+00,-3.339590606999673916e-01,6.811549614677087305e+00
6.817016601787092611e+01,2.227353845382701092e+00,-3.174855808614815422e-01,7.043137539842580175e+00
6.827392578349935093e+01,2.138293466261171449e+00,-4.408952935912950344e-01,6.782166907000809708e+00
6.837768554912776153e+01,2.167736868775560488e+00,-4.225368014409836004e-01,6.882080055928380347e+00
6.848144531475618635e+01,2.319139427120686658e+00,-4.666048063281620917e-01,7.478876184017082096e+00
6.858520508038461116e+01,2.127842532918045926e+00,-3.896786668139603504e-01,6.702053270784769090e+00
6.868896484601302177e+01,1.940523584483123232e+00,-2.639339753863773064e-01,5.837985393364949260e+00
6.879272461164143238e+01,2.293045234588401371e+00,-4.314820526850731142e-01,7.359367204068054669e+00
6.889648437726985719e+01,2.198842426304255415e+00,-3.626121590805109207e-01,6.960413099199857179e+00
6.900024414289826780e+01,1.781127953168270661e+00,-3.035845039944283785e-01,5.138273604340460210e+00
6.910400390852669261e+01,2.036572468632556365e+00,-3.602549672995035146e-01,6.311809881908313713e+00
6.920776367415510322e+01,2.167253907996100626e+00,-3.337787762586822415e-01,6.820003873562594521e+00
6.931152343978354224e+01,2.064242154207772462e+00,-3.346536544371452315e-01,6.407882902292440619e+00
6.941528320541195285e+01,2.029787841523817971e+00,-3.391826911061547323e-01,6.268619855702805665e+00
6.951904297104037767e+01,2.146374590792082149e+00,-2.582727331630179646e-01,6.696542055193632770e+00
6.962280273666878827e+01,2.244064046004347279e+00,-3.946705435059531530e-01,7.153002433829680484e+00
6.972656250229721309e+01,2.289678456346730062e+00,-4.235113964825994448e-01,7.341586591051660449e+00
6.983032226792562369e+01,2.258952594463736752e+00,-2.315983272391790304e-01,7.123554102861307413e+00
6.993408203355404851e+01,2.033483736610230963e+00,-4.394980144701184366e-01,6.363087868493594534e+00
7.003784179918245911e+01,1.926897273190720794e+00,-5.271108753155434590e-01,6.010576756595307657e+00
7.014160156481088393e+01,2.004466408117096421e+00,-5.929632870501265751e-01,6.404308532330530213e+00
7.024536133043929453e+01,2.088619031101205614e+00,-4.411073847025298589e-01,6.586699920675181730e+00
7.034912109606771935e+01,2.020222388790356316e+00,-2.065202346452357784e-01,6.153132971367881510e+00
7.045288086169612995e+01,2.003829393747836196e+00,-7.126577093415262243e-02,6.042704578955122585e+00
7.055664062732455477e+01,2.069685569305335093e+00,-2.423663687380313292e-01,6.377238064313845989e+00
7.066040039295296538e+01,2.058427384803660054e+00,-3.955380487512238363e-01,6.428179105845518215e+00
7.076416015858139019e+01,2.141091072200166590e+00,-4.543203281122580317e-01,6.803969757869785084e+00
7.086791992420981501e+01,2.160063090021328236e+00,-5.721208569186334580e-01,6.983785119764018390e+00
7.097167968983822561e+01,2.359411650097031021e+00,-3.894118659635570356e-01,7.572794624798492080e+00
7.107543945546665043e+01,2.182418210170939510e+00,-2.102359390568190600e-01,6.818875287791001050e+00
7.117919922109506103e+01,2.044782011115870990e+00,-3.219674095494339250e-01,6.319301991424898013e+00
7.128295898672348585e+01,1.897955459444623294e+00,-4.231127389121389082e-01,5.776364619665134370e+00
7.138671875235189646e+01,1.952720628002161840e+00,-4.383713868089599841e-01,6.026336761416398957e+00
7.149047851798032127e+01,2.138389287758442503e+00,-3.708897798217624664e-01,6.730456155484393577e+00
7.159423828360873188e+01,2.138377723231605909e+00,-2.751008217718950988e-01,6.672978633316516195e+00
7.169799804923715669e+01,2.096776493174597800e+00,-3.783495409549155752e-01,6.570195042809809927e+00
7.180175781486556730e+01,2.118769453297622896e+00,-4.649766939843119617e-01,6.725953780205086829e+00
7.190551758049399211e+01,2.167401033696474411e+00,-5.563534453608397490e-01,6.995911566690955041e+00
7.200927734612240272e+01,2.194959871156556996e+00,-4.515069443832795959e-01,7.008514003275160498e+00
7.211303711175082753e+01,2.125650761239777697e+00,-4.093138474234950808e-01,6.707957025506612325e+00
7.221679687737923814e+01,2.123316868044516248e+00,-4.440407412736470660e-01,6.726193174177277356e+00
7.232055664300766296e+01,2.185854253711990047e+00,-3.199717447390205138e-01,6.884501446576561712e+00
7.242431640863607356e+01,1.960368339825045103e+00,-4.222031586026091521e-01,6.043664236423161640e+00
7.252807617426451259e+01,1.786779036377558194e+00,-4.053431437789918323e-01,5.259361256737841828e+00
7.263183593989292319e+01,2.048694981761659761e+00,-3.001390249709809943e-01,6.321772452224686312e+00
7.273559570552134801e+01,2.208600954587296439e+00,-3.570170342890683912e-01,6.994369966515224135e+00
7.283935547114975861e+01,2.011662041668836221e+00,-4.639360440252184303e-01,6.296155672038789675e+00
7.294311523677818343e+01,2.150574606837064806e+00,-5.548823667777055269e-01,6.930992811973808898e+00
7.304687500240659404e+01,2.097912040882031981e+00,-6.930841614531609851e-01,6.885622424441857348e+00
7.315063476803501885e+01,1.985909581075719466e+00,-6.363196950760803272e-01,6.383634049952416234e+00
7.325439453366344367e+01,1.859559068580050267e+00,-6.188100106446738913e-01,5.844313899417347358e+00
7.335815429929185427e+01,1.862995852699613097e+00,-8.724286717611333675e-01,6.265338917127911245e+00
7.346191406492027909e+01,1.968808314645798196e+00,-5.794347760045575058e-01,6.244832935972501886e+00
7.356567383054868969e+01,2.218958503486079259e+00,-3.807012152600089960e-01,7.048974662013519854e+00
7.366943359617711451e+01,1.923028732858816925e+00,-2.833962580142987409e-01,5.773025241361638749e+00
7.377319336180552511e+01,1.845010637284169253e+00,-2.281419957724312164e-01,5.385879363521487662e+00
7.387695312743394993e+01,1.795124048540871264e+00,-7.366375368127867085e-02,5.089196276314518208e+00
7.398071289306236054e+01,1.943142294241974932e+00,-1.922387772023538555e-01,5.812392094568023637e+00
7.408447265869078535e+01,2.127922662094416495e+00,-4.189214440963475727e-01,6.724257680236696899e+00
7.418823242431919596e+01,1.948972104784652215e+00,-4.552944110998894955e-01,6.026876648058959951e+00
7.429199218994762077e+01,1.944804248142685266e+00,-3.109407173536171132e-01,5.887139232805472133e+00
7.439575195557603138e+01,2.061458219903623768e+00,-3.047990412968863971e-01,6.377410720432332703e+00
7.449951172120445619e+01,1.985695263509596353e+00,-4.136249984596308549e-01,6.142718160717520526e+00
7.460327148683286680e+01,2.040417392035996258e+00,-3.400101344636107803e-01,6.313331544569376064e+00
7.470703125246129161e+01,2.139358841984931647e+00,-3.570177309809849930e-01,6.724966634232803386e+00
7.481079101808970222e+01,1.956846659897590657e+00,-2.358226574678334020e-01,5.893755040844296467e+00
7.491455078371812704e+01,1.773430576676921167e+00,-4.898091124109442696e-01,5.295546927476820542e+00
7.501831054934653764e+01,2.010127763544876878e+00,-6.320673064735632396e-01,6.473949722917044625e+00
7.512207031497496246e+01,1.887633257819864907e+00,-5.026379256865091127e-01,5.815860817337816790e+00
7.522583008060337306e+01,1.814384398757487027e+00,-4.360178169742870979e-01,5.418415239224567692e+00
7.532958984623179788e+01,2.018768853447450606e+00,-5.067580722573447050e-01,6.367116485485765587e+00
7.543334961186020848e+01,2.025468676105179000e+00,-6.061774679901914542e-01,6.503050437194220379e+00
7.553710937748863330e+01,2.100189909664614607e+00,-4.943044351716351925e-01,6.679322364132823431e+00
7.564086914311704390e+01,1.880574497450026028e+00,-4.917927865839155643e-01,5.773102986757979949e+00
7.574462890874548293e+01,1.853544174404993861e+00,-5.051403880190289408e-01,5.671196668454624223e+00
7.584838867437390775e+01,1.855301581636826347e+00,-3.033847439583050587e-01,5.482894343311350838e+00
7.595214844000231835e+01,1.836523569948161905e+00,-3.828468151931693764e-01,5.464674582455915974e+00
7.605590820563074317e+01,1.659431976658793495e+00,-4.554626720033169152e-01,4.714619813783545332e+00
7.615966797125915377e+01,1.747741208111699640e+00,-4.465159882273921355e-01,5.124143265181438700e+00
7.626342773688757859e+01,1.819524079306919173e+00,-5.084134076136633817e-01,5.525650520132304955e+00
7.636718750251598919e+01,1.713541856153457887e+00,-4.770879506627379585e-01,5.002143210497155934e+00
7.647094726814441401e+01,1.869774875797531877e+00,-4.639234917872437358e-01,5.695240830947147614e+00
7.657470703377282462e+01,1.623122314523078424e+00,-3.501952017640543868e-01,4.404623988433179704e+00
7.667846679940124943e+01,1.771003177651798932e+00,-3.144258916744503418e-01,5.099166916371081548e+00
7.678222656502966004e+01,1.704642652536390468e+00,-3.385425768873764341e-01,4.800669993171239547e+00
7.688598633065808485e+01,1.370521753822848909e+00,-5.743259155777634684e-01,3.440344986079083789e+00
7.698974609628649546e+01,1.426911708033307136e+00,-1.795459543043081141e-01,3.156164237889326873e+00
7.709350586191492027e+01,1.727429512924445465e+00,-3.663706945680404448e-01,4.939095672266616610e+00
7.719726562754333088e+01,1.884409519484372186e+00,-5.394992731966467003e-01,5.845639961717168376e+00
7.730102539317175570e+01,1.819447889194218071e+00,-4.510603434873802775e-01,5.457827307091326574e+00
7.740478515880016630e+01,1.899534039573669508e+00,-5.648046325610449614e-01,5.940867613668093128e+00
7.750854492442859112e+01,1.910809549967690257e+00,-5.123980380474091323e-01,5.925925131031152482e+00
7.761230469005700172e+01,1.753530100952072512e+00,-5.014910602383739757e-01,5.219693929740757632e+00
7.771606445568542654e+01,1.838125279777377274e+00,-4.276970285174839792e-01,5.516487144924715480e+00
7.781982422131383714e+01,1.853843960503328780e+00,-3.334943833013429559e-01,5.499782171579061796e+00
7.792358398694226196e+01,1.670787209154567465e+00,-5.483819072056655974e-01,4.902749653787274120e+00
7.802734375257067256e+01,1.902226866660275739e+00,-7.192150697037416052e-01,6.165529520076827197e+00
7.813110351819909738e+01,1.928805244962226162e+00,-4.372890100704698857e-01,5.923445949193677507e+00
7.823486328382750798e+01,1.897267879657385636e+00,-5.438225909866989394e-01,5.905485388210575337e+00
7.833862304945593280e+01,1.714935133351277896e+00,-7.368454638427743841e-01,5.420711343912040014e+00
7.844238281508435762e+01,1.668165829419492097e+00,-6.336563220994282375e-01,5.030136452864955032e+00
7.854614258071276822e+01,2.020374368220993588e+00,-5.833833444228869736e-01,6.456431643432800627e+00
7.864990234634119304e+01,1.860125911073859939e+00,-6.022527330805876877e-01,5.823789370653818409e+00
7.875366211196960364e+01,1.625834862997824315e+00,-3.275381957387142329e-01,4.394306393117394904e+00
7.885742187759802846e+01,1.489501188988858971e+00,-4.134335564587607315e-01,3.783145043314896760e+00
7.896118164322645328e+01,1.444970366228439218e+00,-4.766237360304452775e-01,3.645715455374372027e+00
7.906494140885487809e+01,1.569461593516657150e+00,-4.420329412048938367e-01,4.246534601983776192e+00
7.916870117448328870e+01,1.992922734107912541e+00,-4.650224474382255169e-01,6.220053146154956636e+00
7.927246094011171351e+01,1.879909965622459822e+00,-5.153771388266131792e-01,5.797464598875738062e+00
7.937622070574012412e+01,1.934075875116831877e+00,-6.404853975901820817e-01,6.181392403513493505e+00
7.947998047136854893e+01,1.640801927221039902e+00,-5.547694057705467863e-01,4.771212631089699840e+00
7.958374023699695954e+01,1.601788651770980065e+00,-5.778486605493805550e-01,4.623434769575477610e+00
7.968750000262538435e+01,1.565611516722559049e+00,-7.107137447521840734e-01,4.707416646579511088e+00
7.979125976825379496e+01,1.644234371557569130e+00,-8.207540975645383208e-01,5.285495736706284475e+00
7.989501953388221978e+01,1.462614051755561917e+00,-7.564872636868709144e-01,4.332116660416282627e+00
7.999877929951063038e+01,1.701967794054606298e+00,-5.863443233978816727e-01,5.106112266999929261e+00
8.010253906513905520e+01,1.889251583959391301e+00,-5.700972971483658780e-01,5.904274503150563902e+00
8.020629883076746580e+01,1.578318251592665478e+00,-5.142379250454812700e-01,4.402050091760249195e+00
8.031005859639589062e+01,1.510955592773320921e+00,-5.964729140396122231e-01,4.214010015182180879e+00
8.041381836202430122e+01,1.770991572872194109e+00,-3.296001596619906882e-01,5.112210470670466300e+00
8.051757812765272604e+01,1.809302796070651143e+00,-4.562206726039109150e-01,5.417930825706784859e+00
8.062133789328113664e+01,1.615156129979919752e+00,-6.729321704189279441e-01,4.859437723543925891e+00
8.072509765890956146e+01,1.440945857558894483e+00,-3.509036485583515441e-01,3.423157394175340151e+00
8.082885742453797207e+01,1.508650425301658826e+00,-3.147676032122647682e-01,3.756827681733904800e+00
8.093261719016639688e+01,1.761028179857775600e+00,-3.527303978483664615e-01,5.086157591754955298e+00
8.103637695579482170e+01,1.670374767429238849e+00,-5.243642427019103991e-01,4.864460257077116268e+00
8.114013672142323230e+01,1.826707549421636712e+00,-6.199404539515385171e-01,5.706814527760476707e+00
8.124389648705165712e+01,1.957822570372066417e+00,-6.727533779824935722e-01,6.320183545250862345e+00
8.134765625268006772e+01,1.607720821578493497e+00,-9.242297892749754551e-01,5.364280012608833914e+00
8.145141601830849254e+01,1.442200621644617042e+00,-8.005117311002819536e-01,4.346904997957397931e+00
8.155517578393690314e+01,1.392161635735976732e+00,-5.885068302382853167e-01,3.587824762730595918e+00
8.165893554956532796e+01,1.310758577362529431e+00,-5.467064329735605854e-01,3.047007245405463749e+00
8.176269531519373857e+01,1.221614306680929296e+00,-7.671248704722990475e-01,3.182349478411101273e+00
8.186645508082216338e+01,1.725968742255912680e+00,-6.892311072029371211e-01,5.383232911402488163e+00
8.197021484645057399e+01,1.545729167008356608e+00,-5.867541356442024236e-01,4.367284636272597886e+00
8.207397461207899880e+01,1.542048451499606010e+00,-5.985817989704401709e-01,4.371499966680563176e+00
8.217773437770742362e+01,1.419287589388130932e+00,-8.117165019496714873e-01,4.270413529481894344e+00
8.228149414333584843e+01,1.722100396209821138e+00,-8.641439245580063711e-01,5.696517805227466980e+00
8.238525390896425904e+01,1.550388250737176232e+00,-8.867258624770913977e-01,5.037888428440428612e+00
8.248901367459268386e+01,1.483428221772603361e+00,-3.505855712351452214e-01,3.661369818675026533e+00
8.259277344022109446e+01,1.473140125360532515e+00,-4.789421863199725959e-01,3.801257219361840356e+00
8.269653320584951928e+01,1.640688416449732623e+00,-7.203711265784461526e-01,5.066123128742862747e+00
8.280029297147792988e+01,1.798553905126852426e+00,-7.617045340400611098e-01,5.814933978493495914e+00
8.290405273710635470e+01,1.675506276823302443e+00,-1.044176131638145044e+00,5.908000609028936978e+00
8.300781250273476530e+01,1.344952601033387651e+00,-8.949532788400647032e-01,4.166136951216649287e+00
8.311157226836319012e+01,1.260149398405994381e+00,-1.300170604891753401e+00,5.156646048022595963e+00
8.321533203399160072e+01,1.528589010083997834e+00,-7.169204360928269626e-01,4.549300759870619437e+00
8.331909179962002554e+01,1.184395420136842514e+00,-2.692556684494848418e-01,1.688777301724045055e+00
8.342285156524845036e+01,1.550507857664426004e+00,-5.926015997538668367e-01,4.401612116724510138e+00
8.352661133087686096e+01,1.617319686894852282e+00,-8.849168631244020977e-01,5.313257149038919103e+00
8.363037109650528578e+01,1.108890402266935249e+00,-6.036987330758130099e-01,2.025128604230550078e+00
8.373413086213369638e+01,1.183104568432758130e+00,-4.168289401896771995e-01,1.968619958528592173e+00
8.383789062776212120e+01,1.276154332796340718e+00,-4.030743634235823269e-01,2.531049999623511404e+00
8.394165039339053180e+01,1.419191066380546262e+00,-7.815825666673389405e-01,4.191251039847636584e+00
8.404541015901895662e+01,1.626847100466721541e+00,-9.927932357578979072e-01,5.601781114727566901e+00
8.414916992464736722e+01,1.610361661829726287e+00,-9.669657821463637504e-01,5.475639667845934255e+00
8.425292969027579204e+01,1.278487646811112599e+00,-9.828308450164465748e-01,4.150547092562451468e+00
8.435668945590420265e+01,1.321970054862617872e+00,-1.070500597383054808e+00,4.614349469022074324e+00
8.446044922153262746e+01,1.072131222667234596e+00,-8.399850935341517388e-01,2.683533526660530022e+00
8.456420898716103807e+01,9.649009680951748935e-01,-6.525541722776463383e-01,1.325353041039855961e+00
8.466796875278946288e+01,9.984637491450076840e-01,-8.928178442122784997e-01,2.538354047225897414e+00
8.477172851841787349e+01,1.078353332072326420e+00,-8.553938397407935268e-01,2.775048174992815753e+00
8.487548828404629830e+01,1.279703336042904205e+00,-8.472901837162377658e-01,3.720907201754078297e+00
8.497924804967470891e+01,1.294110933240139261e+00,-5.979701505452191812e-01,3.079859811801242131e+00
8.508300781530313373e+01,1.482165563833430344e+00,-4.995756981218267834e-01,3.885258058674787129e+00
8.518676758093154433e+01,1.093647852629652029e+00,-8.470766278585321052e-01,2.818521697508860502e+00
8.529052734655996915e+01,1.164495504236469525e+00,-9.036721811706271978e-01,3.369944054387119969e+00
8.539428711218839396e+01,1.261775181809034807e+00,-6.619859849710966193e-01,3.075606539272648821e+00
8.549804687781681878e+01,1.265948731078653910e+00,-5.380468899068946431e-01,2.769488244475248884e+00
8.560180664344522938e+01,1.178142454949120399e+00,-5.262186576344265454e-01,2.213948623454775166e+00
8.570556640907365420e+01,1.216128172789131767e+00,-3.218588397711653060e-01,1.993604165151464436e+00
8.580932617470207902e+01,9.582899627047323232e-01,-4.453843090314748010e-01,4.793139626018169674e-01
8.591308594033048962e+01,1.285237529008729007e+00,-5.092417741114705354e-01,2.812976585710363686e+00
8.601684570595891444e+01,1.160929940973939534e+00,-1.005367866408154232e+00,3.726400927032516464e+00
8.612060547158732504e+01,8.633338290055664332e-01,-5.795376707175931008e-01,3.390973730522440777e-01
8.622436523721574986e+01,9.547968222767172497e-01,-4.931293722833759996e-01,6.251187089506073935e-01
8.632812500284416046e+01,7.315584430711545849e-01,-6.931166958523627963e-01,6.717778650101173532e-02
8.643188476847258528e+01,8.546322133985044811e-01,-1.196073279197886752e+00,3.346522566477744043e+00
8.653564453410099588e+01,1.254767817904868465e+00,-8.794287969158821605e-01,3.706679953125481930e+00
8.663940429972942070e+01,1.174463820924412261e+00,-7.259932471592684955e-01,2.802211965007867622e+00
8.674316406535783130e+01,9.757184342168344626e-01,-3.251913165097642944e-01,2.439364958844298104e-01
8.684692383098625612e+01,1.054533162348909592e+00,-8.029179691816004105e-01,2.447019167112994609e+00
8.695068359661466673e+01,1.104707447899970774e+00,-1.017837384059374850e+00,3.534106028318616310e+00
8.705444336224309154e+01,1.231043629924233551e+00,-1.139294004216291123e+00,4.492406287456429226e+00
8.715820312787150215e+01,8.385904687499112775e-01,-1.072674761365336904e+00,2.680781329035804017e+00
8.726196289349992696e+01,6.872922253275564053e-01,-9.593236729671075214e-01,1.438490039111209651e+00
8.736572265912833757e+01,9.655380219636224837e-01,-8.799912314111462130e-01,2.321440170086054522e+00
8.746948242475676238e+01,1.093968366877770659e+00,-8.019329240332794262e-01,2.647855335198316507e+00
8.757324219038517299e+01,7.794977609179619682e-01,-1.049287254790673529e+00,2.326456133114390923e+00
8.767700195601359781e+01,7.153904978485764454e-01,-9.923564522099742602e-01,1.750926511059540669e+00
8.778076172164200841e+01,7.927188899116803800e-01,-9.795886601803163174e-01,2.008497272933543076e+00
8.788452148727043323e+01,9.995333101826310296e-01,-9.474754818338154694e-01,2.780161893797810091e+00
8.798828125289884383e+01,7.998490682025950482e-01,-1.163718299212906260e+00,2.997248951908338732e+00
8.809204101852726865e+01,7.550711247311510110e-01,-1.077689653350094146e+00,2.384343826601502236e+00
8.819580078415567925e+01,7.211837859265797235e-01,-9.674344270412397195e-01,1.631719410029610628e+00
8.829956054978410407e+01,6.930842937801584558e-01,-1.014334568065870190e+00,1.787584376802987540e+00
8.840332031541251467e+01,6.966653283902958238e-01,-6.797754505023438920e-01,-2.344954755577870475e-01
8.850708008104093949e+01,9.289194129709689163e-01,-8.389901171114280132e-01,1.950123688706454583e+00
8.861083984666937852e+01,6.587516785129829966e-01,-7.657863072025931084e-01,8.762977081291910275e-02
8.871459961229778912e+01,4.382882148691490953e-01,-8.801480948942718152e-01,-1.468257211482595637e-01
8.881835937792621394e+01,8.937363520314698384e-01,-9.102592966022164944e-01,2.114774065615197429e+00
8.892211914355462454e+01,9.864944239848888463e-01,-8.197918048423015192e-01,2.162265809560987684e+00
8.902587890918304936e+01,7.045867596138405409e-01,-9.725227351507509388e-01,1.590384313960857776e+00
8.912963867481145996e+01,3.324926447714023903e-01,-9.655982991225298129e-01,1.825575734998403921e-01
8.923339844043988478e+01,3.684203603616901246e-01,-8.043855886823063628e-01,-1.063659730207752396e+00
8.933715820606829539e+01,5.838585237271955997e-01,-5.324141836621721913e-01,-2.045679617195092614e+00
8.944091797169672020e+01,1.101811902965629031e+00,-5.702671117059673334e-01,1.872933753574188342e+00
8.954467773732513081e+01,9.652732574564032442e-01,-8.961400179092970930e-01,2.392542684100197103e+00
8.964843750295355562e+01,1.601745188538742370e-01,-8.149528174540532355e-01,-1.612743097501929457e+00
8.975219726858196623e+01,1.562834892349504456e-01,-5.975134060247050405e-01,-4.185660247967360803e+00
8.985595703421039104e+01,3.971575384110918594e-01,-8.008484541743167151e-01,-9.740302323785186012e-01
8.995971679983880165e+01,5.752763012614851013e-01,-1.064575554768280918e+00,1.656193656639860290e+00
9.006347656546722646e+01,8.333656787172342151e-01,-9.332420129052478863e-01,1.946361517864226620e+00
9.016723633109563707e+01,9.912974132020768714e-01,-7.479211216206458346e-01,1.881003047602739287e+00
9.027099609672406189e+01,6.243338180473303467e-01,-7.843485795434381735e-01,2.164078512463359430e-02
9.037475586235247249e+01,3.886123335401414636e-01,-1.013792143249026001e+00,7.143793709211285758e-01
9.047851562798089731e+01,6.504170358129616192e-01,-1.063904605047686580e+00,1.917123311175119582e+00
9.058227539360930791e+01,6.288281701830578108e-01,-1.141255834204132347e+00,2.299094857045224760e+00
9.068603515923773273e+01,6.056260341951148485e-01,-1.225327409553655267e+00,2.714257281814625777e+00
9.078979492486614333e+01,3.520617441610658926e-01,-1.060148537699674876e+00,9.616669675929783168e-01
9.089355469049456815e+01,5.435698827680370826e-01,-9.468644970378584658e-01,7.628375828783058310e-01
9.099731445612297875e+01,5.282858987521025229e-01,-1.041241135774400695e+00,1.345815890350848809e+00
9.110107422175140357e+01,4.765818250032464315e-02,-1.074505553672765457e+00,6.327085179515146152e-01
9.120483398737982839e+01,3.368941405517213994e-01,-1.261877271709344051e+00,2.319362344453042013e+00
9.130859375300823899e+01,4.087335137433424914e-01,-9.442720299624594027e-01,2.477814403692729928e-01
9.141235351863666381e+01,2.946855893717907904e-01,-1.189728809404532628e+00,1.767550010957036566e+00
9.151611328426507441e+01,3.526300372729472277e-01,-1.266128661796163790e+00,2.374003901231882097e+00
9.161987304989349923e+01,5.180318792161024977e-01,-1.014354642431468889e+00,1.130311678504200001e+00
9.172363281552190983e+01,3.158638652152847559e-01,-1.108806190051042417e+00,1.235972424619034227e+00
9.182739258115034886e+01,2.689433204035108771e-01,-1.092737062249956370e+00,1.025725468493296599e+00
9.193115234677875947e+01,1.084544669022703273e-01,-8.485734088693908106e-01,-1.355843308481068821e+00
9.203491211240718428e+01,5.152374963909446548e-02,-8.398057474028423064e-01,-1.500106707517235849e+00
9.213867187803559489e+01,2.266111447698431203e-01,-9.450337519268993125e-01,-2.482498220996173233e-01
9.224243164366401970e+01,4.434969733775745993e-01,-1.090805985290386415e+00,1.419346778694353883e+00
9.234619140929243031e+01,3.163775200963004908e-01,-1.189826185035588901e+00,1.806364835611757647e+00
9.244995117492085512e+01,2.831013405740324673e-01,-9.197183929426838711e-01,-3.337574486199654800e-01
9.255371094054926573e+01,2.779910940027608413e-01,-8.726389061927344315e-01,-7.635311970686010641e-01
9.265747070617769054e+01,2.672047390382306653e-01,-8.497350381420735177e-01,-1.004815260578616254e+00
9.276123047180610115e+01,3.139087443557251889e-01,-8.493873845054431548e-01,-8.618740350241558268e-01
9.286499023743452597e+01,4.792089104315018777e-01,-9.376991544605337570e-01,4.490056254335285102e-01
9.296875000306293657e+01,3.584794284481937487e-01,-7.433543174475510940e-01,-1.667998692041425812e+00
9.307250976869136139e+01,3.306355212476305705e-01,-5.521237915352776859e-01,-3.828312932147426739e+00
9.317626953431977199e+01,1.735721076822015763e-01,-8.184535963927106472e-01,-1.549059517824817656e+00
9.328002929994819681e+01,1.221092809896878045e-01,-8.489996311447748356e-01,-1.332927209188472073e+00
9.338378906557660741e+01,3.368762964736897181e-01,-9.141810698470715923e-01,-2.263647459624881786e-01
9.348754883120503223e+01,2.413358129640320315e-01,-1.000852670622844443e+00,2.528498704389199325e-01
9.359130859683345705e+01,1.753993654270436520e-01,-1.193401781469772160e+00,1.628548593749795659e+00
9.369506836246186765e+01,2.242719891908825369e-01,-1.142793619587862519e+00,1.323478148595588433e+00
9.379882812809029247e+01,2.068896048614956018e-01,-1.036192046127031752e+00,4.785766357203257160e-01
9.390258789371870307e+01,2.747445114157048840e-01,-9.199319557185894336e-01,-3.538244850913281336e-01
9.400634765934712789e+01,1.584479074393490283e-01,-9.873665908635811395e-01,-6.409646335146329658e-06
9.411010742497553849e+01,7.212829129612023660e-02,-7.789540161764453297e-01,-2.132685546375570507e+00
9.421386719060396331e+01,3.563312542231280022e-01,-8.640709040418771414e-01,-5.869210241589268851e-01
9.431762695623237391e+01,4.059376640241409984e-01,-1.242014330452071880e+00,2.323314576281344745e+00
9.442138672186079873e+01,6.247310943473852879e-02,-9.891792268979630043e-01,-7.721180835814790699e-02
9.452514648748920933e+01,6.302808073331607475e-02,-1.132478217243900742e+00,1.094028537608716878e+00
9.462890625311763415e+01,1.484181131688407373e-01,-1.035630444027934471e+00,3.923891955681395594e-01
9.473266601874604476e+01,6.958133403646712956e-02,-1.055282437724051947e+00,4.862146074419532171e-01
9.483642578437446957e+01,1.768336915758402239e-01,-1.037931402531645064e+00,4.476380749508378498e-01
9.494018555000288018e+01,1.752558708034860635e-01,-8.730676025049651789e-01,-1.007478111393694142e+00
9.504394531563131920e+01,-6.545116566281516945e-02,-8.045756642915591339e-01,-1.860016924543363981e+00
9.514770508125972981e+01,-1.954217866058556852e-01,-9.625486100635131104e-01,-1.561244781776658375e-01
9.525146484688815463e+01,-1.449656594946327204e-01,-9.231001835436071223e-01,-5.892159126852832829e-01
9.535522461251656523e+01,-2.507026105870190369e-01,-1.001857446268932250e+00,2.798942153697915325e-01
9.545898437814499005e+01,-3.026292033225953526e-01,-1.127411108718586741e+00,1.343812107834895464e+00
9.556274414377340065e+01,5.467767741458973846e-02,-9.581875056527325851e-01,-3.568711451459249395e-01
9.566650390940182547e+01,-7.196492894654479833e-02,-9.675856278515067022e-01,-2.622539165387353655e-01
9.577026367503023607e+01,2.606074960173850735e-02,-9.431153971974050032e-01,-5.053884559496171214e-01
9.587402344065866089e+01,1.075416674494641817e-01,-8.879508148472451401e-01,-9.689814616809020453e-01
9.597778320628708570e+01,1.359903528143812084e-03,-9.688224792558991494e-01,-2.751073024362915009e-01
9.608154297191549631e+01,4.169041687535931379e-02,-9.005949836586528701e-01,-9.001127423528285654e-01
9.618530273754392113e+01,-1.089559410821181904e-03,-8.856451599116635931e-01,-1.054798356258127567e+00
9.628906250317233173e+01,1.219094818625689886e-01,-8.277942556670313534e-01,-1.548366646967467508e+00
9.639282226880075655e+01,-2.209742372349180750e-01,-9.056371358834461871e-01,-6.097610781214422015e-01
9.649658203442916715e+01,-1.053739055859194140e-01,-9.062584889763655172e-01,-7.966369780364048747e-01
9.660034180005759197e+01,7.485774653249857580e-03,-9.341408311928313113e-01,-5.914740096847945772e-01
9.670410156568600257e+01,5.429050825298995658e-02,-1.029385324657977163e+00,2.636229367236184173e-01
9.680786133131442739e+01,6.160183954274169038e-02,-9.810777751271329006e-01,-1.488425080114848809e-01
9.691162109694283799e+01,-2.775324863988934410e-01,-9.809530796789283080e-01,1.673809641845268315e-01
9.701538086257126281e+01,-3.090269912666255281e-01,-1.054112161149916238e+00,8.158136388037835474e-01
9.711914062819967342e+01,-1.963189230579806821e-01,-1.129469189835497600e+00,1.186752661866741443e+00
9.722290039382809823e+01,-2.441197880051806934e-02,-9.228359813828989067e-01,-6.944716025776889179e-01
9.732666015945650884e+01,-7.407385562776618027e-02,-9.927751804739326502e-01,-3.887127096352709088e-02
9.743041992508493365e+01,-5.036386850575755303e-02,-1.078325202042170750e+00,6.644585631812606197e-01
9.753417969071334426e+01,-7.608680350434082751e-02,-1.028144873385198776e+00,2.648059131020599200e-01
9.763793945634176907e+01,-6.748517712817107828e-02,-9.944864456517220619e-01,-2.806976608540043272e-02
9.774169922197017968e+01,7.091743233961027293e-02,-1.007344343731970238e+00,8.503044590721750562e-02
9.784545898759860449e+01,1.062442858720632072e-01,-9.802329260284484702e-01,-1.226920444505625041e-01
9.794921875322701510e+01,-9.367204578339398402e-02,-9.905720721869529788e-01,-4.361523044358008028e-02
9.805297851885543992e+01,-1.191769056595085446e-01,-1.026611082507481454e+00,2.862551560560196440e-01
9.815673828448385052e+01,-1.508008064625396272e-01,-9.552907388981707326e-01,-2.903918511275287995e-01
9.826049805011228955e+01,-9.625364426384598604e-02,-8.582758435244790540e-01,-1.273181191300003956e+00
9.836425781574071436e+01,-1.195324090003970913e-01,-9.695307563486060820e-01,-2.032514096872167220e-01
9.846801758136912497e+01,-5.314081488572140743e-02,-1.022154606578020930e+00,2.020543328967396302e-01
9.857177734699754978e+01,-1.123274252398899775e-01,-1.182939374193764825e+00,1.498233204747244418e+00
9.867553711262596039e+01,-1.213044289714833301e-01,-9.626221756476357472e-01,-2.624600458943298076e-01
9.877929687825438521e+01,-1.259195283162574674e-01,-9.544750553393774872e-01,-3.297725780271776319e-01
9.888305664388279581e+01,-5.080488328656734137e-02,-9.121645223998574581e-01,-7.850847958387017211e-01
9.898681640951122063e+01,-9.669107236330108657e-02,-9.123884520444934809e-01,-7.479012368861372995e-01
9.909057617513963123e+01,-2.768436075346151770e-01,-9.324672232123968341e-01,-2.404574150944484290e-01
9.919433594076805605e+01,-2.409899964199447575e-01,-8.678545691998260647e-01,-9.084650452855604907e-01
9.929809570639646665e+01,-1.912704524666765382e-01,-8.941155803291022108e-01,-7.777966693373665752e-01
9.940185547202489147e+01,-1.344993561751774147e-01,-9.755073744361566490e-01,-1.336049298532965557e-01
9.950561523765330207e+01,-1.083248969721430227e-01,-9.522557593538107934e-01,-3.690887005203751237e-01
9.960937500328172689e+01,-1.883059659808192510e-01,-1.027966927827449473e+00,3.829228754581123217e-01
9.971313476891013750e+01,-2.604666502375046488e-01,-9.684829334719367022e-01,2.512524360786992997e-02
9.981689453453856231e+01,-2.216531549364013642e-01,-9.708674072075941242e-01,-3.613711931940050137e-02
9.992065430016697292e+01,-2.114505831249724188e-01,-1.073946951371901326e+00,7.848342718781980976e-01
1.000244140657953977e+02,-1.418093297814307097e-01,-1.045797100099839838e+00,4.680778306881361317e-01
1.001281738314238083e+02,-2.338371102379884769e-01,-1.035491719817242640e+00,5.189420263377829690e-01
1.002319335970522332e+02,-3.719425351647004940e-01,-1.005803450026349077e+00,6.069097827651261934e-01
1.003356933626806438e+02,-3.181183482948169994e-01,-9.936178211201548427e-01,3.681872117887560747e-01
1.004394531283090686e+02,-2.161297457669668076e-01,-8.938099768231957398e-01,-7.283074149402112285e-01
1.005432128939374792e+02,-1.985538554527861987e-01,-8.964251990515994528e-01,-7.417151299209743254e-01
1.006469726595659040e+02,-2.248101194256773294e-01,-9.959650216880385765e-01,1.807019562000972690e-01
1.007507324251943146e+02,-2.948504898181324441e-01,-9.848248179224166066e-01,2.399968115882037956e-01
1.008544921908227394e+02,-2.898233306377594465e-01,-8.324463627816484079e-01,-1.095988184073146909e+00
1.009582519564511500e+02,-2.917993844417692828e-01,-8.910847996594184472e-01,-5.592269351765279950e-01
1.010620117220795748e+02,-2.229275542602209004e-01,-9.641333141324033296e-01,-9.106534260724641339e-02
1.011657714877079997e+02,-2.770219277163804006e-01,-1.000050607277541026e+00,3.215213339872210474e-01
1.012695312533364103e+02,-2.620531407460257034e-01,-9.279145853723427262e-01,-3.165841800895013436e-01
1.013732910189648351e+02,-2.490777941046417865e-01,-9.064784875223681482e-01,-5.367401520100076873e-01
1.014770507845932599e+02,-1.966938980746872623e-01,-8.914213220605803345e-01,-7.918795353585433849e-01
1.015808105502216847e+02,-2.093330749844345695e-01,-8.524537250550191514e-01,-1.132286591869207326e+00
1.016845703158500953e+02,-2.489240577540581534e-01,-7.930502053917316552e-01,-1.605899525006252437e+00
1.017883300814785201e+02,-2.458955889735150724e-01,-8.914544307759658670e-01,-6.795483419683516768e-01
1.018920898471069307e+02,-2.940332996764267182e-01,-9.147305910106242610e-01,-3.471002079592653278e-01
1.019958496127353555e+02,-3.164055421492358855e-01,-9.270430689743193176e-01,-1.794537157987758091e-01
1.020996093783637662e+02,-2.907011904991569362e-01,-9.062146548455407569e-01,-4.300020046921962380e-01
1.022033691439921910e+02,-2.203660042653815265e-01,-9.063451322869708893e-01,-6.046942858858571634e-01
1.023071289096206016e+02,-2.380266420843460684e-01,-8.854056342381991795e-01,-7.541070759453234462e-01
1.024108886752490264e+02,-2.682793495683195584e-01,-9.029991548598801376e-01,-5.188973579495635979e-01
1.025146484408774370e+02,-4.514305190789604239e-01,-9.243355791626487461e-01,2.456191969306381340e-01
1.026184082065058618e+02,-3.095167386981246271e-01,-9.600123925031623928e-01,7.502150984914451870e-02
1.027221679721342724e+02,-2.262906300036033325e-01,-1.029766240252016907e+00,4.595867990787808610e-01
1.028259277377626972e+02,-2.739010203216651340e-01,-9.502619332057872237e-01,-9.652481331171558487e-02
1.029296875033911078e+02,-3.423808469093153617e-01,-9.705956961184374343e-01,2.501103890670092755e-01
1.030334472690195327e+02,-2.686030965180891683e-01,-9.333332858118287279e-01,-2.536920538637631450e-01
1.031372070346479433e+02,-2.371145346737882076e-01,-9.396493922314907987e-01,-2.725843232882723122e-01
1.032409668002763681e+02,-2.504726068878890266e-01,-9.939188404284869938e-01,2.144202137689866783e-01
1.033447265659047787e+02,-2.256220195773389614e-01,-1.001755317683913127e+00,2.301322808307892376e-01
1.034484863315332035e+02,-1.600497224925725992e-01,-1.032367583530435784e+00,3.798344853762384288e-01
1.035522460971616141e+02,-2.076022953736995080e-01,-8.994125104488087663e-01,-6.953921248742317429e-01
1.036560058627900389e+02,-2.607773778793645580e-01,-8.695922771806404716e-01,-8.396972445571726507e-01
1.037597656284184637e+02,-1.740896133962284431e-01,-9.269653873273513423e-01,-5.081888418899900284e-01
1.038635253940468743e+02,-1.911301489920646524e-01,-9.794902468338082535e-01,-1.770366635799849528e-02
1.039672851596752992e+02,-3.191499876600280561e-01,-9.924958176630581663e-01,3.619145183399611332e-01
1.040710449253037098e+02,-2.602789434186382200e-01,-1.002884075579968837e+00,3.081078613065940108e-01
1.041748046909321346e+02,-2.378933897278187604e-01,-1.007426561080712712e+00,2.999279990506433236e-01
1.042785644565605452e+02,-4.030960461126615879e-01,-8.769490101115765546e-01,-3.080502417790857983e-01
1.043823242221889700e+02,-1.872013456321105218e-01,-8.602161743395956295e-01,-1.106892136040409147e+00
1.044860839878173806e+02,-2.045125172913956069e-01,-9.836532725914590714e-01,4.062926255757276506e-02
1.045898437534458054e+02,-2.862900036579801299e-01,-9.842586268780885161e-01,2.148989670146278230e-01
1.046936035190742302e+02,-3.049874893830615274e-01,-9.580659168834936290e-01,4.711491556589174345e-02
1.047973632847026551e+02,-2.990823173142743707e-01,-8.794389176469830094e-01,-6.405813203589740823e-01
1.049011230503310657e+02,-2.462208567044359420e-01,-8.951709079293288518e-01,-6.451507185547061818e-01
1.050048828159594905e+02,-2.109264040280912078e-01,-8.623312826898182903e-01,-1.034158130144208210e+00
1.051086425815879011e+02,-2.116849797490618634e-01,-8.598239805666036961e-01,-1.056242213827704557e+00
1.052124023472163259e+02,-2.281107140775789077e-01,-7.875943818144007791e-01,-1.724114324946703469e+00
1.053161621128447365e+02,-3.201020910683260445e-01,-9.021865655203525902e-01,-3.791210078993009214e-01
1.054199218784731613e+02,-2.984710563655536553e-01,-1.008396405255266082e+00,4.373481816909069453e-01
1.055236816441015719e+02,-2.980370449685775247e-01,-9.798045135510095038e-01,2.071046954575179733e-01
1.056274414097299967e+02,-2.814737229292463838e-01,-9.465415944690619421e-01,-1.092035950190921451e-01
1.057312011753584073e+02,-2.696956514662693927e-01,-7.090213488978024392e-01,-2.399946564263770288e+00
1.058349609409868322e+02,-2.359835130066621767e-01,-7.070143400748915008e-01,-2.552709886067327183e+00
1.059387207066152428e+02,-2.776110266519065117e-01,-8.554158058855092506e-01,-9.215666496707618505e-01
1.060424804722436676e+02,-2.187965616615081821e-01,-9.694304161833149358e-01,-5.389339167428848498e-02
1.061462402378720924e+02,-3.394830915693073381e-01,-9.448082942940542184e-01,3.422392842675801156e-02
1.062500000035005030e+02,-3.556588535175117527e-01,-9.175874191166858429e-01,-1.391836062143914088e-01
1.063537597691289278e+02,-2.969447529443409728e-01,-1.178954146365793099e+00,1.697064806164076955e+00
1.064575195347573384e+02,-2.017137394774840831e-01,-1.006207367679476494e+00,2.248680913054689756e-01
1.065612793003857632e+02,-3.154497005118782615e-01,-8.659000794090023767e-01,-7.094324236676040618e-01
1.066650390660141738e+02,-3.306366053068635069e-01,-8.508790158897597822e-01,-7.919045434329085031e-01
1.067687988316425987e+02,-4.051600699014942797e-01,-9.066539003887308379e-01,-6.045580834414120142e-02
1.068725585972710093e+02,-3.980700523982730332e-01,-9.223579896873919104e-01,3.978975128281054402e-02
1.069763183628994341e+02,-3.583453663054030347e-01,-8.574111553282152132e-01,-6.370482152802650067e-01
1.070800781285278447e+02,-3.687921814139844545e-01,-7.925942572871965686e-01,-1.167853914195227327e+00
1.071838378941562695e+02,-2.338151330582805276e-01,-8.707771861097892696e-01,-8.995089635857322907e-01
1.072875976597846801e+02,-1.193799620033769576e-01,-7.903221606902395280e-01,-1.945938317547465379e+00
1.073913574254131049e+02,-1.452589578557630934e-01,-6.162978737411970442e-01,-3.969387750983444541e+00
1.074951171910415155e+02,-2.005809857374158123e-01,-7.457842511852685874e-01,-2.244427909830350121e+00
1.075988769566699403e+02,-2.942559787676902183e-01,-7.880610356554124118e-01,-1.501957415262681561e+00
1.077026367222983509e+02,-4.530563232676691476e-01,-8.961337849645760745e-01,3.596569320144128029e-02
1.078063964879267758e+02,-4.061133007822865792e-01,-8.123999245749813358e-01,-8.358729794937646007e-01
1.079101562535552006e+02,-4.429381586006717608e-01,-8.517227684983281755e-01,-3.544533524132004731e-01
1.080139160191836254e+02,-4.428045775704438358e-01,-8.463791837621078562e-01,-3.979872246927343982e-01
1.081176757848120360e+02,-3.556678392966534652e-01,-8.354810835855548401e-01,-8.379445841195792832e-01
1.082214355504404608e+02,-2.556465749874435867e-01,-9.052299665578806831e-01,-5.315662181835150157e-01
1.083251953160688714e+02,-3.657809579310360992e-01,-8.813620106682329425e-01,-4.067488032889807759e-01
1.084289550816972962e+02,-2.782174894985358637e-01,-9.675000424956039513e-01,5.807170972857877977e-02
1.085327148473257211e+02,-2.405898038110575177e-01,-8.834486952767924839e-01,-7.656683451653032435e-01
1.086364746129541317e+02,-4.405030103430919164e-01,-7.293497170355256465e-01,-1.390670212506002201e+00
1.087402343785825565e+02,-4.684941365473778707e-01,-8.926462045537231216e-01,7.023635952634460500e-02
1.088439941442109671e+02,-4.405734680132885051e-01,-8.849313721104480335e-01,-1.001275783217622645e-01
1.089477539098393919e+02,-4.138638572928545201e-01,-7.687587974439591409e-01,-1.178892457522376036e+00
1.090515136754678025e+02,-2.650072436518469132e-01,-9.639768993890863724e-01,-2.257607537633906161e-03
1.091552734410962273e+02,-2.779845745037137217e-01,-9.762161471053566464e-01,1.295248277347230970e-01
1.092590332067246379e+02,-3.296124796239766619e-01,-9.805991761592843803e-01,2.947271006283411210e-01
1.093627929723530627e+02,-3.830276906471900555e-01,-9.681546891806657174e-01,3.504278918574071922e-01
1.094665527379814733e+02,-4.386862884279799091e-01,-1.039065399472461904e+00,1.045221279782713619e+00
1.095703125036098982e+02,-3.143722153511488981e-01,-9.738452092309924923e-01,2.003145056154484738e-01
1.096740722692383088e+02,-4.259956461596289268e-01,-1.038101662941222303e+00,1.000696586006242894e+00
1.097778320348667336e+02,-4.488714999870152544e-01,-7.271367801168240330e-01,-1.365501299950866887e+00
1.098815918004951442e+02,-3.664274981625827432e-01,-6.750773096507527438e-01,-2.291491032337158451e+00
1.099853515661235690e+02,-3.114575036501682215e-01,-7.100281901005168761e-01,-2.210201775259657886e+00
1.100891113317519796e+02,-3.452940621160640045e-01,-9.078853399630489873e-01,-2.526556172176909199e-01
1.101928710973804044e+02,-3.185261500209993768e-01,-9.604746425778823982e-01,1.028742268724898157e-01
1.102966308630088150e+02,-2.928423255301249029e-01,-9.022285220918058180e-01,-4.586707509850676545e-01
1.104003906286372398e+02,-2.214885379272812094e-01,-8.470798318507748448e-01,-1.154303840444744100e+00
1.105041503942656504e+02,-2.086492891400998917e-01,-8.733808961641299495e-01,-9.348787347202559550e-01
1.106079101598940753e+02,-2.634788069410422540e-01,-6.621475290461179553e-01,-2.942556223049299646e+00
1.107116699255224859e+02,-2.983432461207665698e-01,-7.643885363181909254e-01,-1.717923356785091338e+00
1.108154296911509107e+02,-1.914386140075244880e-01,-8.228295297797250107e-01,-1.464860204587470349e+00
1.109191894567793213e+02,-2.447467828356297281e-01,-8.792444760176107987e-01,-7.936968231395796769e-01
1.110229492224077461e+02,-2.787274428037981311e-01,-8.501869473101231200e-01,-9.663495679616928014e-01
1.111267089880361851e+02,-3.174032793799039243e-01,-9.346079966969755848e-01,-1.133540324757994211e-01
1.112304687536645957e+02,-4.034702481398413920e-01,-1.026065510615879139e+00,8.479021738838479205e-01
1.113342285192930206e+02,-4.619376748462976079e-01,-7.086625049019125155e-01,-1.453363674969219588e+00
1.114379882849214312e+02,-3.411912810885169289e-01,-6.552348998024776217e-01,-2.630108200440043120e+00
1.115417480505498560e+02,-4.051311766098781852e-01,-7.294055567138171270e-01,-1.572886031145498409e+00
1.116455078161782666e+02,-3.618313283176343154e-01,-8.790066658718446169e-01,-4.403597200486331631e-01
1.117492675818066914e+02,-2.175608388421560735e-01,-7.118926569075988420e-01,-2.563931385414659037e+00
1.118530273474351020e+02,-1.192253395938748656e-01,-8.130650283165298253e-01,-1.705100532686009140e+00
1.119567871130635268e+02,-3.308846676340505000e-01,-8.889113447316331351e-01,-4.592736087548153767e-01
1.120605468786919374e+02,-4.306133085483231926e-01,-9.147729243101979657e-01,9.551734132575345759e-02
1.121643066443203622e+02,-4.233972991620390536e-01,-7.255675746318349661e-01,-1.513715264346649825e+00
1.122680664099487728e+02,-4.169659544857249323e-01,-7.935882042679052173e-01,-9.493691747175680984e-01
1.123718261755771977e+02,-4.371582943273756294e-01,-9.767056953273338671e-01,5.882877090552279808e-01
1.124755859412056083e+02,-3.479901512968778809e-01,-8.923186818706838608e-01,-3.747450958998641557e-01
1.125793457068340331e+02,-9.672018034756173221e-02,-1.002080144153661090e+00,5.832069718070956310e-02
1.126831054724624437e+02,-1.157278537550459618e-01,-1.044228461115063178e+00,4.289275640246312804e-01
1.127868652380908685e+02,-1.864955414545119150e-01,-9.035566172902634863e-01,-6.997086080431190735e-01
1.128906250037192791e+02,-2.670354264637908037e-01,-8.667929628829410538e-01,-8.479125444668084155e-01
1.129943847693477039e+02,-2.852207020117780711e-01,-8.290735349675516508e-01,-1.142353363666914978e+00
1.130981445349761145e+02,-2.751607116333330549e-01,-8.159063366845794585e-01,-1.299377135859175469e+00
1.132019043006045393e+02,-4.578303022325432292e-01,-7.990393154283849109e-01,-7.156706362888973771e-01
1.133056640662329499e+02,-4.914421513459076296e-01,-7.672650412742181292e-01,-8.081150009943769419e-01
1.134094238318613748e+02,-3.227860347051370593e-01,-9.176405668607666710e-01,-2.399179700583693731e-01
1.135131835974897854e+02,-3.736206756281025831e-01,-8.441427606848478371e-01,-6.947405972541900177e-01
1.136169433631182102e+02,-4.858625222811187583e-01,-9.131207358210554625e-01,2.932364960977948409e-01
1.137207031287466208e+02,-3.406499888128296516e-01,-8.694875682815760287e-01,-5.945809251418506802e-01
1.138244628943750456e+02,-2.565302137337936439e-01,-7.347256664866305131e-01,-2.177929388247516584e+00
1.139282226600034704e+02,-3.003231468718273733e-01,-8.350186993225831023e-01,-1.037768909100720505e+00
1.140319824256318810e+02,-2.988946681856615717e-01,-9.569743429639707699e-01,2.225655731284296307e-02
1.141357421912603058e+02,-2.147907202867807008e-01,-9.766955345799628319e-01,3.006116660613543444e-04
1.142395019568887164e+02,-3.770455654036083404e-01,-8.449029419497807725e-01,-6.751388666666435778e-01
1.143432617225171555e+02,-3.351352377751063427e-01,-7.476420813522417497e-01,-1.730935038913056445e+00
1.144470214881455661e+02,-3.988728183246931791e-01,-7.276540408013348893e-01,-1.620456408801526083e+00
1.145507812537739909e+02,-4.037026074346067306e-01,-7.373351676507778896e-01,-1.508024311468438627e+00
1.146545410194024015e+02,-2.997730874114278854e-01,-6.637310378307658132e-01,-2.753941964439352574e+00
1.147583007850308263e+02,-3.881188384124238944e-01,-9.411094442631958712e-01,1.549522862725157824e-01
1.148620605506592369e+02,-3.834226109838485552e-01,-9.258300822186723567e-01,1.809076154161096128e-02
1.149658203162876617e+02,-4.939775237498696403e-01,-9.797319845125733728e-01,8.058628592966949888e-01
1.150695800819160723e+02,-5.721347418628028869e-01,-1.060334845368460677e+00,1.618613641126677827e+00
1.151733398475444972e+02,-6.460907280076745307e-01,-1.047882182108471172e+00,1.805531599485509897e+00
1.152770996131729078e+02,-4.991269847089346845e-01,-8.956078603703583330e-01,2.170236770782658642e-01
1.153808593788013326e+02,-3.829658511366730300e-01,-8.460849255482373321e-01,-6.422954463673309355e-01
1.154846191444297432e+02,-2.377990902855172672e-01,-8.552784054180195827e-01,-1.034464701511617291e+00
1.155883789100581680e+02,-4.026192040187039356e-01,-8.177866985740794847e-01,-8.046310193831106572e-01
1.156921386756865786e+02,-3.963982560092107477e-01,-7.085608936387374213e-01,-1.809893122448602343e+00
1.157958984413150034e+02,-3.177227483621035686e-01,-8.200467010093397402e-01,-1.115821664856189610e+00
1.158996582069434140e+02,-3.482661490232327184e-01,-9.782776899496000711e-01,3.274627049264430267e-01
1.160034179725718388e+02,-3.481886723266785499e-01,-8.410078951507957701e-01,-8.169195501165805728e-01
1.161071777382002495e+02,-3.880601798389479162e-01,-8.490846118660086983e-01,-5.971497736107516108e-01
1.162109375038286743e+02,-3.929573027050214384e-01,-9.512849251942455675e-01,2.504293536676068799e-01
1.163146972694570991e+02,-3.584892426244641328e-01,-8.739579962945948077e-01,-4.948077632762550859e-01
1.164184570350855097e+02,-4.889645381907931077e-01,-8.639913285107744256e-01,-6.313698759552921480e-02
1.165222168007139345e+02,-6.379711589299865704e-01,-9.156640885357145709e-01,9.532557259989398180e-01
1.166259765663423451e+02,-5.556442196422937130e-01,-1.081201347750466946e+00,1.695971043035250148e+00
1.167297363319707699e+02,-5.450738035265091375e-01,-8.236321137333247888e-01,-1.078371841585023250e-01
1.168334960975991805e+02,-4.606658571956212533e-01,-8.728791808471499936e-01,-1.138259282695191499e-01
1.169372558632276053e+02,-3.723295628413600955e-01,-1.079426249812473371e+00,1.152077563409720451e+00
1.170410156288560160e+02,-6.114533527071420727e-01,-8.768182585121012673e-01,5.792670165299415030e-01
1.171447753944844408e+02,-8.174237575108923570e-01,-7.576962400858704427e-01,9.422130833086586055e-01
1.172485351601128514e+02,-5.470286534824874147e-01,-8.683779569664528131e-01,2.256058769578513923e-01
1.173522949257412762e+02,-4.600282180201044624e-01,-1.008960721609675648e+00,8.977363770738988613e-01
1.174560546913696868e+02,-4.393579441852535350e-01,-7.384060417136608656e-01,-1.317795520255994113e+00
1.175598144569981258e+02,-3.723079025522924579e-01,-5.301097296230765643e-01,-3.771339887204343988e+00
1.176635742226265364e+02,-4.903603489729090881e-01,-8.586582017948392043e-01,-9.773428244760512529e-02
1.177673339882549612e+02,-6.649933292755312308e-01,-1.164914723849191480e+00,2.550896869982302473e+00
1.178710937538833718e+02,-4.842866539631971445e-01,-8.527684235812917901e-01,-1.693891250659179948e-01
1.179748535195117967e+02,-2.702234723509157055e-01,-8.807237035458089780e-01,-7.124837330583109196e-01
1.180786132851402073e+02,-4.872437551232808861e-01,-8.224930109865277172e-01,-3.910073815188988000e-01
1.181823730507686321e+02,-5.963855463812988145e-01,-7.628728493590547499e-01,-2.795891586491052183e-01
1.182861328163970427e+02,-5.453929496513523212e-01,-7.406187230609658778e-01,-7.264526235779634744e-01
1.183898925820254675e+02,-4.675218178827831306e-01,-7.468082082762917961e-01,-1.099708892808995087e+00
1.184936523476538781e+02,-5.001942816382671797e-01,-8.077030168291957635e-01,-4.451502415279417479e-01
1.185974121132823029e+02,-3.413897242019270362e-01,-9.855456876581594194e-01,3.656791671583759507e-01
1.187011718789107277e+02,-3.985196267608603904e-01,-8.896506496677025755e-01,-2.214102045349236048e-01
1.188049316445391383e+02,-6.042236189954373060e-01,-9.951776087319839093e-01,1.320881973274842247e+00
1.189086914101675632e+02,-3.681669291690278789e-01,-1.106366752184144042e+00,1.334093281625080785e+00
1.190124511757959738e+02,-5.314206366797538106e-01,-1.063231979345083955e+00,1.501022451828460946e+00
1.191162109414243986e+02,-6.639158725353854207e-01,-7.726634069552017481e-01,1.611074800235374194e-01
1.192199707070528092e+02,-6.053472997150880497e-01,-6.873891930968450970e-01,-7.626430672811916889e-01
1.193237304726812340e+02,-5.854092777035939665e-01,-8.599712931912001368e-01,3.432945948330529129e-01
1.194274902383096446e+02,-4.822283243354371085e-01,-1.224491406459052856e+00,2.385286702978932194e+00
1.195312500039380694e+02,-5.383192953427479166e-01,-1.198080394883141553e+00,2.368354962840208078e+00
1.196350097695664800e+02,-3.069862252165593275e-01,-8.120648412303762553e-01,-1.228073340376621303e+00
1.197387695351949048e+02,-2.840915000173399596e-01,-8.329332414898927839e-01,-1.109865600466179547e+00
1.198425293008233155e+02,-3.376501823982666073e-01,-6.785895748390659010e-01,-2.407164253085931183e+00
1.199462890664517403e+02,-4.015593461576099088e-01,-9.610355025210173263e-01,3.536534799055497391e-01
1.200500488320801509e+02,-6.220100572707466524e-01,-1.007984322178985481e+00,1.470356632570867239e+00
1.201538085977085757e+02,-6.544936596873381918e-01,-9.606191530175473003e-01,1.307039216179236352e+00
1.202575683633369863e+02,-3.752335738892137451e-01,-9.184398312127384223e-01,-6.858414326703143882e-02
1.203613281289654111e+02,-2.102394836286199664e-01,-7.624663014411661166e-01,-2.037341522483161249e+00
1.204650878945938217e+02,-3.999010086750868775e-01,-5.171592420178469096e-01,-3.691913959739652640e+00
1.205688476602222465e+02,-4.031417423223638830e-01,-7.849757397124911273e-01,-1.086241498198659894e+00
1.206726074258506571e+02,-3.791860041695929717e-01,-7.637450861618967357e-01,-1.384126751085457352e+00
1.207763671914790962e+02,-4.907844088804621530e-01,-9.702660667115692306e-01,7.272239126021167177e-01
1.208801269571075068e+02,-5.375472158497319741e-01,-1.033900782951119313e+00,1.328702952054196640e+00
1.209838867227359316e+02,-3.468278299833212341e-01,-1.270146465035957961e+00,2.389392749584742681e+00
1.210876464883643564e+02,-5.168498234371420308e-01,-9.152186843504382940e-01,4.326754046553877853e-01
1.211914062539927670e+02,-3.845376336080709723e-01,-1.038563207201075533e+00,8.866143626364169084e-01
1.212951660196211918e+02,-5.544628327061759121e-01,-1.150031581738073294e+00,2.121880498479976396e+00
1.213989257852496024e+02,-5.660127953781373122e-01,-9.610631569548909736e-01,9.482487555447940419e-01
1.215026855508780272e+02,-6.298035696955525120e-01,-8.293893461097162634e-01,3.524526348705369072e-01
1.216064453165064378e+02,-5.205698550231311339e-01,-7.159494437359165131e-01,-1.059185529642314272e+00
1.217102050821348627e+02,-2.784961351485904513e-01,-9.503711746364650326e-01,-8.434834231355434198e-02
1.218139648477632733e+02,-7.062214165721830694e-01,-1.267555204916336109e+00,3.233438775777853103e+00
1.219177246133916981e+02,-5.670117595006803901e-01,-9.497072550533819379e-01,8.758487840740201147e-01
1.220214843790201087e+02,-3.576580540311923850e-01,-7.897627644502207556e-01,-1.239875115847351328e+00
1.221252441446485335e+02,-3.524265993289978360e-01,-9.709938324702350743e-01,2.817806696900882479e-01
1.222290039102769441e+02,-4.950544442456287220e-01,-7.513019355073297101e-01,-9.176517405531705585e-01
1.223327636759053689e+02,-6.002544764959586443e-01,-7.904177980360881373e-01,-6.534788695415698345e-02
1.224365234415337795e+02,-5.804277191911004774e-01,-9.259850678881194064e-01,7.712968055426215885e-01
1.225402832071622043e+02,-4.151731633779170427e-01,-9.896382590603505225e-01,6.135921616598215556e-01
1.226440429727906150e+02,-7.977840331213316150e-01,-1.004052161778049790e+00,2.160550327065428711e+00
1.227478027384190398e+02,-6.434605207126826709e-01,-8.998076627126685434e-01,8.767328190866054971e-01
1.228515625040474504e+02,-4.982337823613833261e-01,-8.118116754612954011e-01,-4.226100890526402476e-01
1.229553222696758752e+02,-4.046867620136953558e-01,-9.174633752831424793e-01,2.386575649388397030e-02
1.230590820353042858e+02,-2.300301610346363324e-01,-8.613759246976777639e-01,-9.969714150256290264e-01
1.231628418009327106e+02,-3.935406481568150538e-01,-7.400661724714217016e-01,-1.533090502581790693e+00
1.232666015665611212e+02,-6.212064883890782152e-01,-8.176851266417702879e-01,2.304924771868429589e-01
1.233703613321895460e+02,-5.883847511110794626e-01,-9.218864639379135140e-01,7.775705779671879814e-01
1.234741210978179566e+02,-6.530672783647576418e-01,-1.147301359047830260e+00,2.412468730939004935e+00
1.235778808634463815e+02,-5.422381711735759779e-01,-8.638408153569879788e-01,1.713488074186968468e-01
1.236816406290747921e+02,-4.099936658254881849e-01,-7.580415488814745695e-01,-1.291738311302236930e+00
1.237854003947032169e+02,-6.260244988714877001e-01,-8.769177305497559693e-01,6.479158618113356471e-01
1.238891601603316275e+02,-4.179157864514339571e-01,-1.020860843606925306e+00,8.522293670921565756e-01
1.239929199259600665e+02,-5.423630323240785645e-01,-1.050061022676275435e+00,1.451298144244322019e+00
1.240966796915884913e+02,-4.839877439114930180e-01,-7.952969672544653035e-01,-6.211045762327530584e-01
1.242004394572169019e+02,-5.399805115161447899e-01,-8.301165864817202644e-01,-8.476003020594369275e-02
1.243041992228453267e+02,-6.306107680454182685e-01,-9.994878008110128498e-01,1.450862811689340726e+00
1.244079589884737373e+02,-6.713824358311771823e-01,-1.077372192433571296e+00,2.072263256320999503e+00
1.245117187541021622e+02,-7.250917733826887090e-01,-8.100318543247155834e-01,7.258429137541306808e-01
1.246154785197305728e+02,-4.360076001732005047e-01,-8.376489744031160312e-01,-4.975277564212902126e-01
1.247192382853589976e+02,-5.834052753533551794e-01,-1.134458137183824489e+00,2.114828311071430100e+00
1.248229980509874082e+02,-6.912441684821581944e-01,-8.044671808176927508e-01,5.114709681049726120e-01
1.249267578166158330e+02,-8.200091351443394849e-01,-8.672645705948665018e-01,1.536816045274855824e+00
1.250305175822442436e+02,-7.835203852983900763e-01,-1.080266805969062549e+00,2.506347947271911902e+00
1.251342773478726684e+02,-5.754508862197733610e-01,-1.000933529538337252e+00,1.248339459732993539e+00
1.252380371135010790e+02,-7.285595288365546152e-01,-9.900373535409033865e-01,1.792566890659456735e+00
1.253417968791295038e+02,-5.437618143289295602e-01,-5.998272421710324487e-01,-1.834474249801589796e+00
1.254455566447579145e+02,-5.359259679147156952e-01,-8.324672254468016286e-01,-8.677182901547465799e-02
1.255493164103863393e+02,-6.992659338131110847e-01,-1.051376397850405375e+00,2.025878000102021126e+00
1.256530761760147499e+02,-5.591879150366505513e-01,-9.628620838503809676e-01,9.334971129325058126e-01
1.257568359416431747e+02,-6.756564911052422850e-01,-9.786848549692300780e-01,1.505525158440208955e+00
1.258605957072715853e+02,-8.331143108583387580e-01,-1.274056454834704866e+00,3.649821313913022003e+00
1.259643554729000101e+02,-6.746899289281340639e-01,-1.046386852641298271e+00,1.903686664266813988e+00
1.260681152385284207e+02,-5.099581962729436979e-01,-9.640574018382175314e-01,7.535131547006599373e-01
1.261718750041568455e+02,-3.653182215186898119e-01,-1.066013100247066081e+00,1.037494590952857898e+00
1.262756347697852561e+02,-3.186871378215563322e-01,-1.062553513106681669e+00,9.011036770952574049e-01
1.263793945354136810e+02,-6.668920570175496110e-01,-8.420406684145899101e-01,6.212206657903143192e-01
1.264831543010421058e+02,-6.721406049069381661e-01,-7.628685278862502583e-01,1.441190266330469316e-01
1.265869140666705164e+02,-7.679350086620763127e-01,-7.289981659013268223e-01,4.966856462188008470e-01
1.266906738322989412e+02,-9.969197672854045456e-01,-1.152478381573271760e+00,3.658725849288764209e+00
1.267944335979273518e+02,-4.582561219683091158e-01,-1.333791250315334631e+00,2.986342968058702141e+00
1.268981933635557766e+02,-4.890302707934545134e-01,-7.394130868884850605e-01,-1.046424820979619197e+00
1.270019531291841872e+02,-7.999886957907046403e-01,-7.136039562848487394e-01,6.040034866204769815e-01
1.271057128948126120e+02,-6.370695511705758429e-01,-9.315777984920521337e-01,1.050653783743810799e+00
1.272094726604410369e+02,-8.765751702400896850e-01,-1.058030089856720091e+00,2.759586733966070682e+00
1.273132324260694617e+02,-8.933596792385953833e-01,-1.146523070644997588e+00,3.248186462176278599e+00
1.274169921916978723e+02,-9.143679635432334640e-01,-9.694633263186842598e-01,2.494253334804477973e+00
1.275207519573262971e+02,-8.292832917511195889e-01,-9.233074781068051351e-01,1.875792273902294305e+00
1.276245117229547077e+02,-6.861501678847837793e-01,-9.679924588378170380e-01,1.485444940859391050e+00
1.277282714885831325e+02,-7.527296088859480871e-01,-8.325537203921757889e-01,1.002835263392111376e+00
1.278320312542115431e+02,-7.756812025418612366e-01,-9.638955184933892806e-01,1.849116158141394628e+00
1.279357910198399679e+02,-8.231404866827908284e-01,-9.365460845452651117e-01,1.916406846348770232e+00
1.280395507854683785e+02,-7.113506907043865013e-01,-8.125411407621582205e-01,6.678901675618453826e-01
1.281433105510967891e+02,-6.634814020060149087e-01,-9.037431133798974336e-01,9.932117611539628133e-01
1.282470703167252282e+02,-6.442533748272412097e-01,-7.486044371035748268e-01,-1.078563098304573392e-01
1.283508300823536388e+02,-8.620210496964293423e-01,-6.580048697469945695e-01,7.042604427778264009e-01
1.284545898479820494e+02,-9.877111368439235317e-01,-8.623746803199486832e-01,2.353424126550422546e+00
1.285583496136104600e+02,-9.051872965804317328e-01,-1.023629774670266723e+00,2.711866421482607592e+00
1.286621093792388990e+02,-8.894887403120042002e-01,-1.151205635254622495e+00,3.256110157909630765e+00
1.287658691448673096e+02,-9.915181338924377030e-01,-1.136513611619140107e+00,3.569377592173209379e+00
1.288696289104957202e+02,-8.685460182189649325e-01,-1.133313290604192947e+00,3.093684901387497632e+00
1.289733886761241592e+02,-1.036565717252189156e+00,-1.010559938458603479e+00,3.213290875720083761e+00
1.290771484417525699e+02,-7.252469187790241412e-01,-1.196258543885741599e+00,2.915947307441029590e+00
1.291809082073809805e+02,-5.554297803354472096e-01,-1.229461381985775814e+00,2.600898882204642604e+00
1.292846679730093911e+02,-5.953285281892790604e-01,-9.021487052083151381e-01,6.755004331219429670e-01
1.293884277386378301e+02,-7.556577450164720933e-01,-8.712185104056984208e-01,1.238648069033262633e+00
1.294921875042662407e+02,-1.014087948214105639e+00,-1.018886117814383319e+00,3.152361005768524738e+00
1.295959472698946513e+02,-8.236141912459683523e-01,-9.767032800723414177e-01,2.127972224293480430e+00
1.296997070355230619e+02,-7.823091137196733769e-01,-9.535450211803359055e-01,1.822022061758630240e+00
1.298034668011515009e+02,-8.264427492979042889e-01,-1.015914436515745090e+00,2.342868540197938110e+00
1.299072265667799115e+02,-8.484303202796315002e-01,-9.890185387557375307e-01,2.299355574946051028e+00
1.300109863324083221e+02,-9.069220517839006179e-01,-1.086163745930173619e+00,3.015203175750218900e+00
1.301147460980367327e+02,-7.999838946356883085e-01,-8.655389660541104035e-01,1.427434950115873624e+00
1.302185058636651718e+02,-6.267388614735526220e-01,-6.968962080857737940e-01,-5.627507962129134622e-01
1.303222656292935824e+02,-6.732120915451919041e-01,-8.046323352979289911e-01,4.164833638997362808e-01
1.304260253949220214e+02,-5.774134061089224446e-01,-9.659432567325105801e-01,1.025889456817476564e+00
1.305297851605504320e+02,-7.220063557842600899e-01,-8.958638267362192265e-01,1.218437575842819864e+00
1.306335449261788426e+02,-9.266043585170530283e-01,-8.686794278092695443e-01,2.076881017526396089e+00
1.307373046918072532e+02,-8.234416367263829306e-01,-9.138648057361938859e-01,1.798977711564796245e+00
1.308410644574356922e+02,-8.411611822647917514e-01,-1.077949027487974387e+00,2.717315652302141782e+00
1.309448242230641029e+02,-8.418353788549834960e-01,-9.070547980707261981e-01,1.850986284654270619e+00
1.310485839886925135e+02,-9.788353951938155717e-01,-9.033344509289504831e-01,2.489858953312806378e+00
1.311523437543209241e+02,-8.510831685775344102e-01,-8.582717159873314294e-01,1.646421596522908981e+00
1.312561035199493631e+02,-4.428970495138280228e-01,-6.266655668968910131e-01,-2.299823924914586204e+00
1.313598632855777737e+02,-4.151785488603957908e-01,-1.091550650838854608e+00,1.347685347993950788e+00
1.314636230512061843e+02,-4.866547491924042013e-01,-1.154076078241704328e+00,1.955466625098724931e+00
1.315673828168346233e+02,-5.579246392723248293e-01,-1.111208231002087210e+00,1.892273654477787392e+00
1.316711425824630339e+02,-6.824468691190950231e-01,-1.248186544153971456e+00,3.061468566553243953e+00
1.317749023480914445e+02,-9.784308740465980092e-01,-1.051844412718198285e+00,3.146473309979321620e+00
1.318786621137198551e+02,-8.978681251867424162e-01,-8.690836781678011880e-01,1.935346487144129490e+00
1.319824218793482942e+02,-9.510863208662689861e-01,-7.250657150694725939e-01,1.554227300587442961e+00
1.320861816449767048e+02,-6.678562588922838383e-01,-7.129522277886541914e-01,-2.030012134983965044e-01
1.321899414106051154e+02,-7.511917967591603684e-01,-9.171387714615762965e-01,1.478100359508116579e+00
1.322937011762335260e+02,-9.967777126988021097e-01,-1.090381750445376774e+00,3.389538882739910886e+00
1.323974609418619650e+02,-1.142619841194097097e+00,-1.128552391556682633e+00,4.114868053186214070e+00
1.325012207074903756e+02,-1.139033438009495747e+00,-1.059923090496313280e+00,3.839650337200822161e+00
1.326049804731187862e+02,-1.211147679621884299e+00,-6.136778212199017757e-01,2.656382347779920217e+00
1.327087402387471968e+02,-9.078704377854682761e-01,-7.336251852437096765e-01,1.343156784117050195e+00
1.328125000043756359e+02,-9.447057649422070380e-01,-7.212799672290597375e-01,1.500541793948905189e+00
1.329162597700040465e+02,-1.039909307933172711e+00,-8.716743766393507675e-01,2.651074734234831087e+00
1.330200195356324571e+02,-1.018921739898926537e+00,-8.068197999680516430e-01,2.276707118981295519e+00
1.331237793012608677e+02,-1.028704648755724538e+00,-9.398600978008302409e-01,2.881531105797463077e+00
1.332275390668893067e+02,-8.317318334024756954e-01,-8.956328555479520226e-01,1.743320086475225850e+00
1.333312988325177173e+02,-8.566932265880904396e-01,-8.867616607759611913e-01,1.819205905308785232e+00
1.334350585981461279e+02,-1.016392950078950808e+00,-9.511976463578318830e-01,2.873160316927118707e+00
1.335388183637745385e+02,-8.283029001085161491e-01,-9.419108955194013255e-01,1.968065268198974094e+00
1.336425781294029775e+02,-6.976638783849422598e-01,-9.497595280733609480e-01,1.426328432389208700e+00
1.337463378950314166e+02,-9.843226987514424042e-01,-7.966237490682720468e-01,2.050691194179057764e+00
1.338500976606598272e+02,-1.075432802839894730e+00,-7.405807822311386568e-01,2.317283590621225464e+00
1.339538574262882378e+02,-1.272910679348469021e+00,-8.074910368169935238e-01,3.564739579182305107e+00
1.340576171919166484e+02,-1.260647264543955925e+00,-9.934339700606138468e-01,4.109698956948798276e+00
1.341613769575450874e+02,-1.014368148658227442e+00,-1.036661860654239709e+00,3.229653411123980966e+00
1.342651367231734980e+02,-1.041018726577428222e+00,-1.096393424854968934e+00,3.590379493026437885e+00
1.343688964888019086e+02,-9.549879394964996271e-01,-1.122806191780346019e+00,3.369989066213939122e+00
1.344726562544303192e+02,-8.849526797192370786e-01,-8.888246538042710032e-01,1.967702755637880774e+00
1.345764160200587582e+02,-9.573255281176399345e-01,-1.124422717820524609e+00,3.386155627024848513e+00
1.346801757856871689e+02,-7.809713578009170876e-01,-9.191425653294488241e-01,1.627851766308489934e+00
1.347839355513155795e+02,-8.665248105206815321e-01,-1.041211682050419807e+00,2.636329951653966663e+00
1.348876953169439901e+02,-8.811565615334443491e-01,-9.765661951260856677e-01,2.380758297937410894e+00
1.349914550825724291e+02,-1.177367998547585337e+00,-9.045846986065778639e-01,3.433039725549460019e+00
1.350952148482008397e+02,-1.256553102468705996e+00,-9.494286753556462344e-01,3.945113062253944314e+00
1.351989746138292503e+02,-1.180288103935374311e+00,-8.705584884640509280e-01,3.326307371077385611e+00
1.353027343794576609e+02,-9.664594984623364748e-01,-9.814391634552033228e-01,2.781284056901893731e+00
1.354064941450860999e+02,-1.038554367913381959e+00,-8.731956504720670420e-01,2.650693150480724292e+00
1.355102539107145105e+02,-1.127141465098148831e+00,-9.158114456413596338e-01,3.241092147060094852e+00
1.356140136763429211e+02,-1.017744852106099884e+00,-7.688149574595786184e-01,2.113557932380824234e+00
1.357177734419713317e+02,-8.146821865213266234e-01,-9.430000539324979725e-01,1.911591976432742257e+00
1.358215332075997708e+02,-9.042272262487595080e-01,-1.051030437357223457e+00,2.838193262233752012e+00
1.359252929732281814e+02,-1.151625331808889374e+00,-8.917415011083936749e-01,3.266315331676925560e+00
1.360290527388565920e+02,-1.486614870980346836e+00,-8.336965763839906396e-01,4.631571630458447331e+00
1.361328125044850026e+02,-8.544004086449947799e-01,-1.090312251322409054e+00,2.830253785237148545e+00
1.362365722701134416e+02,-1.075962093195806268e+00,-9.893804274467635773e-01,3.297167309773714639e+00
1.363403320357418522e+02,-1.100669513122401133e+00,-8.802011885478513431e-01,2.980289926158363745e+00
1.364440918013702628e+02,-1.235186798661349172e+00,-7.454289483810252470e-01,3.183452727344039168e+00
1.365478515669987019e+02,-1.328311114614038280e+00,-1.070972762479462270e+00,4.641008446889393291e+00
1.366516113326271125e+02,-1.203627563671987533e+00,-8.493372279413878845e-01,3.364783538349094272e+00
1.367553710982555231e+02,-1.126958808827771330e+00,-1.070798709625203182e+00,3.832130438584795851e+00
1.368591308638839621e+02,-1.003221267260745675e+00,-1.126940755559823870e+00,3.572578063831211015e+00
1.369628906295123727e+02,-1.146622955478644235e+00,-9.466492105503480081e-01,3.445669251396065835e+00
1.370666503951407833e+02,-1.196955483764299943e+00,-9.854325366510597872e-01,3.808946658255965900e+00
1.371704101607692223e+02,-9.853056270548158357e-01,-9.764338012540597633e-01,2.842615283946053228e+00
1.372741699263976329e+02,-9.589536300091634491e-01,-8.849047776478468075e-01,2.311250077806185743e+00
1.373779296920260435e+02,-9.913184465261251077e-01,-8.710483059216003188e-01,2.409078707636025385e+00
1.374816894576544541e+02,-1.204002443624224705e+00,-1.016060931119346034e+00,3.948020746246209356e+00
1.375854492232828648e+02,-1.315007919487726440e+00,-7.763850024124200333e-01,3.677321776613155624e+00
1.376892089889112754e+02,-1.112433944404730646e+00,-6.653449109541074158e-01,2.253592049354498972e+00
1.377929687545397144e+02,-1.089878862593589792e+00,-7.056726696445916325e-01,2.268085875093417858e+00
1.378967285201681250e+02,-1.152750021936967961e+00,-9.528730929294570995e-01,3.496271044200694345e+00
1.380004882857965356e+02,-1.223162630734812462e+00,-6.457944077086599233e-01,2.817552052756426395e+00
1.381042480514249462e+02,-1.104655652949930955e+00,-4.836629514840058430e-01,1.626223371345758784e+00
1.382080078170533852e+02,-1.099545462408128005e+00,-7.141105283809134896e-01,2.352642727713190052e+00
1.383117675826817958e+02,-1.233993516695657267e+00,-7.646744948333532577e-01,3.237607998618839300e+00
1.384155273483102064e+02,-1.353237246527287940e+00,-5.926684475378976025e-01,3.389556321873356204e+00
1.385192871139386455e+02,-1.207392321566111093e+00,-5.565666822572590267e-01,2.473748258226474039e+00
1.386230468795670845e+02,-1.002593152087303929e+00,-7.247707769831401858e-01,1.848292783562323960e+00
1.387268066451954951e+02,-1.010883609201665312e+00,-7.645361537464284707e-01,2.058540203578366423e+00
1.388305664108239057e+02,-8.818154081571488723e-01,-1.077765188674254304e+00,2.876172758920425565e+00
1.389343261764523447e+02,-8.574829799328005375e-01,-1.048422378177860104e+00,2.635097957238205169e+00
1.390380859420807553e+02,-9.238208163735135425e-01,-1.002299348013613978e+00,2.690571357515492146e+00
1.391418457077091659e+02,-9.626679229598212872e-01,-1.163228830658120438e+00,3.579026246536873401e+00
1.392456054733375765e+02,-1.007894256216902429e+00,-9.177848668979008417e-01,2.690877564958190860e+00
1.393493652389660156e+02,-1.124951801409932006e+00,-8.966429595040522615e-01,3.158623148696391159e+00
1.394531250045944262e+02,-1.302662173002304247e+00,-8.031574565000406674e-01,3.695851544640900599e+00
1.395568847702228368e+02,-1.231273363237945118e+00,-4.979475682168117423e-01,2.464951034008126207e+00
1.396606445358512474e+02,-1.029310886620479204e+00,-7.805949170544466131e-01,2.224067180673749977e+00
1.397644043014796864e+02,-9.785032620170459605e-01,-4.619402370429707694e-01,6.850401116902647969e-01
1.398681640671080970e+02,-1.199245873007801499e+00,-5.964285279735435097e-01,2.538025035302982069e+00
1.399719238327365076e+02,-1.213674998024629303e+00,-5.381752794789917971e-01,2.461635308398238742e+00
1.400756835983649182e+02,-1.112526363667058815e+00,-5.771725278251063074e-01,1.961327912222910808e+00
1.401794433639933573e+02,-1.390656311531217826e+00,-8.204190863065561334e-01,4.161431058445359099e+00
1.402832031296217679e+02,-1.199333578112979914e+00,-9.083967371341825636e-01,3.547969346765551979e+00
1.403869628952501785e+02,-1.089355509840405078e+00,-7.317048669963002183e-01,2.360551990342761197e+00
1.404907226608785891e+02,-1.227999817677386529e+00,-7.932919514618242962e-01,3.298646064128584854e+00
1.405944824265070281e+02,-1.141798110889337581e+00,-8.376397150833502225e-01,3.021887136464570744e+00
1.406982421921354387e+02,-1.137413058203291749e+00,-8.757702454330290598e-01,3.140109749822289409e+00
1.408020019577638493e+02,-1.590584473320633130e+00,-7.093506171539216698e-01,4.818920647805859936e+00
1.409057617233922599e+02,-1.357025588453575571e+00,-7.708849769814785091e-01,3.866384338068973747e+00
1.410095214890206989e+02,-1.301941794487949444e+00,-9.451924555937730732e-01,4.130383062407643635e+00
1.411132812546491095e+02,-1.167196935989297524e+00,-8.933248040285511893e-01,3.345297245009700937e+00
1.412170410202775201e+02,-1.277237324834620269e+00,-7.618688831817438389e-01,3.447418047244082295e+00
1.413208007859059308e+02,-1.307763131613125740e+00,-8.187464163851658761e-01,3.766846236961153949e+00
1.414245605515343698e+02,-1.395252991208174143e+00,-7.507027560590100457e-01,3.997231239819172721e+00
1.415283203171627804e+02,-1.265700583086538433e+00,-9.307678107401068379e-01,3.924026381276877640e+00
1.416320800827911910e+02,-1.170211050261102281e+00,-9.332616681144108028e-01,3.503199895700509714e+00
1.417358398484196300e+02,-1.275681290149998537e+00,-9.681660951373430857e-01,4.090379843626662293e+00
1.418395996140480406e+02,-1.208711862710802443e+00,-7.406599107943719895e-01,3.031012953737748816e+00
1.419433593796764512e+02,-1.216267181539849584e+00,-6.966642503213815729e-01,2.932845149422853570e+00
1.420471191453048618e+02,-1.243876833355646028e+00,-7.798619454271173979e-01,3.335307458312788409e+00
1.421508789109333009e+02,-1.353036919529196025e+00,-9.416028712049931970e-01,4.341415640615032601e+00
1.422546386765617115e+02,-1.334356100148465174e+00,-9.343324908175496546e-01,4.238163759430110922e+00
1.423583984421901221e+02,-1.466316473732002024e+00,-9.521104463838200305e-01,4.852383676942462643e+00
1.424621582078185327e+02,-1.429705771799658409e+00,-7.843738301916995947e-01,4.247674804525058079e+00
1.425659179734469717e+02,-1.391517039275227852e+00,-6.444728556700517474e-01,3.713754430740303203e+00
1.426696777390753823e+02,-1.411737336266583265e+00,-7.847944991359957490e-01,4.164582172380246305e+00
1.427734375047037929e+02,-9.406110394730922142e-01,-8.637491941201324019e-01,2.124038446453476503e+00
1.428771972703322035e+02,-1.222355077764756714e+00,-9.094395798469201431e-01,3.657186024446917649e+00
1.429809570359606425e+02,-1.230140877864803528e+00,-9.159985388916228599e-01,3.714926906017941288e+00
1.430847168015890531e+02,-1.343588851772013149e+00,-8.402510314398300428e-01,3.998904337173314616e+00
1.431884765672174638e+02,-1.370106729191810757e+00,-8.708114757973777209e-01,4.208638569657637163e+00
1.432922363328458744e+02,-1.420338772835366914e+00,-8.900057310332922800e-01,4.486247747578796741e+00
1.433959960984743134e+02,-1.380544921460565844e+00,-9.559964187215211906e-01,4.502234553543017270e+00
1.434997558641027240e+02,-1.252647247747693759e+00,-7.706627900423851374e-01,3.350658082312760300e+00
1.436035156297311346e+02,-1.273637975934197142e+00,-7.826048220781244291e-01,3.492044590537430437e+00
1.437072753953595452e+02,-1.605505769303569474e+00,-7.242487489579875204e-01,4.916676971576538158e+00
1.438110351609879842e+02,-1.576634633725466195e+00,-9.156765334305606574e-01,5.216924078422604083e+00
1.439147949266163948e+02,-1.279806280730904078e+00,-1.060512240474520640e+00,4.413164870486317781e+00
1.440185546922448054e+02,-1.217890637460909087e+00,-6.334332580372408206e-01,2.751950579960229071e+00
1.441223144578732160e+02,-1.324660651647475262e+00,-7.044849335564775661e-01,3.523802920143759732e+00
1.442260742235016551e+02,-1.177103038463023443e+00,-1.134086855899846480e+00,4.267916827374182098e+00
1.443298339891300657e+02,-1.330653211579195361e+00,-1.275547523827311514e+00,5.311798476896713694e+00
1.444335937547584763e+02,-1.542404883569495233e+00,-1.342052927113717820e+00,6.211886334366481854e+00
1.445373535203869153e+02,-1.711406599157712538e+00,-1.140975174719637941e+00,6.264160180639217756e+00
1.446411132860153259e+02,-1.552969878662473269e+00,-8.176806019381309687e-01,4.885954142162294289e+00
1.447448730516437365e+02,-1.422222853073455529e+00,-5.468903293357348927e-01,3.658260930420129675e+00
1.448486328172721471e+02,-1.354377243156820843e+00,-6.790814485798500888e-01,3.608752785099115457e+00
1.449523925829006146e+02,-1.242015951822568409e+00,-7.114944994536536171e-01,3.115055107548100111e+00
1.450561523485290252e+02,-1.271274694203893940e+00,-6.105912084965849917e-01,2.986262613526116994e+00
1.451599121141574358e+02,-1.484792808943347087e+00,-5.157529380504283223e-01,3.928043317955623337e+00
1.452636718797858464e+02,-1.449395788376664829e+00,-7.225678215538409166e-01,4.187738528674319838e+00
1.453674316454142854e+02,-1.489584256462659573e+00,-5.871688062256071872e-01,4.088550849339758209e+00
1.454711914110426960e+02,-1.445102804816058129e+00,-5.996826753543358368e-01,3.888010221454050175e+00
1.455749511766711066e+02,-1.677169910701767463e+00,-7.558097968770437491e-01,5.294492655829277084e+00
1.456787109422995172e+02,-1.394916624872015065e+00,-8.859039746846083530e-01,4.362609873330252519e+00
1.457824707079279563e+02,-1.266745625040017753e+00,-8.462034500374828738e-01,3.656198925532297750e+00
1.458862304735563669e+02,-1.140980277722139169e+00,-7.185242607611422860e-01,2.596208978159801006e+00
1.459899902391847775e+02,-1.300034315294812837e+00,-7.097372206666612282e-01,3.412002279437506669e+00
1.460937500048131881e+02,-1.527472224782882915e+00,-6.565457203264999375e-01,4.415731831364995585e+00
1.461975097704416271e+02,-1.627474308041950701e+00,-8.046228557156425154e-01,5.179991358500066312e+00
1.463012695360700377e+02,-1.517819483737744335e+00,-9.301170526169840747e-01,5.009076734002107401e+00
1.464050293016984483e+02,-1.369021362636690275e+00,-9.038820491093462195e-01,4.299495647232540740e+00
1.465087890673268873e+02,-1.357428955600429088e+00,-8.379076193641599168e-01,4.056370246796578094e+00
1.466125488329552979e+02,-1.251195409435664763e+00,-6.431868563483867929e-01,2.964851367332035803e+00
1.467163085985837085e+02,-1.450900454559151953e+00,-7.388420276047757973e-01,4.234096738017903760e+00
1.468200683642121191e+02,-1.496496431232341218e+00,-7.484275103460383827e-01,4.471030131283367126e+00
1.469238281298405582e+02,-1.411047091646207008e+00,-7.597608205463677322e-01,4.096441283043750659e+00
1.470275878954689688e+02,-1.472024125833232278e+00,-6.762243100211439151e-01,4.189860653000056168e+00
1.471313476610973794e+02,-1.366069955507610345e+00,-6.057293931587860447e-01,3.488994628441781209e+00
1.472351074267257900e+02,-1.244159132616995622e+00,-8.560399362477614238e-01,3.580750785657076829e+00
1.473388671923542290e+02,-1.530643017153814789e+00,-7.353166175508654145e-01,4.599287777029304358e+00
1.474426269579826396e+02,-1.377009497756776168e+00,-5.921157240474606009e-01,3.515559464132760326e+00
1.475463867236110502e+02,-1.262695503613666226e+00,-7.320672338479168317e-01,3.284453277565743790e+00
1.476501464892394608e+02,-1.363219222941221442e+00,-7.326102512525195509e-01,3.793208275012161401e+00
1.477539062548678999e+02,-1.708037903070892094e+00,-6.016263849601202196e-01,5.157874774420560193e+00
1.478576660204963105e+02,-1.605689304824119867e+00,-8.252019113635270520e-01,5.131105237067473013e+00
1.479614257861247211e+02,-1.406687578619096213e+00,-6.654530893406057634e-01,3.841020058554521555e+00
1.480651855517531317e+02,-1.469107558770293309e+00,-8.593994513580727190e-01,4.619251737330497320e+00
1.481689453173815707e+02,-1.485480386648699413e+00,-8.978813331076022086e-01,4.789764819640605964e+00
1.482727050830099813e+02,-1.590821946592560154e+00,-7.249085371859538274e-01,4.851827452230427440e+00
1.483764648486383919e+02,-1.693823388953820785e+00,-8.012485468161747448e-01,5.454353946348668991e+00
1.484802246142668025e+02,-1.752623218057012489e+00,-8.436233072850782833e-01,5.778809312849696234e+00
1.485839843798952415e+02,-2.016909210623575532e+00,-5.310194103837914126e-01,6.384797101686952026e+00
1.486877441455236522e+02,-1.751090393829628278e+00,-3.696113538215310967e-01,5.055474635695724750e+00
1.487915039111520628e+02,-1.582757889757692160e+00,-5.199813028655995151e-01,4.433417156301755924e+00
1.488952636767804734e+02,-1.663578070076056736e+00,-6.770706680345207618e-01,5.086531467416341989e+00
1.489990234424089124e+02,-1.646993176755893851e+00,-7.378797822610760893e-01,5.128248386073039455e+00
1.491027832080373230e+02,-1.702021383714070080e+00,-4.512540496957894720e-01,4.914327173074043209e+00
1.492065429736657336e+02,-1.682300768782359457e+00,-5.376511839846263019e-01,4.940438727141740927e+00
1.493103027392941726e+02,-1.525664966493113450e+00,-5.091735035840659895e-01,4.127815289431410406e+00
1.494140625049225832e+02,-1.799746471115697632e+00,-7.589918689160110032e-01,5.815123027362888664e+00
1.495178222705509938e+02,-1.694242464709658114e+00,-7.446899431570577210e-01,5.346631930838542601e+00
1.496215820361794044e+02,-1.599519619881621502e+00,-7.951052188933445120e-01,5.038798912546077702e+00
1.497253418018078435e+02,-1.554380457095194457e+00,-7.191866299179142663e-01,4.673606298839519724e+00
1.498291015674362541e+02,-1.496430820190697730e+00,-7.288773860251037684e-01,4.425687265849663099e+00
1.499328613330646647e+02,-1.397032592202251511e+00,-8.745072811526597434e-01,4.340038017838113049e+00
1.500366210986930753e+02,-1.626479506540943643e+00,-7.276228593665271527e-01,5.017260306620410226e+00
1.501403808643215143e+02,-1.593964735797835930e+00,-4.799213762843695941e-01,4.426440653545115289e+00
1.502441406299499249e+02,-1.618147276644381849e+00,-6.273174681358624216e-01,4.788445591502592080e+00
1.503479003955783355e+02,-1.598571674859368574e+00,-6.240404357595004115e-01,4.690643382126651773e+00
1.504516601612067461e+02,-1.535373260409049978e+00,-5.361517715339456647e-01,4.223977247875657426e+00
1.505554199268351852e+02,-1.478969398418776393e+00,-6.572759407802413190e-01,4.181955466023563162e+00
1.506591796924635958e+02,-1.654372254176048829e+00,-4.657140718741238916e-01,4.703865485652276135e+00
1.507629394580920064e+02,-1.790344614423681424e+00,-3.513453110927965417e-01,5.222847498154030710e+00
1.508666992237204170e+02,-1.596642495078696378e+00,-5.926437110877754710e-01,4.624719452716597345e+00
1.509704589893488560e+02,-1.583332960026798908e+00,-7.186413630297062705e-01,4.804939813838337237e+00
1.510742187549772666e+02,-1.477507356966216712e+00,-8.954190295218742435e-01,4.749157057595389198e+00
1.511779785206056772e+02,-1.310124039203529822e+00,-7.747624640088807135e-01,3.648664006580735197e+00
1.512817382862340878e+02,-1.759181810397017154e+00,-5.946208363006585396e-01,5.376043596572196215e+00
1.513854980518625553e+02,-1.764436883529674649e+00,-8.248308942197324356e-01,5.790496499881159664e+00
1.514892578174909659e+02,-1.535664162388890697e+00,-7.025506875813323227e-01,4.551254437054825353e+00
1.515930175831193765e+02,-1.798746251274300434e+00,-5.627645054613619191e-01,5.504964275802267437e+00
1.516967773487478155e+02,-1.817860556419319540e+00,-6.363910266487162737e-01,5.693283169988301751e+00
1.518005371143762261e+02,-1.800102358323194540e+00,-5.182904362210880578e-01,5.451825608550221247e+00
1.519042968800046367e+02,-1.721698870498674649e+00,-5.258467952239445076e-01,5.106471180892873996e+00
1.520080566456330473e+02,-1.548640738952224094e+00,-5.334207484412831768e-01,4.285924795556729450e+00
1.521118164112614863e+02,-1.609213299197806757e+00,-5.511087848856724980e-01,4.613917160883972635e+00
1.522155761768898969e+02,-1.931190955623697247e+00,-5.762682220967455526e-01,6.086953936775171492e+00
1.523193359425183075e+02,-1.795224829677826817e+00,-7.001391374948972013e-01,5.697281074050698280e+00
1.524230957081467182e+02,-1.903548084126256645e+00,-5.291899417014065410e-01,5.914583339249647409e+00
1.525268554737751572e+02,-1.612460104658063109e+00,-7.191003227714357626e-01,4.937553138516426188e+00
1.526306152394035678e+02,-1.525293141673279784e+00,-8.686819589342508197e-01,4.887096721564646806e+00
1.527343750050319784e+02,-1.687160693128938238e+00,-7.778320927667338180e-01,5.380121519432893962e+00
1.528381347706603890e+02,-1.708732240518014311e+00,-6.298970733969694313e-01,5.206847410505027085e+00
1.529418945362888280e+02,-1.575526262265426025e+00,-4.893612280351037347e-01,4.348494146957904150e+00
1.530456543019172386e+02,-1.777039156054639246e+00,-5.474841446465212869e-01,5.387756351582023484e+00
1.531494140675456492e+02,-1.738882447009648669e+00,-4.926140149439141580e-01,5.140668051014321449e+00
1.532531738331740598e+02,-1.787563311676041211e+00,-5.022511459231209230e-01,5.375217605120871767e+00
1.533569335988024989e+02,-1.663954656970875856e+00,-5.610451573848947993e-01,4.890463145911396303e+00
1.534606933644309095e+02,-1.819888708941633571e+00,-5.705155826032181077e-01,5.608009654825303336e+00
1.535644531300593201e+02,-1.617316175018114421e+00,-6.191696787183935680e-01,4.769884417852651382e+00
1.536682128956877307e+02,-1.745919262884240597e+00,-5.807053374614177255e-01,5.296167582966118559e+00
1.537719726613161697e+02,-1.676055153101568829e+00,-5.698751523953041742e-01,4.960877071966411478e+00
1.538757324269445803e+02,-1.673545838616068426e+00,-6.650919204899935488e-01,5.109607334739911799e+00
1.539794921925729909e+02,-1.784989849424282626e+00,-5.232807947021220762e-01,5.390775488634574231e+00
1.540832519582014299e+02,-1.808807761655081725e+00,-4.962585015609521921e-01,5.463029974641600006e+00
1.541870117238298405e+02,-1.750623485386995748e+00,-4.173619856289100816e-01,5.103940015647284945e+00
1.542907714894582512e+02,-1.800644840824822790e+00,-4.408886989631584652e-01,5.361422152827688414e+00
1.543945312550866618e+02,-1.604198960794156470e+00,-5.338150868446454034e-01,4.561249559891156657e+00
1.544982910207151008e+02,-1.900989209553768600e+00,-8.156156459766632505e-01,6.313411555103890294e+00
1.546020507863435114e+02,-1.761166715782366943e+00,-7.371689597945845218e-01,5.617125779346486603e+00
1.547058105519719220e+02,-1.719894277673630567e+00,-6.029526042288759768e-01,5.213457849851002912e+00
1.548095703176003326e+02,-1.786114181358384068e+00,-3.194848818794370771e-01,5.174960327633767676e+00
1.549133300832287716e+02,-1.627529114086513573e+00,-2.681137339826062949e-01,4.346864017665079238e+00
1.550170898488571822e+02,-1.700396844507526373e+00,-2.832601693603032378e-01,4.729882674019608935e+00
1.551208496144855928e+02,-1.814846747631045476e+00,-2.819779362491841024e-01,5.280395519439700536e+00
1.552246093801140034e+02,-1.859792914535594033e+00,-3.325914995614004388e-01,5.526009123491659736e+00
1.553283691457424425e+02,-1.912239327944993628e+00,-5.440300619988436281e-01,5.968859379474679372e+00
1.554321289113708531e+02,-1.922397343775155143e+00,-4.686265479563215264e-01,5.927564354838833260e+00
1.555358886769992637e+02,-1.807827038896872018e+00,-4.134090346454313281e-01,5.364505666475435142e+00
1.556396484426276743e+02,-1.657993458283796073e+00,-5.774034585103857697e-01,4.888801282156122419e+00
1.557434082082561133e+02,-1.650439479841719903e+00,-5.271324915936752564e-01,4.773845224409599908e+00
1.558471679738845239e+02,-1.966689026388005912e+00,-4.763907448247905463e-01,6.122341654809161149e+00
1.559509277395129345e+02,-1.809049358346434211e+00,-5.752876268824679284e-01,5.567384383691425853e+00
1.560546875051413451e+02,-1.810899909479533498e+00,-6.741509364765325696e-01,5.721554674876956348e+00
1.561584472707697842e+02,-1.741110520756405933e+00,-5.612319210015005444e-01,5.245839660490226208e+00
1.562622070363981948e+02,-1.773899051438198926e+00,-4.559151903008786810e-01,5.256377009701921565e+00
1.563659668020266054e+02,-1.730673096609969708e+00,-5.515046725787274839e-01,5.184332287780523352e+00
1.564697265676550160e+02,-1.841708823178965559e+00,-3.023738122801071793e-01,5.419935368970242529e+00
1.565734863332834550e+02,-1.918523313806764108e+00,-4.192397590270444119e-01,5.861926241114495895e+00
1.566772460989118656e+02,-2.021463343078914399e+00,-3.235063161642955376e-01,6.223145918511455932e+00
1.567810058645402762e+02,-1.814589571460396122e+00,-4.709560223849065252e-01,5.458678588023709644e+00
1.568847656301687152e+02,-1.725530615619156993e+00,-3.499432854287468642e-01,4.913499548997123156e+00
1.569885253957971258e+02,-1.625809389129561744e+00,-3.412355185530343005e-01,4.408615350590524784e+00
1.570922851614255364e+02,-1.681791443945984676e+00,-5.751508993531059266e-01,4.995800100524340870e+00
1.571960449270539470e+02,-1.880592265101631355e+00,-6.228538685522708729e-01,5.937925455001522579e+00
1.572998046926823861e+02,-1.879145636691784471e+00,-4.814914376592927536e-01,5.755367952766015094e+00
1.574035644583107967e+02,-1.761536002844668269e+00,-5.104287657285475621e-01,5.267974507939223727e+00
1.575073242239392073e+02,-1.827302564407040864e+00,-4.129471973694378573e-01,5.452526777303936534e+00
1.576110839895676179e+02,-1.865356025667637141e+00,-4.941983211570867840e-01,5.709846078881092524e+00
1.577148437551960569e+02,-1.811490686938728611e+00,-5.621919659091215715e-01,5.560078424559026899e+00
1.578186035208244959e+02,-1.846210534017802107e+00,-4.392464929200711188e-01,5.564750765100246355e+00
1.579223632864529066e+02,-1.649734821679141872e+00,-4.146070678096656636e-01,4.614270893008305841e+00
1.580261230520813172e+02,-1.676378529295491582e+00,-3.621980041700527120e-01,4.685588671144129691e+00
1.581298828177097562e+02,-1.793293122154744346e+00,-4.761680425090042412e-01,5.368911344982880252e+00
1.582336425833381668e+02,-1.886838375668899559e+00,-3.427318425868307039e-01,5.655673452270977286e+00
1.583374023489665774e+02,-1.869579992253171508e+00,-3.635618350277590172e-01,5.596082059306284329e+00
1.584411621145949880e+02,-1.771921509492834668e+00,-2.672847231860288053e-01,5.066601816315525753e+00
1.585449218802234270e+02,-1.916475861701271377e+00,-3.910782673444261337e-01,5.827247533501653365e+00
1.586486816458518376e+02,-1.746726996643757968e+00,-4.679573419743988105e-01,5.145529687728890522e+00
1.587524414114802482e+02,-1.832647586318170152e+00,-3.053778078975027954e-01,5.380522651201033568e+00
1.588562011771086873e+02,-1.862482993301520562e+00,-1.378166068496123609e-01,5.425560955003515318e+00
1.589599609427370979e+02,-1.830058105045980543e+00,-4.427299471910764450e-01,5.496312434279058579e+00
1.590637207083655085e+02,-1.909224694650101695e+00,-5.723545935494136483e-01,5.990889095257400321e+00
1.591674804739939191e+02,-2.040306105006772786e+00,-4.881758766768271030e-01,6.435676198817783522e+00
1.592712402396223581e+02,-1.997813811903836001e+00,-3.808086124781982496e-01,6.166094288570478810e+00
1.593750000052507687e+02,-1.877062166214551020e+00,-3.272715908075237712e-01,5.599627411090242646e+00
1.594787597708791793e+02,-1.812551346800815644e+00,-3.223208080288093025e-01,5.301014376438084597e+00
1.595825195365075899e+02,-1.731731978135411243e+00,-4.112566464271772415e-01,5.007889665793423539e+00
1.596862793021360289e+02,-1.802137866126799270e+00,-2.981358462011674537e-01,5.233023064563003146e+00
1.597900390677644396e+02,-1.941653146333982560e+00,-4.208310345825510002e-01,5.962798568949394529e+00
1.598937988333928502e+02,-2.081315166254254834e+00,-4.556268491619133720e-01,6.570050208748213549e+00
1.599975585990212608e+02,-2.027745990299322898e+00,-2.368506457780845675e-01,6.199122918947733929e+00
1.601013183646496998e+02,-1.708148851998799511e+00,-2.584582164433861795e-01,4.748822276749203652e+00
1.602050781302781104e+02,-1.754655477581264167e+00,-2.939261213208413936e-01,5.004023109557507176e+00
1.603088378959065210e+02,-1.866179070051818822e+00,-3.724230669800360771e-01,5.588672944316913416e+00
1.604125976615349316e+02,-1.759439063671832670e+00,-3.783279409538150007e-01,5.103784785817349068e+00
1.605163574271633706e+02,-1.827567206891081764e+00,-3.235062489879595438e-01,5.371461336263934072e+00
1.606201171927917812e+02,-1.737660991394675003e+00,-2.731586540613396008e-01,4.905317310321671620e+00
1.607238769584201918e+02,-1.934356851393261856e+00,-3.157637512193033347e-01,5.844944132325514907e+00
1.608276367240486024e+02,-1.785646245835092794e+00,-2.854205408527283883e-01,5.145474074034232181e+00
1.609313964896770415e+02,-1.801081142853537376e+00,-3.597701565991324735e-01,5.280585516759002118e+00
1.610351562553054521e+02,-1.717693667185519635e+00,-3.235954007224952633e-01,4.850375867058851043e+00
1.611389160209338627e+02,-1.784080867056016872e+00,-2.295713889610282443e-01,5.099612107597457644e+00
1.612426757865622733e+02,-1.964281850742311208e+00,-4.185803087812955958e-01,6.056941918588998774e+00
1.613464355521907123e+02,-1.927814829995632362e+00,-4.155905851001755469e-01,5.898586638462562703e+00
1.614501953178191229e+02,-1.880305574157528969e+00,-4.044892252166867874e-01,5.681031850307923570e+00
1.615539550834475335e+02,-1.972695211667720550e+00,-3.841368205861561136e-01,6.062832609969589726e+00
1.616577148490759441e+02,-1.890394808919534375e+00,-4.128212975657667427e-01,5.733374590759687806e+00
1.617614746147043832e+02,-1.847092554088336724e+00,-3.673957346553892722e-01,5.498281932302900188e+00
1.618652343803327938e+02,-1.845138531357103817e+00,-2.311837803479496189e-01,5.388227458971418748e+00
1.619689941459612044e+02,-1.861136407550064931e+00,-3.085055838648543269e-01,5.513285277030761655e+00
1.620727539115896434e+02,-1.898587742611054674e+00,-2.008346115225546069e-01,5.616939531446075939e+00
1.621765136772180540e+02,-1.843607990256543649e+00,-3.420603205147247916e-01,5.460359812279543590e+00
1.622802734428464646e+02,-1.955749770787639452e+00,-3.283804030890810632e-01,5.947008513411868869e+00
1.623840332084748752e+02,-1.978861536451086645e+00,-2.841320175557042749e-01,6.016932902609513967e+00
1.624877929741033142e+02,-1.844726941254393848e+00,-2.764645382471286883e-01,5.415106160899828325e+00
1.625915527397317248e+02,-1.947417238573015519e+00,-3.125392124326366594e-01,5.899624022626893449e+00
1.626953125053601354e+02,-1.903815767114877655e+00,-2.370925997513334271e-01,5.659336513245114553e+00
1.627990722709885461e+02,-1.874015482089848250e+00,-1.515138620032611405e-01,5.483759624729747983e+00
1.629028320366169851e+02,-1.799273841144600539e+00,-2.938749599346552888e-01,5.216281997498350975e+00
1.630065918022453957e+02,-1.930321677525896007e+00,-1.939472770230059040e-01,5.756216137416959810e+00
1.631103515678738063e+02,-1.916988555172993491e+00,-2.476618456598262963e-01,5.724279668825396961e+00
1.632141113335022169e+02,-1.943266464051668363e+00,-2.912838777741800778e-01,5.867145194424453258e+00
1.633178710991306559e+02,-1.914254004696064104e+00,-2.684285572619282689e-01,5.724559536436006013e+00
1.634216308647590665e+02,-1.861888782134275555e+00,-2.447789895100684621e-01,5.473496258720832230e+00
1.635253906303874771e+02,-1.787227886181567360e+00,-2.261014418578242424e-01,5.112555696238784364e+00
1.636291503960158877e+02,-1.777587809398379015e+00,-1.539444315963778842e-01,5.029072153777489618e+00
1.637329101616443268e+02,-1.878032130627701690e+00,-1.894364767071136380e-01,5.518025193498171888e+00
1.638366699272727374e+02,-1.966229766679034263e+00,-2.635783113850778681e-01,5.950035607524891468e+00
1.639404296929011480e+02,-1.889810664609984814e+00,-2.156384034808481176e-01,5.584546702953893771e+00
1.640441894585295586e+02,-1.873143041861562663e+00,-2.457605411496281422e-01,5.525542260853072207e+00
1.641479492241579976e+02,-1.757831504599386419e+00,-1.358292624059906639e-01,4.925398604618569820e+00
1.642517089897864366e+02,-1.712838787487508174e+00,-8.995334212071456892e-02,4.686291338522349470e+00
1.643554687554148472e+02,-1.907230937669490256e+00,-1.486044460169777537e-01,5.634351772083072696e+00
1.644592285210432863e+02,-1.825039725696852910e+00,-6.146657162345474379e-02,5.230369915696543970e+00
1.645629882866716969e+02,-1.839053156294732982e+00,-1.059822052594731195e-01,5.306284950301972003e+00
1.646667480523001075e+02,-1.957575671555776831e+00,-2.769710712426249333e-01,5.920451700236727177e+00
1.647705078179285181e+02,-1.878838000198880698e+00,-2.745653088174561662e-01,5.569556635422011404e+00
1.648742675835569571e+02,-1.819251461512969792e+00,-2.531022729905480495e-01,5.281111778657331612e+00
1.649780273491853677e+02,-1.726349934266901531e+00,-2.123441911902402279e-01,4.807790919469490554e+00
1.650817871148137783e+02,-1.826872509434439129e+00,-1.497638583903949105e-01,5.263253666898950911e+00
1.651855468804421889e+02,-1.915361097111825117e+00,-1.600122192468010074e-01,5.675218197194208614e+00
1.652893066460706279e+02,-1.917935275589600641e+00,1.138363619772614181e-02,5.656831932332815782e+00
1.653930664116990386e+02,-1.920978904042354385e+00,-8.888639900881717404e-02,5.679740402927175857e+00
1.654968261773274492e+02,-1.884426356734951513e+00,-1.264145555810069765e-01,5.523083853475037941e+00
1.656005859429558598e+02,-1.924513279537034993e+00,-1.556507944321300629e-01,5.714734028610020999e+00
1.657043457085842988e+02,-1.980042595297792252e+00,-2.903198621541815405e-01,6.025867208742523573e+00
1.658081054742127094e+02,-1.964631720032376627e+00,-2.085094139984475792e-01,5.914268102235043401e+00
1.659118652398411200e+02,-1.833880942947595738e+00,-1.493716078361955468e-01,5.296139910624554581e+00
1.660156250054695306e+02,-1.813393671362800719e+00,-2.787455152949556147e-01,5.271264551348814109e+00
1.661193847710979696e+02,-1.778575789248372008e+00,-3.505820022302451044e-01,5.166992218437739481e+00
1.662231445367263802e+02,-1.862368595248713676e+00,-1.862518064461561040e-01,5.444533432363898307e+00
1.663269043023547908e+02,-1.846193532243934010e+00,-9.054800034174986800e-02,5.335978862256121502e+00
1.664306640679832014e+02,-1.909239199556682864e+00,-1.480190994348330180e-01,5.643232238669103396e+00
1.665344238336116405e+02,-1.976546418922811021e+00,-2.226219308966989607e-01,5.972888066174499855e+00
1.666381835992400511e+02,-1.964199470767318489e+00,-1.756234801457434991e-01,5.898293630097169782e+00
1.667419433648684617e+02,-1.818135287149062584e+00,-1.665727472701192258e-01,5.228825326386927763e+00
1.668457031304969007e+02,-1.815323581135944053e+00,-1.872526080508085666e-01,5.225046449423143002e+00
1.669494628961253113e+02,-1.783599776403683723e+00,-9.204487826549768992e-02,5.037498958531301696e+00
1.670532226617537219e+02,-1.708480890189046919e+00,-1.314467403196083461e-01,4.677834449070696898e+00
1.671569824273821325e+02,-1.790137033702319469e+00,-9.847689095620690281e-02,5.070848271229292159e+00
1.672607421930105716e+02,-1.870415211041270842e+00,5.828198052862075540e-02,5.442975208729787795e+00
1.673645019586389822e+02,-1.973296564679618559e+00,-8.717173165915868827e-02,5.912314156689229883e+00
1.674682617242673928e+02,-1.889588846188809734e+00,-3.517649907138197668e-02,5.528851137772620383e+00
1.675720214898958034e+02,-1.861281421254006085e+00,-2.109921204482995832e-02,5.396798886752306679e+00
1.676757812555242424e+02,-1.834884619500635639e+00,1.266510429652813749e-03,5.272177275320690804e+00
1.677795410211526530e+02,-1.778380909706244406e+00,1.228664402455456085e-03,5.000497827356959135e+00
1.678833007867810636e+02,-1.729986642355629822e+00,-2.340251856834164867e-02,4.761649662330978749e+00
1.679870605524094742e+02,-1.758117222916446343e+00,-6.568189435416338373e-02,4.907013840253779513e+00
1.680908203180379132e+02,-1.766525642547369879e+00,-3.638372567474658370e-02,4.944240821628161697e+00
1.681945800836663238e+02,-1.737196083722004181e+00,-3.769497680110456272e-02,4.799021164365006697e+00
1.682983398492947344e+02,-1.825656713341342829e+00,-7.223997528760900400e-02,5.235176931790395116e+00
1.684020996149231451e+02,-1.853654136148032761e+00,-1.407630212620852583e-01,5.385546179715348103e+00
1.685058593805515841e+02,-1.856677496200038524e+00,-2.121683925214821673e-02,5.375296551907863041e+00
1.686096191461799947e+02,-1.809455789658459102e+00,2.748179830522142972e-02,5.151961208576550710e+00
1.687133789118084053e+02,-1.788427812702603870e+00,-2.450390545279506130e-02,5.050243516873972105e+00
1.688171386774368159e+02,-1.856016550108093854e+00,-6.431437149131075115e-02,5.376848550091921197e+00
1.689208984430652549e+02,-1.870149518710589431e+00,-9.137311132376571554e-02,5.447881608990790880e+00
1.690246582086936655e+02,-1.875583900651192959e+00,9.956947623303803729e-02,5.474952212863019696e+00
1.691284179743220761e+02,-1.768193057329236373e+00,1.135837256283842300e-01,4.968477538117501702e+00
1.692321777399504867e+02,-1.740897821475572593e+00,1.894153309830057946e-02,4.815979730061684450e+00
1.693359375055789258e+02,-1.744620975659745721e+00,1.663696515270108450e-02,4.834416715619981098e+00
1.694396972712073364e+02,-1.807789433606375562e+00,-5.235937685381743950e-02,5.146598499982299124e+00
1.695434570368357470e+02,-1.794993458486426441e+00,-3.203249078705326658e-02,5.082640240806060916e+00
1.696472168024641860e+02,-1.755058699805903899e+00,-4.912062841788177731e-02,4.889233555196758729e+00
1.697509765680925966e+02,-1.765989573525395651e+00,-5.930207362617629513e-02,4.944657143657940956e+00
1.698547363337210072e+02,-1.816924298564981610e+00,8.167715530029161231e-02,5.195504111713074025e+00
1.699584960993494178e+02,-1.867768568478315627e+00,7.444261827243195406e-02,5.433354704949099556e+00
1.700622558649778568e+02,-1.822141495284719026e+00,6.511199355547951650e-02,5.217183947065571203e+00
1.701660156306062675e+02,-1.732831338438637125e+00,7.974788210532698929e-02,4.784314497289321011e+00
1.702697753962346781e+02,-1.736580884322563190e+00,1.023897392598134282e-01,4.808971715004568992e+00
1.703735351618630887e+02,-1.727645258079535617e+00,3.901927340674730960e-02,4.751306189654006751e+00
1.704772949274915277e+02,-1.743136709246834171e+00,-4.646171484964133243e-03,4.826659832416161144e+00
1.705810546931199383e+02,-1.862847714035840596e+00,1.233610934727805281e-01,5.422550647374989374e+00
1.706848144587483773e+02,-1.772017287578858902e+00,8.580487849914257559e-02,4.979530091292255989e+00
1.707885742243767879e+02,-1.744939064255816241e+00,5.009677100359251345e-02,4.839183505284378128e+00
1.708923339900052270e+02,-1.807736825364056887e+00,1.050000258130522890e-01,5.157331300553153142e+00
1.709960937556336376e+02,-1.758235562799450147e+00,7.463276503348484359e-02,4.909359247846688312e+00
1.710998535212620482e+02,-1.768901849929006342e+00,7.126298149136484072e-02,4.961117640290537700e+00
1.712036132868904588e+02,-1.803270371923577420e+00,7.674787996096679721e-02,5.129076578627769223e+00
1.713073730525188978e+02,-1.786135156527325130e+00,4.693494420927292465e-02,5.041284146180186276e+00
1.714111328181473084e+02,-1.720593416566097655e+00,2.049161878762213451e-01,4.774732306604748011e+00
1.715148925837757190e+02,-1.790965546016016763e+00,1.248607895027694786e-01,5.082802213952527737e+00
1.716186523494041580e+02,-1.797850453254926650e+00,6.255055134855772025e-02,5.100325117100253713e+00
1.717224121150325686e+02,-1.766594880235571541e+00,8.178058886504165070e-02,4.952036415345540732e+00
1.718261718806609792e+02,-1.763893640630058490e+00,9.459917211767250589e-02,4.941921447838128145e+00
1.719299316462893898e+02,-1.691639748395646459e+00,9.504183994895881726e-02,4.579844794548283637e+00
1.720336914119178289e+02,-1.712932625542655574e+00,1.300455513557398635e-01,4.699765715569793834e+00
1.721374511775462395e+02,-1.741180862894321058e+00,7.312266347898954688e-02,4.824530460409888200e+00
1.722412109431746501e+02,-1.637984600170494076e+00,1.116226378374777367e-01,4.306317899079768807e+00
1.723449707088030607e+02,-1.701729177822765449e+00,1.856629127198622942e-01,4.669199269832365218e+00
1.724487304744314997e+02,-1.792539155376868809e+00,1.758314861642377436e-01,5.110960181478240827e+00
1.725524902400599103e+02,-1.716718407628042620e+00,1.134880409445604005e-01,4.712919497046293316e+00
1.726562500056883209e+02,-1.731486211391452201e+00,8.035335150450631514e-02,4.777723762181330436e+00
1.727600097713167315e+02,-1.701018487414091451e+00,1.477941970219547319e-01,4.646842982793211618e+00
1.728637695369451706e+02,-1.686619564932465343e+00,1.272057433265266213e-01,4.564976466190054261e+00
1.729675293025735812e+02,-1.654905508203791120e+00,1.310235360886594091e-01,4.402602097719224616e+00
1.730712890682019918e+02,-1.713126983778004542e+00,1.394557699962429842e-01,4.704475344409662974e+00
1.731750488338304024e+02,-1.684698166910729267e+00,8.097523236602997831e-02,4.540463810831137259e+00
1.732788085994588414e+02,-1.717829763472861870e+00,1.684182714909069067e-01,4.741147920610683464e+00
1.733825683650872520e+02,-1.719492433450725777e+00,1.480950412151909867e-01,4.740101978338164379e+00
1.734863281307156626e+02,-1.713884600804562952e+00,1.771686946473783331e-01,4.725793572393630626e+00
1.735900878963440732e+02,-1.645636374775473865e+00,1.510928914674256607e-01,4.363134530519126919e+00
1.736938476619725122e+02,-1.700984774108770026e+00,1.419981741089574867e-01,4.644169130154412350e+00
1.737976074276009228e+02,-1.709143679412733263e+00,1.516880519592157528e-01,4.689645620404920834e+00
1.739013671932293335e+02,-1.683319615698265492e+00,1.732901956723067460e-01,4.569115075578600305e+00
1.740051269588577441e+02,-1.629126499738225320e+00,1.795586695223844731e-01,4.291536177132548424e+00
1.741088867244861831e+02,-1.709596316251933423e+00,1.080113574717492947e-01,4.675172446163493589e+00
1.742126464901145937e+02,-1.698898119110308302e+00,1.314934955391415250e-01,4.629286148660389344e+00
1.743164062557430043e+02,-1.710380787879463460e+00,1.888260927383986210e-01,4.714468750731971802e+00
1.744201660213714433e+02,-1.682443081740131463e+00,1.395523391965404758e-01,4.548585101526849250e+00
1.745239257869998539e+02,-1.626934555088161982e+00,1.228345805708429411e-01,4.252087658353747024e+00
1.746276855526282645e+02,-1.651996437037474896e+00,1.720273744371218494e-01,4.407022150912338176e+00
1.747314453182566751e+02,-1.640911082400119403e+00,1.665693235678424866e-01,4.346223125682405097e+00
1.748352050838851142e+02,-1.641510702075605455e+00,1.950003693195946353e-01,4.365732873191362273e+00
1.749389648495135248e+02,-1.604684986129684576e+00,2.363916874427214321e-01,4.201035047813820533e+00
1.750427246151419354e+02,-1.612493746552156049e+00,1.771592294848857996e-01,4.202069185484342384e+00
1.751464843807703460e+02,-1.618460654678295363e+00,1.075763599328098813e-01,4.201187952855728547e+00
1.752502441463987850e+02,-1.659603384424370276e+00,1.599922657940342496e-01,4.440261925165546408e+00
1.753540039120271956e+02,-1.648119542267342919e+00,1.908695816671823198e-01,4.397634933318082417e+00
1.754577636776556062e+02,-1.608719550695260736e+00,2.140803101926222196e-01,4.205842727464045083e+00
1.755615234432840168e+02,-1.661917146136239642e+00,2.009848132763246698e-01,4.475244671298935550e+00
1.756652832089124558e+02,-1.632897858237785327e+00,1.988247560404861891e-01,4.323096078541289522e+00
1.757690429745408665e+02,-1.673623830814005231e+00,1.727255266079981977e-01,4.519169857860637407e+00
1.758728027401692771e+02,-1.741149531859859989e+00,1.615378408762414841e-01,4.853943287409060225e+00
1.759765625057976877e+02,-1.641963332085888183e+00,2.157265337821197004e-01,4.381595455343291867e+00
1.760803222714261267e+02,-1.615020265423064538e+00,3.021274895958029894e-01,4.312948309583147122e+00
1.761840820370545373e+02,-1.633517187978444696e+00,3.167855196141068919e-01,4.422808368404391288e+00
1.762878418026829479e+02,-1.617756777037173688e+00,2.838846520895333958e-01,4.309980766962034693e+00
1.763916015683113585e+02,-1.631780091077615902e+00,2.610946387649640821e-01,4.363020882285741919e+00
1.764953613339397975e+02,-1.638503347703608837e+00,2.447633197474710642e-01,4.384794234421637960e+00
1.765991210995682081e+02,-1.602500933155792895e+00,2.160334775795695883e-01,4.174184957967884912e+00
1.767028808651966187e+02,-1.580177362135855690e+00,2.617356606058766633e-01,4.091662721208692233e+00
1.768066406308250293e+02,-1.602635638670840690e+00,2.668784557310749928e-01,4.215488305655257228e+00
1.769104003964534684e+02,-1.643149475728874487e+00,2.707862352373769932e-01,4.429914309307873665e+00
1.770141601620818790e+02,-1.578705974840857396e+00,2.637119265059236217e-01,4.085548054538062246e+00
1.771179199277103180e+02,-1.539542636139384468e+00,2.417562031340756146e-01,3.853627127056592272e+00
1.772216796933387570e+02,-1.552683766084806960e+00,2.753942757196645164e-01,3.956179601066822205e+00
1.773254394589671676e+02,-1.619201974503458707e+00,2.904697802544660146e-01,4.323579201919313775e+00
1.774291992245955782e+02,-1.653258975416321608e+00,2.031596342288872203e-01,4.431908458227697523e+00
1.775329589902239888e+02,-1.663456889766142588e+00,2.475141704428180101e-01,4.515334718338848141e+00
1.776367187558524279e+02,-1.612813760207876035e+00,2.796290502433690373e-01,4.280311717829146545e+00
1.777404785214808385e+02,-1.535517276573072909e+00,2.668354067391980333e-01,3.854300967745317941e+00
1.778442382871092491e+02,-1.494726375451478795e+00,2.276017288315208553e-01,3.590780279097822270e+00
1.779479980527376597e+02,-1.541548335157859828e+00,2.426798333908231908e-01,3.865461862503014157e+00
1.780517578183660987e+02,-1.577014300761767185e+00,2.538859446331944714e-01,4.067840283818623170e+00
1.781555175839945093e+02,-1.578878822888882150e+00,2.463577915584086175e-01,4.071444508524988848e+00
1.782592773496229199e+02,-1.561791301673633336e+00,3.176238861923866841e-01,4.048468825642716595e+00
1.783630371152513305e+02,-1.577829411464367171e+00,3.025841093196896536e-01,4.118053010826442595e+00
1.784667968808797696e+02,-1.552312938132778708e+00,2.769215785578506561e-01,3.955641882587477731e+00
1.785705566465081802e+02,-1.580450974663355490e+00,2.720261863990564022e-01,4.102411653265860991e+00
1.786743164121365908e+02,-1.603890789996213151e+00,2.894664662428078628e-01,4.242700103520310684e+00
1.787780761777650014e+02,-1.576927213513198867e+00,3.297378956807414663e-01,4.142087373560860541e+00
1.788818359433934404e+02,-1.542741325055473123e+00,3.250664458561116632e-01,3.954520302269814991e+00
1.789855957090218510e+02,-1.593696385141716299e+00,2.797714632587188222e-01,4.179929056534731124e+00
1.790893554746502616e+02,-1.585003920670152500e+00,2.656727038732616397e-01,4.120940421812381516e+00
1.791931152402787006e+02,-1.571431219437583016e+00,3.061683989196076205e-01,4.087715091360188069e+00
1.792968750059071112e+02,-1.549762210391485651e+00,2.939555807666561771e-01,3.958805368316862694e+00
1.794006347715355218e+02,-1.561608565443707741e+00,3.091419077851005337e-01,4.038391781245613821e+00
1.795043945371639325e+02,-1.574909086472314090e+00,3.393675310078836382e-01,4.142225310731957322e+00
1.796081543027923715e+02,-1.579039593372999262e+00,3.615938750076831409e-01,4.189830570579178293e+00
1.797119140684207821e+02,-1.545831995929400460e+00,3.476577439057522145e-01,3.997537327018630293e+00
1.798156738340491927e+02,-1.523235676643555081e+00,3.240829896854334757e-01,3.847612963894389448e+00
1.799194335996776033e+02,-1.485030137062050670e+00,3.117232959704068773e-01,3.621969833425315421e+00
1.800231933653060423e+02,-1.506104511979943661e+00,3.463432208862150530e-01,3.780896837749095241e+00
1.801269531309344529e+02,-1.552405250387673519e+00,3.349120459051051490e-01,4.017671476803589492e+00
1.802307128965628635e+02,-1.548194707746925136e+00,3.254417638480139319e-01,3.984294770322494905e+00
1.803344726621912741e+02,-1.527574640168102071e+00,3.690088300731845794e-01,3.926357253705616390e+00
1.804382324278197132e+02,-1.489103551197531683e+00,3.688260706222227236e-01,3.717072008327301447e+00
1.805419921934481238e+02,-1.459578522721098448e+00,3.265402230448293808e-01,3.496655921742935824e+00
1.806457519590765344e+02,-1.474671185209024848e+00,3.470758312740619966e-01,3.608047800722055776e+00
1.807495117247049450e+02,-1.486142480270985722e+00,3.379258875268975060e-01,3.660143184787487680e+00
1.808532714903333840e+02,-1.493908665238175892e+00,3.546508127331089999e-01,3.724591251649134627e+00
1.809570312559617946e+02,-1.499709196654093191e+00,3.373801468936607484e-01,3.734550904348317601e+00
1.810607910215902052e+02,-1.505715854548468791e+00,3.211097668600155774e-01,3.748017988759202890e+00
1.811645507872186158e+02,-1.484172288959816566e+00,2.935436241697119142e-01,3.596335060094887126e+00
1.812683105528470549e+02,-1.438926573063901149e+00,3.180339836242250806e-01,3.367908916749168924e+00
1.813720703184754655e+02,-1.445250976211975180e+00,3.569361545933427693e-01,3.455998974575474225e+00
1.814758300841038761e+02,-1.453484269320996836e+00,3.877656701916586957e-01,3.546804731684971124e+00
1.815795898497322867e+02,-1.540173543535435563e+00,4.057544636407516281e-01,4.042813034553155660e+00
1.816833496153607257e+02,-1.514667924143503486e+00,3.887474394893365992e-01,3.883398721560228140e+00
1.817871093809891363e+02,-1.445512436093062458e+00,3.491573272863698896e-01,3.446706521229569997e+00
1.818908691466175469e+02,-1.475457469055567961e+00,3.334994367600837006e-01,3.594933392401044703e+00
1.819946289122459575e+02,-1.475658344830241608e+00,3.628237060613941356e-01,3.634631647983828984e+00
1.820983886778743965e+02,-1.467802123492588873e+00,3.694613259838968600e-01,3.600146146473762521e+00
1.822021484435028071e+02,-1.450138818269658847e+00,3.815840449717015637e-01,3.518946255301907300e+00
1.823059082091312177e+02,-1.447039038747900852e+00,3.867875804109397464e-01,3.509312253668208204e+00
1.824096679747596568e+02,-1.479882288364913201e+00,3.858470032081298684e-01,3.690171310033969032e+00
1.825134277403880674e+02,-1.458545288882637792e+00,3.819964080502415982e-01,3.566520934582644742e+00
1.826171875060164780e+02,-1.426005814882767897e+00,3.815339213685605135e-01,3.382693315736771122e+00
1.827209472716448886e+02,-1.459067878712840827e+00,3.945557187604561422e-01,3.588012929405481888e+00
1.828247070372733276e+02,-1.428749712518922133e+00,3.515726246123246912e-01,3.354436683150217480e+00
1.829284668029017382e+02,-1.418767655171755404e+00,3.922547497886804679e-01,3.358119015773198157e+00
1.830322265685301488e+02,-1.444021592303095680e+00,4.078504035395135174e-01,3.524797268086063085e+00
1.831359863341585594e+02,-1.435524497014811995e+00,4.386158398990267493e-01,3.527832502660815273e+00
1.832397460997869985e+02,-1.432561356866532520e+00,4.187250702532363533e-01,3.478299421223009613e+00
1.833435058654154091e+02,-1.421543370145258445e+00,4.042037511095509239e-01,3.392856872013013003e+00
1.834472656310438197e+02,-1.439240211001520775e+00,3.946473468503163828e-01,3.477512061333958737e+00
1.835510253966722587e+02,-1.424541633028622023e+00,3.960069490687838645e-01,3.396780437370956918e+00
1.836547851623006977e+02,-1.433733188233332401e+00,4.404922450960803149e-01,3.521099893224685751e+00
1.837585449279291083e+02,-1.415623273861380094e+00,4.704129301689979892e-01,3.473841920516084869e+00
1.838623046935575189e+02,-1.394494728477485346e+00,4.350168548866262808e-01,3.291649479585335492e+00
1.839660644591859295e+02,-1.387028061548738478e+00,3.977617872314497260e-01,3.184935082849284615e+00
1.840698242248143686e+02,-1.399700234903813900e+00,4.145640930865718832e-01,3.285883683345586892e+00
1.841735839904427792e+02,-1.410323343508210092e+00,3.872885839967754595e-01,3.302116739785914579e+00
1.842773437560711898e+02,-1.393847099543368051e+00,4.125727551946837268e-01,3.249048440486173472e+00
1.843811035216996288e+02,-1.388382492662472822e+00,4.298872145075294249e-01,3.247780015683405797e+00
1.844848632873280394e+02,-1.392209408752414168e+00,4.167887702211782175e-01,3.246856714009621392e+00
1.845886230529564500e+02,-1.412983039062466029e+00,4.131473118852139192e-01,3.359013506586078890e+00
1.846923828185848606e+02,-1.399191071313859780e+00,4.173507585713243651e-01,3.287703557828609569e+00
1.847961425842132996e+02,-1.392599776930096400e+00,4.286713563445653796e-01,3.269690737489523435e+00
1.848999023498417102e+02,-1.377799978408402071e+00,4.047358478346478328e-01,3.143189650991225381e+00
1.850036621154701209e+02,-1.371245418460681043e+00,4.173100804230093774e-01,3.126980495867153653e+00
1.851074218810985315e+02,-1.352278360716055117e+00,4.692697387218804361e-01,3.115145841715858843e+00
1.852111816467269705e+02,-1.336414564226234836e+00,4.539329858875380541e-01,2.993022064448251029e+00
1.853149414123553811e+02,-1.361312177220255215e+00,4.589888699472758349e-01,3.146763676936614296e+00
1.854187011779837917e+02,-1.378183532767952357e+00,4.494052151524779992e-01,3.224994065067634530e+00
1.855224609436122023e+02,-1.368310612348626831e+00,4.752209183284600846e-01,3.218280163012254835e+00
1.856262207092406413e+02,-1.358340677337116720e+00,4.415889345738255312e-01,3.096493659783506214e+00
1.857299804748690519e+02,-1.350561197353608689e+00,4.412631409291878359e-01,3.050779589526753988e+00
1.858337402404974625e+02,-1.355568788962478344e+00,4.672976318002630136e-01,3.130091303564332073e+00
1.859375000061258731e+02,-1.355802144359604222e+00,4.553892270142452237e-01,3.108162146737483589e+00
1.860412597717543122e+02,-1.359649599046725221e+00,4.514237473207500240e-01,3.122684454099584173e+00
1.861450195373827228e+02,-1.349275344482478989e+00,4.366572947033891539e-01,3.034581859130125459e+00
1.862487793030111334e+02,-1.375904111508675198e+00,4.791209143953721328e-01,3.268822722253265756e+00
1.863525390686395440e+02,-1.381721782479147675e+00,4.873424922543225235e-01,3.317628165726287826e+00
1.864562988342679830e+02,-1.347039090016255214e+00,4.641287731894077062e-01,3.074810252132760713e+00
1.865600585998963936e+02,-1.325084163755112510e+00,4.654694336362381057e-01,2.950191772241412380e+00
1.866638183655248042e+02,-1.337162076993373194e+00,4.628263929465237791e-01,3.015097758197042843e+00
1.867675781311532148e+02,-1.332316825154351125e+00,4.584861102077690820e-01,2.978212502845368093e+00
1.868713378967816539e+02,-1.321630218513033972e+00,4.652706426717578836e-01,2.929608301093693523e+00
1.869750976624100645e+02,-1.332275583123308849e+00,4.760440593264915754e-01,3.013721230960936026e+00
1.870788574280384751e+02,-1.320653429219704300e+00,4.718802631798517666e-01,2.937594185781558842e+00
1.871826171936669141e+02,-1.326345094829202820e+00,4.934045286261245500e-01,3.016027431070070097e+00
1.872863769592953247e+02,-1.349410701356145381e+00,5.144468736638601047e-01,3.192236938055760920e+00
1.873901367249237353e+02,-1.302635762362883698e+00,5.071204436438901952e-01,2.909314657543606408e+00
1.874938964905521459e+02,-1.301522693612258808e+00,5.088818556220425782e-01,2.906849122948991226e+00
1.875976562561805849e+02,-1.289704967872339125e+00,4.911688863640921165e-01,2.798005372726837248e+00
1.877014160218089955e+02,-1.292854835948821224e+00,4.983035980657248842e-01,2.832514861716545873e+00
1.878051757874374061e+02,-1.305455014359847787e+00,4.839432547789059291e-01,2.874465082962349260e+00
1.879089355530658167e+02,-1.303738406494256985e+00,4.748721162989933409e-01,2.844842806111031575e+00
1.880126953186942558e+02,-1.292347027083875277e+00,4.900733940197399829e-01,2.811090256561059153e+00
1.881164550843226664e+02,-1.285708696678645291e+00,4.874343192012349224e-01,2.766086279309664775e+00
1.882202148499510770e+02,-1.280855659419768866e+00,4.565312599421012529e-01,2.669397324368815383e+00
1.883239746155794876e+02,-1.279080794875081972e+00,4.741869021097242509e-01,2.697232454471711449e+00
1.884277343812079266e+02,-1.285563516942195728e+00,4.949058658997220750e-01,2.782059011905076318e+00
1.885314941468363372e+02,-1.276589930359635972e+00,5.065043763564360813e-01,2.755943102745310735e+00
1.886352539124647478e+02,-1.264042527245253567e+00,5.179611810623551138e-01,2.709319562300564144e+00
1.887390136780931584e+02,-1.248928888765852729e+00,5.066631911820871359e-01,2.592428037885970760e+00
1.888427734437215975e+02,-1.240642826074298322e+00,4.946652420935405137e-01,2.513676628475677077e+00
1.889465332093500081e+02,-1.207911851860422159e+00,4.988344552343636495e-01,2.324590960843272214e+00
1.890502929749784187e+02,-1.240788279298727703e+00,4.813995986098359436e-01,2.482923990965114847e+00
1.891540527406068293e+02,-1.258410681990279834e+00,4.978151698055033880e-01,2.627873331472907026e+00
1.892578125062352683e+02,-1.259758387204870544e+00,5.113586667912882744e-01,2.668144929131588405e+00
1.893615722718636789e+02,-1.230004255482370468e+00,5.181906253270928131e-01,2.507692475307867319e+00
1.894653320374920895e+02,-1.252816652309769019e+00,5.096304432297326104e-01,2.622784656069642839e+00
1.895690918031205001e+02,-1.231808662925436559e+00,5.122281801059573869e-01,2.503541920843579849e+00
1.896728515687489391e+02,-1.221136750374014035e+00,5.193424464593392464e-01,2.457326068966654287e+00
1.897766113343773497e+02,-1.224848776695558472e+00,5.044982437917402418e-01,2.442209443973855976e+00
1.898803711000057604e+02,-1.228578961271699743e+00,5.158196576686401302e-01,2.493148509415219927e+00
1.899841308656342278e+02,-1.230609932070894530e+00,5.077237235053820852e-01,2.485088564210680140e+00
1.900878906312626384e+02,-1.214983797490325701e+00,4.960801967661175316e-01,2.361040583856949482e+00
1.901916503968910490e+02,-1.217914269164102059e+00,5.102135625022512500e-01,2.414550914370038992e+00
1.902954101625194596e+02,-1.236516179936917759e+00,5.296049246512318787e-01,2.575474604011910529e+00
1.903991699281478986e+02,-1.225266248889957499e+00,5.139471619001191316e-01,2.468478125016134062e+00
1.905029296937763093e+02,-1.202790044516657941e+00,5.357772937312190731e-01,2.389892795247891222e+00
1.906066894594047199e+02,-1.207778227973621776e+00,5.226649319623266621e-01,2.385245372233932404e+00
1.907104492250331305e+02,-1.213774340439846222e+00,5.164059090799671958e-01,2.405300821054741522e+00
1.908142089906615695e+02,-1.211171510797022233e+00,5.286698318116185291e-01,2.421507402986203150e+00
1.909179687562899801e+02,-1.199218964216433703e+00,5.293260755936717299e-01,2.351020782530537367e+00
1.910217285219183907e+02,-1.189951300766080022e+00,5.283744712553275491e-01,2.292116387744153716e+00
1.911254882875468013e+02,-1.173229790739874323e+00,5.364798940390321791e-01,2.212260859152722858e+00
1.912292480531752403e+02,-1.187056307075238681e+00,5.287053573823767838e-01,2.275350230010047881e+00
1.913330078188036509e+02,-1.193002759915949618e+00,5.247549990268897124e-01,2.300971010800289651e+00
1.914367675844320615e+02,-1.188495404195511584e+00,5.510153150192054206e-01,2.345525123709603754e+00
1.915405273500604721e+02,-1.175257343244289876e+00,5.466019656365184165e-01,2.253101946965224478e+00
1.916442871156889112e+02,-1.180447669337451044e+00,5.401660381753514706e-01,2.266607405365996808e+00
1.917480468813173218e+02,-1.174488109742827913e+00,5.401883425794321569e-01,2.230351225674560123e+00
1.918518066469457324e+02,-1.173395897057420978e+00,5.358427590881066349e-01,2.211495097767898876e+00
1.919555664125741714e+02,-1.165161338031744265e+00,5.255872177038752868e-01,2.132102864367642514e+00
1.920593261782025820e+02,-1.181634227198446130e+00,5.407629486738650959e-01,2.275483920149595995e+00
1.921630859438309926e+02,-1.171356665525777441e+00,5.555828824616760864e-01,2.255028039520151850e+00
1.922668457094594032e+02,-1.158052554813723933e+00,5.704299833063471992e-01,2.217990857844438057e+00
1.923706054750878423e+02,-1.158588005750541772e+00,5.567803690993848864e-01,2.180969316973664363e+00
1.924743652407162529e+02,-1.161517987461667234e+00,5.530012802500050562e-01,2.187807968637739187e+00
1.925781250063446635e+02,-1.162294386032508342e+00,5.529856713537881774e-01,2.192494801379346825e+00
1.926818847719730741e+02,-1.163384305266438323e+00,5.512974428468894184e-01,2.194252152349999818e+00
1.927856445376015131e+02,-1.156736527908163392e+00,5.537129056464263899e-01,2.160701560354691964e+00
1.928894043032299237e+02,-1.149245876951114687e+00,5.662753462944138949e-01,2.152233862219717686e+00
1.929931640688583343e+02,-1.140789349954099086e+00,5.587656423825473340e-01,2.078011023258204748e+00
1.930969238344867449e+02,-1.138057745496342088e+00,5.551784552398674188e-01,2.050414863123740439e+00
1.932006836001151839e+02,-1.152726520905489105e+00,5.544119261596335280e-01,2.138233863345938346e+00
1.933044433657435945e+02,-1.145801428552275070e+00,5.656947133874246081e-01,2.129519883319150431e+00
1.934082031313720051e+02,-1.132722246484188844e+00,5.756049422510682856e-01,2.080059669260278188e+00
1.935119628970004158e+02,-1.110287128312405169e+00,5.730382218498590863e-01,1.934335922133842534e+00
1.936157226626288548e+02,-1.114464597256838774e+00,5.716713017665671082e-01,1.955784920891073586e+00
1.937194824282572654e+02,-1.119962325097969114e+00,5.603500122445742582e-01,1.954312874398667299e+00
1.938232421938856760e+02,-1.110559933755250750e+00,5.600747101434625508e-01,1.894979067413500529e+00
1.939270019595140866e+02,-1.106907771782816186e+00,5.676420254993302938e-01,1.896200729425976617e+00
1.940307617251425256e+02,-1.106601097810656853e+00,5.663513564649175214e-01,1.890183828710052971e+00
1.941345214907709362e+02,-1.115803602230083236e+00,5.476223780536116914e-01,1.889026073859470189e+00
1.942382812563993468e+02,-1.103566157254626479e+00,5.587448429222536816e-01,1.847067764498493192e+00
1.943420410220277574e+02,-1.104505511828029141e+00,5.833755747391456969e-01,1.931968319058529726e+00
1.944458007876561965e+02,-1.085447948950815977e+00,5.678202108996037722e-01,1.762698742161669108e+00
1.945495605532846071e+02,-1.090087554523363922e+00,5.772239011730224689e-01,1.822657650956262643e+00
1.946533203189130177e+02,-1.104117905131846156e+00,5.816082857265582051e-01,1.923847063843784788e+00
1.947570800845414567e+02,-1.097005254383047745e+00,5.749620397769297231e-01,1.858258905414531981e+00
1.948608398501698673e+02,-1.086679422397712758e+00,5.767187724721163367e-01,1.799757421232385912e+00
1.949645996157982779e+02,-1.081568394112674358e+00,5.757029597619426342e-01,1.764455245962602614e+00
1.950683593814266885e+02,-1.074594392335110671e+00,5.792885773303293462e-01,1.732819670045933069e+00
1.951721191470551275e+02,-1.079674901499471096e+00,5.787093209342633049e-01,1.762656283324830708e+00
1.952758789126835381e+02,-1.085484245189651809e+00,5.772234183859813461e-01,1.793974976749535877e+00
1.953796386783119488e+02,-1.086082413021359550e+00,5.715742708307584019e-01,1.779034477707451156e+00
1.954833984439403594e+02,-1.070127906037992682e+00,5.705716669643324801e-01,1.675316999407550078e+00
1.955871582095687984e+02,-1.066344419559374312e+00,5.688883402444018245e-01,1.645682733308879486e+00
1.956909179751972090e+02,-1.067749111780504911e+00,5.898910196277652451e-01,1.726203203704717026e+00
1.957946777408256196e+02,-1.053024586856691647e+00,5.861774489742904715e-01,1.621056108888897507e+00
1.958984375064540302e+02,-1.052900218129299459e+00,5.712985095572742367e-01,1.568461073187444210e+00
1.960021972720824692e+02,-1.060083102286245582e+00,5.718600351359856004e-01,1.616075719155205981e+00
1.961059570377108798e+02,-1.056218756499567535e+00,5.781504996031151533e-01,1.613248886620822997e+00
1.962097168033392904e+02,-1.049401261239701233e+00,5.782541555305655834e-01,1.570397648184793660e+00
1.963134765689677010e+02,-1.060943078117755345e+00,5.724056884328074801e-01,1.623398795244860526e+00
1.964172363345961685e+02,-1.058654445271992151e+00,5.670343659418848326e-01,1.590487400988500610e+00
1.965209961002245791e+02,-1.046976204862662962e+00,5.798492004068573902e-01,1.560595427030562199e+00
1.966247558658529897e+02,-1.051084246313295223e+00,5.885080549929729843e-01,1.617032750131440766e+00
1.967285156314814287e+02,-1.032792955157903592e+00,5.921355550246912847e-01,1.514574370328189978e+00
1.968322753971098393e+02,-1.022555491326025967e+00,6.032492778538989242e-01,1.490741462443991860e+00
1.969360351627382499e+02,-1.029014426199884147e+00,6.058682297300759245e-01,1.541033841783649994e+00
1.970397949283666605e+02,-1.025864151734460439e+00,6.103979176687646113e-01,1.538096453760317672e+00
1.971435546939950996e+02,-1.020971526398356310e+00,6.014324443536422926e-01,1.473992279530161875e+00
1.972473144596235102e+02,-1.016028591282869487e+00,5.902113712734168294e-01,1.400878629628594663e+00
1.973510742252519208e+02,-1.022854517959739473e+00,5.893038512190172939e-01,1.441102123948156066e+00
1.974548339908803314e+02,-1.017256809999870670e+00,5.849371804238597816e-01,1.389222461712496859e+00
1.975585937565087704e+02,-1.015420163051380831e+00,5.916626180232384957e-01,1.402385715202721039e+00
1.976623535221371810e+02,-1.021115472778135747e+00,6.023076238518978442e-01,1.478157961480817129e+00
1.977661132877655916e+02,-1.009582192443088555e+00,5.976634822730479968e-01,1.387629142012829719e+00
1.978698730533940022e+02,-1.015331243516011117e+00,5.883690956006280004e-01,1.389578231845469691e+00
1.979736328190224413e+02,-1.022248004220231765e+00,5.921265328981163423e-01,1.447624585524012408e+00
1.980773925846508519e+02,-1.014839584374801040e+00,5.962183129682888660e-01,1.415675527458113647e+00
1.981811523502792625e+02,-1.021372157703865913e+00,6.080100569295535662e-01,1.501044518508003689e+00
1.982849121159076731e+02,-1.004903214939919298e+00,6.064322437187942283e-01,1.391201510417590548e+00
1.983886718815361121e+02,-9.825587733040017646e-01,6.065446638384003331e-01,1.249337982917722467e+00
1.984924316471645227e+02,-9.865592416079994598e-01,6.067644050078617735e-01,1.275784331906673508e+00
1.985961914127929333e+02,-9.940978912076148255e-01,6.084763562136423776e-01,1.330513606694058826e+00
1.986999511784213439e+02,-9.809221595888836243e-01,6.060438886254596591e-01,1.236875178671052122e+00
1.988037109440497829e+02,-9.818870095231778672e-01,6.007817922569914648e-01,1.222292711764618511e+00
1.989074707096781935e+02,-9.800051405883725142e-01,6.036990459365928485e-01,1.221708448919432977e+00
1.990112304753066041e+02,-9.780075659949900579e-01,6.091191915767265597e-01,1.230427047804487417e+00
1.991149902409350148e+02,-9.713976426866275382e-01,6.118811475045194959e-01,1.199193376359407370e+00
1.992187500065634538e+02,-9.680812591393812561e-01,6.090199272100541572e-01,1.166364954681009980e+00
1.993225097721918644e+02,-9.672349096669923263e-01,6.064758525476974249e-01,1.150631655854415847e+00
1.994262695378202750e+02,-9.661051105086785329e-01,6.102861519116100641e-01,1.158794153566511609e+00
1.995300293034487140e+02,-9.707821570120215293e-01,6.225041520812711893e-01,1.238285919656980205e+00
1.996337890690771246e+02,-9.617886893701399487e-01,6.148322510086706716e-01,1.149631402607222741e+00
1.997375488347055352e+02,-9.600232918324205222e-01,6.102021563339493637e-01,1.119313874442939394e+00
1.998413086003339458e+02,-9.634857593314856139e-01,6.060959520829386493e-01,1.124900831257733325e+00
1.999450683659623849e+02,-9.532696083511126295e-01,6.186536124190241681e-01,1.110793581918989359e+00
2.000488281315907955e+02,-9.535896724303513095e-01,6.233903564102222239e-01,1.132575611936297078e+00
2.001525878972192061e+02,-9.601484993342528362e-01,6.215100045802754991e-01,1.166608078688068151e+00
2.002563476628476167e+02,-9.472362050568373659e-01,6.201015776225994314e-01,1.078143022616582458e+00
2.003601074284760557e+02,-9.378762258278877662e-01,6.185914596024409962e-01,1.011513002743986700e+00
2.004638671941044663e+02,-9.408661178699430083e-01,6.253215826778324438e-01,1.059378422618856508e+00
2.005676269597328769e+02,-9.385871430372768609e-01,6.254624753869348908e-01,1.045380263484645855e+00
2.006713867253612875e+02,-9.235937122590744952e-01,6.273629218318935719e-01,9.573046040733454998e-01
2.007751464909897265e+02,-9.343102342835510887e-01,6.241904025586738625e-01,1.012483359960677953e+00
2.008789062566181371e+02,-9.305723652619503072e-01,6.143164535356696598e-01,9.459327017750689404e-01
2.009826660222465478e+02,-9.220285578271534277e-01,6.083003581895911616e-01,8.641891463481135016e-01
2.010864257878749584e+02,-9.226686125846949027e-01,6.219066768856341687e-01,9.275056135294237336e-01
2.011901855535033974e+02,-9.173993065774935785e-01,6.237384108562052942e-01,9.014199961630950941e-01
2.012939453191318080e+02,-9.197485335797265238e-01,6.107243619608858642e-01,8.597577709650366939e-01
2.013977050847602186e+02,-9.167000550218441512e-01,6.103528821578118047e-01,8.381412213274751499e-01
2.015014648503886292e+02,-9.167027884616369970e-01,6.182288416355666838e-01,8.726695076764267034e-01
2.016052246160170682e+02,-9.168679318374016729e-01,6.368721600670117500e-01,9.560620027850142977e-01
2.017089843816454788e+02,-9.049579338006277229e-01,6.324472624764237993e-01,8.598175939154224512e-01
2.018127441472738894e+02,-8.976300335585136736e-01,6.281420633924168495e-01,7.929057639778849254e-01
2.019165039129023000e+02,-8.958750478095425240e-01,6.279017062964280527e-01,7.804068719125649700e-01
2.020202636785307391e+02,-9.025947008116836923e-01,6.259779436146140075e-01,8.153653391924886584e-01
2.021240234441591497e+02,-9.082104919464243364e-01,6.252030482746592233e-01,8.483540087859903212e-01
2.022277832097875603e+02,-8.982071456231951467e-01,6.329537236058806471e-01,8.185350688716985790e-01
2.023315429754159993e+02,-8.949565572361422028e-01,6.379957644418784435e-01,8.206184164400777137e-01
2.024353027410444099e+02,-8.941713392465470145e-01,6.353249303745820420e-01,8.033065873196437723e-01
2.025390625066728205e+02,-8.938064244256772595e-01,6.296739491863644345e-01,7.750569710163234260e-01
2.026428222723012311e+02,-8.861256633505613101e-01,6.253676202290500141e-01,7.051933447103171382e-01
2.027465820379296702e+02,-8.820753643723068249e-01,6.262811518437718661e-01,6.829164952499240382e-01
2.028503418035581092e+02,-8.786557481243013612e-01,6.298592993453437927e-01,6.772484208224021085e-01
2.029541015691865198e+02,-8.771686208315241373e-01,6.305497931011363466e-01,6.707749171342892724e-01
2.030578613348149304e+02,-8.812820690255805944e-01,6.358082987495473626e-01,7.221690246220848763e-01
2.031616211004433694e+02,-8.732278840816706245e-01,6.354222622026463041e-01,6.680595196330281205e-01
2.032653808660717800e+02,-8.568447545590798242e-01,6.280834539951216655e-01,5.256765834973440299e-01
2.033691406317001906e+02,-8.660329419679637653e-01,6.308567390386681240e-01,5.993934651031852523e-01
2.034729003973286012e+02,-8.667983167941601952e-01,6.360408427448749347e-01,6.291548291153699068e-01
2.035766601629570403e+02,-8.601643540495217399e-01,6.386266772475933662e-01,5.983850340725427319e-01
2.036804199285854509e+02,-8.553267378892981387e-01,6.384897048206924497e-01,5.662015485290206041e-01
2.037841796942138615e+02,-8.580144074029188994e-01,6.321528192025387405e-01,5.530412419343258001e-01
2.038879394598422721e+02,-8.606277254914571628e-01,6.386504465796521979e-01,6.015159817660250541e-01
2.039916992254707111e+02,-8.584302594941729536e-01,6.397839696791675079e-01,5.927026989570431947e-01
2.040954589910991217e+02,-8.557181345756844637e-01,6.308097873998658178e-01,5.314550940758075992e-01
2.041992187567275323e+02,-8.521726927463733059e-01,6.352894058962608170e-01,5.299808292497802942e-01
2.043029785223559429e+02,-8.395883526933488605e-01,6.434307134756407365e-01,4.879580929762051822e-01
2.044067382879843819e+02,-8.372560851887222988e-01,6.376941661208150869e-01,4.440317983557617310e-01
2.045104980536127925e+02,-8.417860337434169837e-01,6.374828310268975118e-01,4.727022701420370288e-01
2.046142578192412032e+02,-8.444461372432205959e-01,6.386086062224082260e-01,4.957083302669796909e-01
2.047180175848696422e+02,-8.388692792371235107e-01,6.388113954493466196e-01,4.601950820004779841e-01
2.048217773504980528e+02,-8.437529452080951842e-01,6.482207693993068398e-01,5.388831906731629262e-01
2.049255371161264634e+02,-8.374524023025430308e-01,6.482591128369831202e-01,4.982499153400743452e-01
2.050292968817548740e+02,-8.291850462481848982e-01,6.456206484186619576e-01,4.311611956362397802e-01
2.051330566473833130e+02,-8.308087722061761049e-01,6.431807301680791955e-01,4.293943793393246722e-01
2.052368164130117236e+02,-8.314198827425524074e-01,6.485287648504559632e-01,4.604564584671433924e-01
2.053405761786401342e+02,-8.234789498470620472e-01,6.506975785856018435e-01,4.199432657106937916e-01
2.054443359442685448e+02,-8.192023804066768111e-01,6.536295367683947477e-01,4.073051772943218074e-01
2.055480957098969839e+02,-8.180558421893110443e-01,6.432006281706543760e-01,3.459734070474399514e-01
2.056518554755253945e+02,-8.174719867552692198e-01,6.446567924480434142e-01,3.496630861454673722e-01
2.057556152411538051e+02,-8.099470152597791905e-01,6.541598140591790012e-01,3.500493452978856168e-01
2.058593750067822157e+02,-8.139946114962265389e-01,6.497620685315504963e-01,3.534085812855961573e-01
2.059631347724106547e+02,-8.186903787169523827e-01,6.509607162587780493e-01,3.901882666871531735e-01
2.060668945380390653e+02,-8.122745720253965462e-01,6.469999668372450330e-01,3.277945127824721805e-01
2.061706543036674759e+02,-8.125782008311971394e-01,6.494364939389878355e-01,3.424776770627105393e-01
2.062744140692958865e+02,-8.021409186717953776e-01,6.558318199529163950e-01,3.082042730123269458e-01
2.063781738349243255e+02,-8.018356492830454041e-01,6.566953166802749209e-01,3.108076036182393365e-01
2.064819336005527362e+02,-7.990662328594240194e-01,6.549721225820752668e-01,2.836598209568524376e-01
2.065856933661811468e+02,-7.925207359086017256e-01,6.583593116128040323e-01,2.593067675043663756e-01
2.066894531318095574e+02,-7.981499860052106987e-01,6.535890485812846373e-01,2.703225077615261651e-01
2.067932128974379964e+02,-8.012704250873320388e-01,6.645754452788784628e-01,3.490699610195786562e-01
2.068969726630664070e+02,-7.934322942532548995e-01,6.614026267324315533e-01,2.815963288375302187e-01
2.070007324286948176e+02,-7.878820044288267210e-01,6.547383788252852943e-01,2.095777810247892725e-01
2.071044921943232282e+02,-7.872621235260650607e-01,6.528716849236793074e-01,1.954127050619175465e-01
2.072082519599516672e+02,-7.868326186435933289e-01,6.567245821597224031e-01,2.135171409666369591e-01
2.073120117255800778e+02,-7.842455365834767322e-01,6.539181296938471055e-01,1.813854006504083127e-01
2.074157714912084884e+02,-7.834428829106597769e-01,6.603810982949410713e-01,2.114212210446147766e-01
2.075195312568369275e+02,-7.884086996610440989e-01,6.615460118406587542e-01,2.499084799953646963e-01
2.076232910224653381e+02,-7.808885699316946427e-01,6.666095480238941606e-01,2.290457525700225760e-01
2.077270507880937487e+02,-7.717771682653379317e-01,6.717295508311746932e-01,1.988884942987174109e-01
2.078308105537221593e+02,-7.746771460414180188e-01,6.703791724805819863e-01,2.099606349347643008e-01
2.079345703193505983e+02,-7.728801456442823126e-01,6.660064202833632097e-01,1.741245959267136989e-01
2.080383300849790089e+02,-7.669094357469099510e-01,6.669574716834952843e-01,1.409290173559140102e-01
2.081420898506074195e+02,-7.637942061249113346e-01,6.643133353119328177e-01,1.059410711414711936e-01
2.082458496162358301e+02,-7.643893278594424689e-01,6.643523098829102747e-01,1.100131684836670454e-01
2.083496093818642692e+02,-7.657968518122234558e-01,6.682475650371956233e-01,1.410016446039968618e-01
2.084533691474926798e+02,-7.717370561892468173e-01,6.663996396377256382e-01,1.689407698604487862e-01
2.085571289131210904e+02,-7.629730649655385166e-01,6.660024516774057934e-01,1.101492034554287097e-01
2.086608886787495010e+02,-7.613858010286191913e-01,6.694055531034370787e-01,1.191373989258981969e-01
2.087646484443779400e+02,-7.615835783004599735e-01,6.704890769247419113e-01,1.265383318944946212e-01
2.088684082100063506e+02,-7.578930741811603644e-01,6.733975129908533752e-01,1.193655231313020537e-01
2.089721679756347612e+02,-7.603780884718287503e-01,6.703523492500256253e-01,1.180174194337423738e-01
2.090759277412631718e+02,-7.581248051319201542e-01,6.709115047976617063e-01,1.067109749386371681e-01
2.091796875068916108e+02,-7.517055736747131345e-01,6.771106625247488298e-01,1.010486998950473614e-01
2.092834472725200499e+02,-7.479364783297461905e-01,6.811494920118406071e-01,1.003421185462013143e-01
2.093872070381484605e+02,-7.421977175672341831e-01,6.775602943465734995e-01,4.297897354329993647e-02
2.094909668037768995e+02,-7.394508442546109395e-01,6.770801115729956354e-01,2.263293319544881083e-02
2.095947265694053101e+02,-7.491785916830876468e-01,6.770334675708187255e-01,8.448090313773581883e-02
2.096984863350337207e+02,-7.461248730648905036e-01,6.798461038588521355e-01,8.128600357608732618e-02
2.098022461006621313e+02,-7.454030781914817716e-01,6.830722584322895807e-01,9.541594898660768487e-02
2.099060058662905703e+02,-7.426927772878636480e-01,6.838900308147940477e-01,8.301229879475595375e-02
2.100097656319189809e+02,-7.405298367453060360e-01,6.814634045105745219e-01,5.513748895513082005e-02
2.101135253975473915e+02,-7.408538295086376513e-01,6.813393206444288142e-01,5.647028236111509281e-02
2.102172851631758022e+02,-7.356128052909179926e-01,6.829302445671174837e-01,3.253640720474063053e-02
2.103210449288042412e+02,-7.326366675437361309e-01,6.860588283827253608e-01,3.216260083344922582e-02
2.104248046944326518e+02,-7.388356078543025784e-01,6.859760859246507581e-01,7.082279854024363386e-02
2.105285644600610624e+02,-7.330110627973421833e-01,6.852944930547958391e-01,3.000902091516589529e-02
2.106323242256894730e+02,-7.261407710103532365e-01,6.902496071122921073e-01,1.614715150656690842e-02
2.107360839913179120e+02,-7.252678907558093302e-01,6.833378109181363902e-01,-3.066462843579229047e-02
2.108398437569463226e+02,-7.285893255021722581e-01,6.877867355029848584e-01,1.687425438101685521e-02
2.109436035225747332e+02,-7.332192014459992802e-01,6.917704646957893999e-01,6.960716295220036043e-02
2.110473632882031438e+02,-7.237759796729851258e-01,6.919349145835840265e-01,1.138786977709473416e-02
2.111511230538315829e+02,-7.178881333853025515e-01,6.904916111824662694e-01,-3.426148871149831826e-02
2.112548828194599935e+02,-7.191895371125504033e-01,6.931470841885805090e-01,-1.005917105822603380e-02
2.113586425850884041e+02,-7.198323614108790292e-01,6.983380088960974286e-01,2.526572348498142689e-02
2.114624023507168147e+02,-7.197815859342656664e-01,6.999819918966854182e-01,3.486520250343696364e-02
2.115661621163452537e+02,-7.211850085759791140e-01,6.931106626683851690e-01,2.215237080292668890e-03
2.116699218819736643e+02,-7.164829452881006366e-01,6.881265144587602745e-01,-5.741852558440597998e-02
2.117736816476020749e+02,-7.146251286270415282e-01,6.922525402901488212e-01,-4.407511369954303371e-02
2.118774414132304855e+02,-7.124441021098651960e-01,7.053082909305800063e-01,2.181784179530734877e-02
2.119812011788589245e+02,-7.119601394621415391e-01,7.026557214115979333e-01,2.658384423062254247e-03
2.120849609444873352e+02,-7.118192459210479495e-01,7.026145709955817775e-01,1.536584429693247040e-03
2.121887207101157458e+02,-7.133745363153414232e-01,7.083110932447874708e-01,4.582660413452479403e-02
2.122924804757441848e+02,-7.135424243656340870e-01,7.048334206211767095e-01,2.569030614807409421e-02
2.123962402413725954e+02,-7.128926331369861424e-01,7.022304186924206437e-01,5.830688634478153713e-03
2.125000000070010060e+02,-7.049152030433250005e-01,7.018126733085132685e-01,-4.607695735613748927e-02
2.126037597726294166e+02,-7.056339111446752188e-01,7.051520213942996662e-01,-2.107703976454740682e-02
2.127075195382578556e+02,-7.065627576638562335e-01,7.070285902226366437e-01,-3.821918265036095171e-03
2.128112793038862662e+02,-7.039591676769981765e-01,7.143451729220561264e-01,2.532156302171600579e-02
2.129150390695146768e+02,-7.015959309212990158e-01,7.212400539275578559e-01,5.362459940906123823e-02
2.130187988351430874e+02,-7.038792390335268934e-01,7.161832652024877621e-01,3.617527250487024421e-02
2.131225586007715265e+02,-7.028233947725908148e-01,7.147161553826486546e-01,2.070941715306621328e-02
2.132263183663999371e+02,-6.992302665372186476e-01,7.135947435874394618e-01,-8.083555508050387431e-03
2.133300781320283477e+02,-6.969378895576643362e-01,7.158450420099629063e-01,-8.013407133482615755e-03
2.134338378976567583e+02,-6.919887741294422634e-01,7.230702677661732247e-01,7.286017711803214128e-03
2.135375976632851973e+02,-6.906047009302114237e-01,7.131381301762432789e-01,-6.342998716327376274e-02
2.136413574289136079e+02,-6.950864152085607373e-01,7.141553961027529152e-01,-2.979444547314858555e-02
2.137451171945420185e+02,-6.915119432026657353e-01,7.220707592201558445e-01,-1.846365845125915849e-03
2.138488769601704291e+02,-6.929649130588700912e-01,7.244049198434182602e-01,2.150011415513703936e-02
2.139526367257988682e+02,-6.924058488253672650e-01,7.315576553087671519e-01,6.295912053152015464e-02
2.140563964914272788e+02,-6.833016082054342855e-01,7.309415298517399906e-01,5.106939071216937305e-03
2.141601562570556894e+02,-6.888483206199247366e-01,7.308628862645047963e-01,3.750209571214078996e-02
2.142639160226841000e+02,-6.894730076275638053e-01,7.308396137085778621e-01,4.106137951687491988e-02
2.143676757883125390e+02,-6.872653920965027252e-01,7.321389790771833939e-01,3.616128084708254004e-02
2.144714355539409496e+02,-6.855868471706463296e-01,7.313399208040185506e-01,2.117402826823858858e-02
2.145751953195693602e+02,-6.881509170007863441e-01,7.322605174158208774e-01,4.216937025358444974e-02
2.146789550851977708e+02,-6.896845456745254177e-01,7.390855896824135574e-01,9.413618566901331419e-02
2.147827148508262098e+02,-6.838630249923965954e-01,7.438286692652628096e-01,9.004356990585278553e-02
2.148864746164546204e+02,-6.772295363686819947e-01,7.434928743279731744e-01,4.932180900373585308e-02
2.149902343820830311e+02,-6.799032927097546919e-01,7.481968229295677952e-01,9.479354871803871707e-02
2.150939941477114701e+02,-6.809313554754256037e-01,7.468298463889554428e-01,9.205348165854854159e-02
2.151977539133398807e+02,-6.728888978177270941e-01,7.410952345776385952e-01,8.684217416795722219e-03
2.153015136789682913e+02,-6.772572189505551288e-01,7.472803997659418496e-01,7.365932951787898531e-02
2.154052734445967019e+02,-6.826667450200587517e-01,7.458543454398188777e-01,9.592205220825955614e-02
2.155090332102251409e+02,-6.806367145403680041e-01,7.426952326420422912e-01,6.407224853910342688e-02
2.156127929758535515e+02,-6.787953989984393255e-01,7.516092087160948232e-01,1.101171625509563268e-01
2.157165527414819621e+02,-6.796121253476015145e-01,7.555002122508721607e-01,1.395450006635152174e-01
2.158203125071104012e+02,-6.683749304373340916e-01,7.533306207834296053e-01,6.137339603666077531e-02
2.159240722727388402e+02,-6.749875175680216666e-01,7.479241869160325740e-01,6.465502374494214166e-02
2.160278320383672508e+02,-6.784761696213565951e-01,7.442887931915327382e-01,6.164593084509133181e-02
2.161315918039956614e+02,-6.773537480912459330e-01,7.557157024938667700e-01,1.280109793365973581e-01
2.162353515696240720e+02,-6.726049286275745942e-01,7.622301904499046987e-01,1.426520156370134351e-01
2.163391113352525110e+02,-6.688704768741861040e-01,7.650909508403027637e-01,1.399599334334803158e-01
2.164428711008809216e+02,-6.723857996923729985e-01,7.635077967603015603e-01,1.495999512807542342e-01
2.165466308665093322e+02,-6.605738856028992023e-01,7.638366679032239093e-01,8.516844616578046756e-02
2.166503906321377428e+02,-6.615929387620529400e-01,7.671388612761822490e-01,1.123507817453803931e-01
2.167541503977661819e+02,-6.595546341719196182e-01,7.663477920944119504e-01,9.578893479628600161e-02
2.168579101633945925e+02,-6.633300055722042288e-01,7.716119180738860717e-01,1.510465758829242222e-01
2.169616699290230031e+02,-6.666095944842247434e-01,7.730413380020226821e-01,1.785157296093170254e-01
2.170654296946514421e+02,-6.633346282957943707e-01,7.727180772792044960e-01,1.582317027748481597e-01
2.171691894602798527e+02,-6.651068681194293175e-01,7.749222812862278653e-01,1.823087736389930602e-01
2.172729492259082633e+02,-6.666877351305480204e-01,7.773508279028203960e-01,2.067066766528526944e-01
2.173767089915366739e+02,-6.663494820136828256e-01,7.838975865328826620e-01,2.469786121083171193e-01
2.174804687571651129e+02,-6.631766929164343294e-01,7.833719435792957375e-01,2.262420415446497746e-01
2.175842285227935236e+02,-6.576538669304969886e-01,7.820324620304019980e-01,1.873518274995816801e-01
2.176879882884219342e+02,-6.591618341662928149e-01,7.858777413224493635e-01,2.205625608680800154e-01
2.177917480540503448e+02,-6.634909003472956313e-01,7.909877295756397864e-01,2.770903166504344872e-01
2.178955078196787838e+02,-6.619959372059716074e-01,7.914371698036211100e-01,2.719111831018236058e-01
2.179992675853071944e+02,-6.571095766134364968e-01,7.960469866358934610e-01,2.754685117877410661e-01
2.181030273509356050e+02,-6.532543728676377670e-01,7.919621887896127754e-01,2.281810615183322288e-01
2.182067871165640156e+02,-6.517949794929414065e-01,7.943738984437256345e-01,2.360904632069413256e-01
2.183105468821924546e+02,-6.510009019752442949e-01,7.950899563858506713e-01,2.365166776139633609e-01
2.184143066478208652e+02,-6.602846804796022040e-01,7.981304643824275180e-01,3.059490440782849929e-01
2.185180664134492758e+02,-6.572462296862572328e-01,8.020397429537601264e-01,3.150555587256738121e-01
2.186218261790776864e+02,-6.522057590182602782e-01,8.015812850393727595e-01,2.853258274930077221e-01
2.187255859447061255e+02,-6.531704752415062876e-01,8.059837612058160516e-01,3.190973167749980299e-01
2.188293457103345361e+02,-6.509656242772056123e-01,8.115836560756685136e-01,3.439752332845311678e-01
2.189331054759629467e+02,-6.520941104991830883e-01,8.159172818665352267e-01,3.780394686538757765e-01
2.190368652415913573e+02,-6.560752469387240993e-01,8.180248270048814385e-01,4.123447336018178921e-01
2.191406250072197963e+02,-6.554683169391133379e-01,8.184236990608361184e-01,4.117787962016588588e-01
2.192443847728482069e+02,-6.462362357973643334e-01,8.152285143102455667e-01,3.431507530815687268e-01
2.193481445384766175e+02,-6.454198160310015142e-01,8.212762498980942238e-01,3.784919839945938835e-01
2.194519043041050281e+02,-6.494169046321430772e-01,8.280425224476495316e-01,4.430323872434243637e-01
2.195556640697334672e+02,-6.443718011412802316e-01,8.251770300251725088e-01,3.986291556829097971e-01
2.196594238353618778e+02,-6.430503396237871039e-01,8.246357318963881688e-01,3.883381152266495162e-01
2.197631836009902884e+02,-6.470033979333209562e-01,8.246147666898945294e-01,4.084074520457094959e-01
2.198669433666187274e+02,-6.465314886086572788e-01,8.258000584893558926e-01,4.137243170374658163e-01
2.199707031322471380e+02,-6.458241430968153507e-01,8.315002232693058382e-01,4.472842784604642574e-01
2.200744628978755486e+02,-6.441598674252376755e-01,8.297100670281811752e-01,4.271752285927407633e-01
2.201782226635039592e+02,-6.465240914698232588e-01,8.326575855585733876e-01,4.583602564906282817e-01
2.202819824291323982e+02,-6.502213682609655487e-01,8.339860607573698070e-01,4.856631606119964917e-01
2.203857421947608088e+02,-6.413350966954080024e-01,8.367207807781070761e-01,4.587522665039592273e-01
2.204895019603892194e+02,-6.433424187104566094e-01,8.412890176637787265e-01,4.985994671297763192e-01
2.205932617260176301e+02,-6.462764800936898757e-01,8.440593293434212052e-01,5.312050274200225131e-01
2.206970214916460691e+02,-6.430040313775248206e-01,8.452158356156523888e-01,5.224903085058485441e-01
2.208007812572744797e+02,-6.445195755773768242e-01,8.486156956356867287e-01,5.520782286553128637e-01
2.209045410229028903e+02,-6.369291511655448268e-01,8.527627913018787087e-01,5.418510654379886660e-01
2.210083007885313009e+02,-6.364752370702297934e-01,8.527535353297129861e-01,5.395741075137114873e-01
2.211120605541597399e+02,-6.387600206790473578e-01,8.567121848670457007e-01,5.765474506580035019e-01
2.212158203197881505e+02,-6.397633400089098865e-01,8.547521979728204267e-01,5.686616355946495505e-01
2.213195800854165611e+02,-6.401325254785333874e-01,8.576394201316127619e-01,5.892495817129718150e-01
2.214233398510449717e+02,-6.376984976801221006e-01,8.588051895573272088e-01,5.850411738429597275e-01
2.215270996166734108e+02,-6.342048060322691416e-01,8.674317343583827222e-01,6.245169505484389205e-01
2.216308593823018214e+02,-6.326837175890043241e-01,8.766898761108509186e-01,6.776763357437958213e-01
2.217346191479302320e+02,-6.337331630689222450e-01,8.767961169044626857e-01,6.833028800512924716e-01
2.218383789135586426e+02,-6.362808543450267917e-01,8.730814240011380845e-01,6.711718521918581537e-01
2.219421386791870816e+02,-6.386099033791122759e-01,8.691158756430985566e-01,6.564879827431858716e-01
2.220458984448154922e+02,-6.315379927284731076e-01,8.760694882920654347e-01,6.682441969087128397e-01
2.221496582104439028e+02,-6.302396476427475358e-01,8.790472087459006989e-01,6.815839589598364778e-01
2.222534179760723703e+02,-6.317822392281142729e-01,8.814354841374488769e-01,7.043587141721858735e-01
2.223571777417007809e+02,-6.307885826493572212e-01,8.817173024594870956e-01,7.015599248520899556e-01
2.224609375073291915e+02,-6.314563231526552078e-01,8.873004128573874771e-01,7.409901051550822348e-01
2.225646972729576021e+02,-6.290445363069598894e-01,8.947893008178213758e-01,7.785641035022476952e-01
2.226684570385860411e+02,-6.289311647305241282e-01,8.929209485424040027e-01,7.659028770307301226e-01
2.227722168042144517e+02,-6.339539597121341963e-01,8.944408726739330184e-01,7.987631989955470413e-01
2.228759765698428623e+02,-6.330672013516196461e-01,8.995804860924250246e-01,8.279223727821750645e-01
2.229797363354712729e+02,-6.312754873386033916e-01,8.987741655622066839e-01,8.145667487741123924e-01
2.230834961010997120e+02,-6.333121685427248737e-01,9.015039723235780400e-01,8.414488437032451307e-01
2.231872558667281226e+02,-6.309095091960553736e-01,9.002681827196687969e-01,8.225729531735872513e-01
2.232910156323565332e+02,-6.272018344745017293e-01,9.028366837295450642e-01,8.224529585295561329e-01
2.233947753979849438e+02,-6.267118177757566855e-01,9.100928647123892601e-01,8.672872635194129876e-01
2.234985351636133828e+02,-6.306460667280076038e-01,9.151722146774963207e-01,9.175649531480429832e-01
2.236022949292417934e+02,-6.287533649201473285e-01,9.124564708491750276e-01,8.916568919282498173e-01
2.237060546948702040e+02,-6.240871172026656311e-01,9.140556971306560419e-01,8.812990122411440419e-01
2.238098144604986146e+02,-6.174472014154752664e-01,9.138822169489885239e-01,8.508417793021565423e-01
2.239135742261270536e+02,-6.233100166907554751e-01,9.201083869709203444e-01,9.170733303726119612e-01
2.240173339917554642e+02,-6.244072244193586974e-01,9.218188154442331639e-01,9.329358807168288692e-01
2.241210937573838748e+02,-6.211248278737729889e-01,9.249966080667056945e-01,9.391691054895108248e-01
2.242248535230122855e+02,-6.191989040952258216e-01,9.309077943738909289e-01,9.690883327460596552e-01
2.243286132886407245e+02,-6.221888620430803263e-01,9.334847849757628158e-01,9.985764522484509298e-01
2.244323730542691351e+02,-6.192026036382894949e-01,9.302389630440464074e-01,9.647772450924581022e-01
2.245361328198975457e+02,-6.163443728380453290e-01,9.341497792714047455e-01,9.778335035258896024e-01
2.246398925855259563e+02,-6.182348930515064733e-01,9.404347905689854903e-01,1.026504483395356271e+00
2.247436523511543953e+02,-6.173583798821908886e-01,9.407803659322064860e-01,1.025019888783365252e+00
2.248474121167828059e+02,-6.186364812712534800e-01,9.416710892810624678e-01,1.036174939792418703e+00
2.249511718824112165e+02,-6.142663398776659900e-01,9.458663578742474431e-01,1.044824348592052310e+00
2.250549316480396556e+02,-6.161278640055083411e-01,9.550171320054734458e-01,1.111519989573666933e+00
2.251586914136680662e+02,-6.173072454804614528e-01,9.548180992578083615e-01,1.115131482313074018e+00
2.252624511792964768e+02,-6.137225334416426259e-01,9.555823973031645213e-01,1.105200378462606103e+00
2.253662109449248874e+02,-6.131638216376668060e-01,9.611506469651415197e-01,1.138699965557732341e+00
2.254699707105533264e+02,-6.116769515351324626e-01,9.613719321470699519e-01,1.134033841465757808e+00
2.255737304761817370e+02,-6.119774753232695153e-01,9.633817213274595836e-01,1.148179990530936445e+00
2.256774902418101476e+02,-6.119838641235214594e-01,9.676940573707175641e-01,1.175881283753137607e+00
2.257812500074385582e+02,-6.111315124097966844e-01,9.724364891037197145e-01,1.202824780291626539e+00
2.258850097730669972e+02,-6.039596169918914903e-01,9.717509547882524634e-01,1.169619204388632872e+00
2.259887695386954078e+02,-6.094644849122290431e-01,9.746722690273504908e-01,1.210451450341655022e+00
2.260925293043238185e+02,-6.082910187398925528e-01,9.792177697196974284e-01,1.234875313189560009e+00
2.261962890699522291e+02,-6.050770118355928151e-01,9.811258703235633538e-01,1.234354866907776183e+00
2.263000488355806681e+02,-6.065452865906317825e-01,9.844224630553785049e-01,1.261264602569347693e+00
2.264038086012090787e+02,-6.049409106967821304e-01,9.861704632035727114e-01,1.266137317528035044e+00
2.265075683668374893e+02,-6.058443111947359183e-01,9.867564965352079165e-01,1.273431777339389948e+00
2.266113281324658999e+02,-6.058460462619346121e-01,9.898615174535665417e-01,1.293273742279346328e+00
2.267150878980943389e+02,-6.023365157548216109e-01,9.940859626495478496e-01,1.306605500284820032e+00
2.268188476637227495e+02,-5.999411786529369461e-01,1.000524401982004319e+00,1.338512634893449738e+00
2.269226074293511601e+02,-6.032557562913059002e-01,9.979867997984120942e-01,1.335054281070307436e+00
2.270263671949795707e+02,-6.024878272641788213e-01,1.000099143051248030e+00,1.345563526764310458e+00
2.271301269606080098e+02,-6.022837819716343466e-01,1.006609552909591532e+00,1.386211311991107697e+00
2.272338867262364204e+02,-6.014363133987361554e-01,1.008736134431789111e+00,1.396506214040621474e+00
2.273376464918648310e+02,-5.989803686943739880e-01,1.015064041738691136e+00,1.427436692998642842e+00
2.274414062574932416e+02,-5.967698462452878383e-01,1.021302047420238779e+00,1.458773510593974088e+00
2.275451660231216806e+02,-6.001520239674976720e-01,1.017055313014511464e+00,1.444446662989691488e+00
2.276489257887500912e+02,-5.973208652032306887e-01,1.020266925277120817e+00,1.454254041485639748e+00
2.277526855543785018e+02,-5.979949728558138222e-01,1.024047565390369341e+00,1.480691455579343563e+00
2.278564453200069408e+02,-5.974776486070384474e-01,1.026282436193148628e+00,1.492915442929131364e+00
2.279602050856353515e+02,-5.943540344379693030e-01,1.028329557794187776e+00,1.494403301705999887e+00
2.280639648512637621e+02,-5.951303287879706749e-01,1.028880439364109334e+00,1.500730216888162882e+00
2.281677246168921727e+02,-5.903273288361970961e-01,1.030807618158081418e+00,1.495426187808065244e+00
2.282714843825206117e+02,-5.899575667437714221e-01,1.040010229674460884e+00,1.552361711699629110e+00
2.283752441481490223e+02,-5.948603108125576355e-01,1.044010173725541613e+00,1.595118599368622991e+00
2.284790039137774329e+02,-5.901583475482835572e-01,1.042387086073025992e+00,1.568088364104203158e+00
2.285827636794058435e+02,-5.925083725517219513e-01,1.041445930186223334e+00,1.570563790075063970e+00
2.286865234450343110e+02,-5.918760909457596586e-01,1.049657256579588971e+00,1.619958265679865672e+00
2.287902832106627216e+02,-5.906539750958033075e-01,1.051956394228316549e+00,1.630075471350952432e+00
2.288940429762911322e+02,-5.900862385655246678e-01,1.055096625901067675e+00,1.647782140434259857e+00
2.289978027419195428e+02,-5.897224638470959235e-01,1.055492014975448756e+00,1.648986463379303657e+00
2.291015625075479818e+02,-5.884437941572954189e-01,1.059660936998973790e+00,1.670653709559697608e+00
2.292053222731763924e+02,-5.836640834522582866e-01,1.064203421796509952e+00,1.682595538209793462e+00
2.293090820388048030e+02,-5.822187542158832052e-01,1.068627133290737774e+00,1.705382341273365299e+00
2.294128418044332136e+02,-5.807253090863832012e-01,1.072376501367229951e+00,1.723790849995443741e+00
2.295166015700616526e+02,-5.826724060477307399e-01,1.071792493480300701e+00,1.726748062085246005e+00
2.296203613356900632e+02,-5.821869535100002713e-01,1.075182568742364619e+00,1.746293416233519524e+00
2.297241211013184738e+02,-5.799143579825917216e-01,1.075950660480972987e+00,1.743420180099950478e+00
2.298278808669469129e+02,-5.788723224056492311e-01,1.082204897708961999e+00,1.779001179965771451e+00
2.299316406325753235e+02,-5.807633640840014211e-01,1.090251487374438666e+00,1.835358610547248581e+00
2.300354003982037341e+02,-5.791354129684328500e-01,1.090729550076777077e+00,1.832951254257619400e+00
2.301391601638321447e+02,-5.767036103938335545e-01,1.091625731504030083e+00,1.830515856091077698e+00
2.302429199294605837e+02,-5.713449480483272502e-01,1.097742773275085293e+00,1.851096978836632490e+00
2.303466796950889943e+02,-5.699019873359765231e-01,1.102751669031757364e+00,1.877602270507519266e+00
2.304504394607174049e+02,-5.716011095167707889e-01,1.102364054030996687e+00,1.880658794794116240e+00
2.305541992263458155e+02,-5.703177383810015266e-01,1.103940725276194579e+00,1.886325138815838853e+00
2.306579589919742546e+02,-5.723597574021426215e-01,1.104931026366120950e+00,1.899023091365330540e+00
2.307617187576026652e+02,-5.692286933286506700e-01,1.112967513401200703e+00,1.938806121087012002e+00
2.308654785232310758e+02,-5.650289236739232113e-01,1.112938499496394673e+00,1.925367305842021759e+00
2.309692382888594864e+02,-5.668100547634102870e-01,1.116810218532377830e+00,1.954952390242381544e+00
2.310729980544879254e+02,-5.648505857284826792e-01,1.117194102155693258e+00,1.951185608831184082e+00
2.311767578201163360e+02,-5.625764222004702164e-01,1.119955351732865756e+00,1.961187417711898640e+00
2.312805175857447466e+02,-5.631728768046453393e-01,1.124570680342644291e+00,1.991578596862044304e+00
2.313842773513731572e+02,-5.636195659858150853e-01,1.125038523455942130e+00,1.995847968767598735e+00
2.314880371170015962e+02,-5.616047906295290604e-01,1.127005518438271459e+00,2.001775807255047557e+00
2.315917968826300068e+02,-5.630652482226145006e-01,1.131273028157535165e+00,2.032562729743784935e+00
2.316955566482584175e+02,-5.603626319883121543e-01,1.137936079123154753e+00,2.065303472218214420e+00
2.317993164138868281e+02,-5.609602425475012089e-01,1.139259871044283612e+00,2.075238135239100057e+00
2.319030761795152671e+02,-5.612037528429507649e-01,1.141186080498358901e+00,2.087785891158689289e+00
2.320068359451436777e+02,-5.567624042649735872e-01,1.141016106107258565e+00,2.073386689584368003e+00
2.321105957107720883e+02,-5.537725745079098427e-01,1.144683810338566365e+00,2.087006436447133240e+00
2.322143554764004989e+02,-5.517697835429893338e-01,1.147604291304497259e+00,2.099023566796725859e+00
2.323181152420289379e+02,-5.519207574919243742e-01,1.149532249667697403e+00,2.111314694164434069e+00
2.324218750076573485e+02,-5.512599367870302247e-01,1.156576002416090487e+00,2.152555883451729546e+00
2.325256347732857591e+02,-5.528875908833235098e-01,1.160342621161672971e+00,2.180309913088990470e+00
2.326293945389141982e+02,-5.506566016506321271e-01,1.162660994372947787e+00,2.187988590315233406e+00
2.327331543045426088e+02,-5.472965291971445545e-01,1.161363169156077513e+00,2.170357057254463484e+00
2.328369140701710194e+02,-5.477846842658650184e-01,1.167156870674279201e+00,2.207154716038567166e+00
2.329406738357994300e+02,-5.433865293896544824e-01,1.170409343512779587e+00,2.214473503485023365e+00
2.330444336014278690e+02,-5.429915700447781601e-01,1.174027257149386161e+00,2.235426246348174217e+00
2.331481933670562796e+02,-5.408973677450374939e-01,1.176185794337879953e+00,2.242696053111206123e+00
2.332519531326846902e+02,-5.392257811230622977e-01,1.179803936564108868e+00,2.260071520092423292e+00
2.333557128983131008e+02,-5.368990977900802708e-01,1.183868600628067869e+00,2.278367205485618552e+00
2.334594726639415398e+02,-5.401837689105649654e-01,1.187163625774981579e+00,2.307441357884747912e+00
2.335632324295699505e+02,-5.381110338850314534e-01,1.190195165730238980e+00,2.320116148316412108e+00
2.336669921951983611e+02,-5.347843001849184041e-01,1.193353619874182758e+00,2.330182333968512154e+00
2.337707519608267717e+02,-5.336244567308711106e-01,1.190952423547618322e+00,2.312459466332259961e+00
2.338745117264552107e+02,-5.326909971812028299e-01,1.195057417488986307e+00,2.334839552426553944e+00
2.339782714920836213e+02,-5.350585623800883095e-01,1.201541507981924939e+00,2.380435075411712731e+00
2.340820312577120319e+02,-5.338819805542208696e-01,1.204060332104891495e+00,2.392472236008694964e+00
2.341857910233404425e+02,-5.285963483546615160e-01,1.209153126926918675e+00,2.409148461488927140e+00
2.342895507889688815e+02,-5.250746402943230473e-01,1.206857412684708919e+00,2.386000882533393597e+00
2.343933105545972921e+02,-5.237831268969239673e-01,1.210384350245383267e+00,2.403942322365992368e+00
2.344970703202257027e+02,-5.234152575583029821e-01,1.218204766491851387e+00,2.450155072765899611e+00
2.346008300858541133e+02,-5.244312344193677866e-01,1.221418681968482245e+00,2.472099346476736681e+00
2.347045898514825524e+02,-5.264037292362091502e-01,1.221419754070053543e+00,2.477197562305187617e+00
2.348083496171109630e+02,-5.198412019803648754e-01,1.224046764444744806e+00,2.476112910378565513e+00
2.349121093827393736e+02,-5.192544056515739914e-01,1.225299741470709636e+00,2.482147832865927661e+00
2.350158691483677842e+02,-5.179067677365501998e-01,1.229897113314606161e+00,2.506332737749984219e+00
2.351196289139962516e+02,-5.146330443989816095e-01,1.235716294869601883e+00,2.532996955171662457e+00
2.352233886796246622e+02,-5.134746837267275543e-01,1.238217408060112268e+00,2.545090687164477394e+00
2.353271484452530729e+02,-5.142332530224202891e-01,1.240160508752399249e+00,2.558593532211890675e+00
2.354309082108815119e+02,-5.113188688908185675e-01,1.240721638708919494e+00,2.554744462040707820e+00
2.355346679765099225e+02,-5.082721200582945853e-01,1.238852078475340734e+00,2.536033044698564609e+00
2.356384277421383331e+02,-5.067047372629409629e-01,1.245965099832338163e+00,2.574814710102480309e+00
2.357421875077667437e+02,-5.080487123390681203e-01,1.251652826292392273e+00,2.612029657372786140e+00
2.358459472733951827e+02,-5.032893926835007026e-01,1.255736704592373965e+00,2.624925911228974673e+00
2.359497070390235933e+02,-4.998299562949550245e-01,1.258661891409409428e+00,2.634134781388596025e+00
2.360534668046520039e+02,-5.020690742570049769e-01,1.260620450367361922e+00,2.651097584520134554e+00
2.361572265702804145e+02,-5.045630230156958884e-01,1.266860209189468511e+00,2.694005346851305660e+00
2.362609863359088536e+02,-4.980459010430580702e-01,1.268824523154355566e+00,2.690376197615027554e+00
2.363647461015372642e+02,-4.962995816103051294e-01,1.273088619812926092e+00,2.711601143044769735e+00
2.364685058671656748e+02,-4.980767188353186214e-01,1.274336529299318288e+00,2.723090941172605639e+00
2.365722656327940854e+02,-4.963091560223393817e-01,1.279307705745072798e+00,2.748390149120816695e+00
2.366760253984225244e+02,-4.931093212769568912e-01,1.278554075994608352e+00,2.736625932400280181e+00
2.367797851640509350e+02,-4.923316799023120804e-01,1.278441654292295615e+00,2.734188154282890082e+00
2.368835449296793456e+02,-4.886992895430035677e-01,1.283635073842830154e+00,2.756673987803007542e+00
2.369873046953077562e+02,-4.915730183635044215e-01,1.290925565085932814e+00,2.806086076321907985e+00
2.370910644609361952e+02,-4.890200227584751702e-01,1.295916289360877993e+00,2.829707704150241199e+00
2.371948242265646059e+02,-4.888145505311520256e-01,1.295370630138387602e+00,2.826050611578489580e+00
2.372985839921930165e+02,-4.817317228063028312e-01,1.298701602858250759e+00,2.830051076827321932e+00
2.374023437578214555e+02,-4.792102488275924443e-01,1.301239652923076529e+00,2.839492680821723347e+00
2.375061035234498661e+02,-4.752232186427516325e-01,1.302100493311043383e+00,2.835958161730263605e+00
2.376098632890782767e+02,-4.753648433505284765e-01,1.307716113621556264e+00,2.869262524695113115e+00
2.377136230547066873e+02,-4.773951295941446515e-01,1.310459512402622373e+00,2.889665478811824340e+00
2.378173828203351263e+02,-4.735392323438984974e-01,1.313105873083170616e+00,2.896973874407131611e+00
2.379211425859635369e+02,-4.759014289404535081e-01,1.315229609959490453e+00,2.914379184267259060e+00
2.380249023515919475e+02,-4.696149474054468476e-01,1.317855867155640404e+00,2.916534654948220062e+00
2.381286621172203581e+02,-4.648866900490465914e-01,1.320482738662127620e+00,2.922104896898324977e+00
2.382324218828487972e+02,-4.670270747937773081e-01,1.323894936587203697e+00,2.946452181794620984e+00
2.383361816484772078e+02,-4.661002297023805196e-01,1.325957614253316708e+00,2.956579116522065398e+00
2.384399414141056184e+02,-4.633166598198036890e-01,1.332311838388257064e+00,2.987913458955672841e+00
2.385437011797340290e+02,-4.617428127356355549e-01,1.337002096855902877e+00,3.011995615248423963e+00
2.386474609453624680e+02,-4.544609872422363250e-01,1.337384742165679707e+00,2.999717948835646020e+00
2.387512207109908786e+02,-4.558920341614781657e-01,1.337808748425680427e+00,3.005019623019467900e+00
2.388549804766192892e+02,-4.559449630531356989e-01,1.339249703073821296e+00,3.013502948914459800e+00
2.389587402422476998e+02,-4.577528077556297648e-01,1.349719425556598074e+00,3.077698268362612399e+00
2.390625000078761389e+02,-4.535965762074068985e-01,1.349437972748296577e+00,3.067964738029709260e+00
2.391662597735045495e+02,-4.499327976815400421e-01,1.353190923235672471e+00,3.082581006705797044e+00
2.392700195391329601e+02,-4.536537012095299692e-01,1.356093281506288495e+00,3.106488546160275366e+00
2.393737793047613707e+02,-4.508446688195222318e-01,1.359757754305788602e+00,3.122201204458334711e+00
2.394775390703898097e+02,-4.461137774244118837e-01,1.362593539490466465e+00,3.129552267063004933e+00
2.395812988360182203e+02,-4.407929029546264754e-01,1.363321361514919783e+00,3.123770009374949197e+00
2.396850586016466309e+02,-4.407555355718590917e-01,1.366349919591319129e+00,3.141154024785320242e+00
2.397888183672750415e+02,-4.369279374228556834e-01,1.371794781144623387e+00,3.165420929806118000e+00
2.398925781329034805e+02,-4.375273416104319413e-01,1.371984800672452653e+00,3.167611043471503685e+00
2.399963378985318911e+02,-4.339860499787281944e-01,1.377009697626533136e+00,3.190018159022695698e+00
2.401000976641603017e+02,-4.340508918807200467e-01,1.378478927001872245e+00,3.198561738061870052e+00
2.402038574297887408e+02,-4.335295542659013956e-01,1.379194408536538186e+00,3.201722787848090057e+00
2.403076171954171514e+02,-4.299583795861195434e-01,1.383538572943026734e+00,3.220213749420566707e+00
2.404113769610455620e+02,-4.278352524096286635e-01,1.388672961067607181e+00,3.245819526267027300e+00
2.405151367266739726e+02,-4.255660714370793074e-01,1.391194924953183865e+00,3.256243876443425389e+00
2.406188964923024116e+02,-4.214095323998253151e-01,1.395485976994472299e+00,3.273522116571603302e+00
2.407226562579308222e+02,-4.200283398073196284e-01,1.399226960784430984e+00,3.292473034058873260e+00
2.408264160235592328e+02,-4.187208819879234545e-01,1.401005662718338263e+00,3.300369597123764098e+00
2.409301757891876434e+02,-4.156324392381610111e-01,1.403330643213852813e+00,3.308371498954779000e+00
2.410339355548160825e+02,-4.146456280965013508e-01,1.407774192462059260e+00,3.331971403221549277e+00
2.411376953204444931e+02,-4.124521098515490092e-01,1.417374396768037226e+00,3.382705685094247627e+00
2.412414550860729037e+02,-4.125653056573529986e-01,1.415938823609732333e+00,3.374778074929061678e+00
2.413452148517013143e+02,-4.106148248011005641e-01,1.415674364556476883e+00,3.370074481104557762e+00
2.414489746173297533e+02,-4.070124675765912081e-01,1.417230182302735342e+00,3.372995989502237002e+00
2.415527343829581923e+02,-4.030621601926784869e-01,1.422087383732332899e+00,3.394100237277222654e+00
2.416564941485866029e+02,-4.004230771744438089e-01,1.426727109918475067e+00,3.416103608132812219e+00
2.417602539142150135e+02,-4.005046233002281797e-01,1.427507889902823290e+00,3.420637913206006075e+00
2.418640136798434526e+02,-3.923317233330977372e-01,1.426147137678192012e+00,3.400115562546394798e+00
2.419677734454718632e+02,-3.958040298939193846e-01,1.434504780536807411e+00,3.452687804629132273e+00
2.420715332111002738e+02,-3.946570782005225930e-01,1.436372487696847555e+00,3.461416706346823080e+00
2.421752929767287128e+02,-3.901244756951088299e-01,1.439229333285654278e+00,3.470524037140671592e+00
2.422790527423571234e+02,-3.863537387893963837e-01,1.442602722597714493e+00,3.483772705965087368e+00
2.423828125079855340e+02,-3.840828481127214200e-01,1.451073039179264779e+00,3.527867511676187284e+00
2.424865722736139446e+02,-3.811906808742515085e-01,1.450880984918145655e+00,3.522523793914754897e+00
2.425903320392423836e+02,-3.754287955809123556e-01,1.451567664347350073e+00,3.517954307205759079e+00
2.426940918048707942e+02,-3.730661758270097939e-01,1.456317469311932067e+00,3.541159225858798720e+00
2.427978515704992049e+02,-3.756925996319864791e-01,1.460245418953844077e+00,3.566876256158316050e+00
2.429016113361276155e+02,-3.738809007577134080e-01,1.466180414267749255e+00,3.597353242160846953e+00
2.430053711017560545e+02,-3.710264461824079318e-01,1.468330059394267195e+00,3.605278644350322192e+00
2.431091308673844651e+02,-3.669348135978967029e-01,1.467059316031158689e+00,3.592479709868162008e+00
2.432128906330128757e+02,-3.672375312190832020e-01,1.470843602545010231e+00,3.613961930869816097e+00
2.433166503986412863e+02,-3.651023112549007799e-01,1.480092068426150709e+00,3.662309339619751913e+00
2.434204101642697253e+02,-3.629187282502362444e-01,1.483170698135748200e+00,3.676364113411929591e+00
2.435241699298981359e+02,-3.623244783851288786e-01,1.485564067317715287e+00,3.688778718695556069e+00
2.436279296955265465e+02,-3.582480890472689583e-01,1.486902957071808418e+00,3.690714577844724342e+00
2.437316894611549571e+02,-3.522923111328007395e-01,1.490322770782487538e+00,3.701746695025023737e+00
2.438354492267833962e+02,-3.543930920293587583e-01,1.493396198735151614e+00,3.721433340780310850e+00
2.439392089924118068e+02,-3.543532541626964183e-01,1.495088282216670672e+00,3.730693510709873095e+00
2.440429687580402174e+02,-3.492142833249120559e-01,1.499580854137878116e+00,3.748753821620647297e+00
2.441467285236686280e+02,-3.465165724124428803e-01,1.499588035069202352e+00,3.745353630355601204e+00
2.442504882892970670e+02,-3.425756523418020394e-01,1.497591965667318670e+00,3.729377237055918393e+00
2.443542480549254776e+02,-3.384996847149891464e-01,1.507039487029478542e+00,3.776249419682979447e+00
2.444580078205538882e+02,-3.393233010146535777e-01,1.513207056898647762e+00,3.811035053272194162e+00
2.445617675861822988e+02,-3.363052088749995394e-01,1.513357557349520599e+00,3.808174355342848649e+00
2.446655273518107379e+02,-3.311869884808302800e-01,1.512349355511079629e+00,3.796472690164566899e+00
2.447692871174391485e+02,-3.306419020438533529e-01,1.520034444989063482e+00,3.837846379020388277e+00
2.448730468830675591e+02,-3.277315542222106748e-01,1.521677683733929864e+00,3.843374517397435852e+00
2.449768066486959981e+02,-3.235860840676307304e-01,1.522889033260890868e+00,3.845145126029092086e+00
2.450805664143244087e+02,-3.227985957617525714e-01,1.526203679239444444e+00,3.862307445031325503e+00
2.451843261799528193e+02,-3.219164820202499722e-01,1.533375589021028773e+00,3.900286610619991823e+00
2.452880859455812299e+02,-3.166291521663204822e-01,1.534691082918183236e+00,3.901453752929258112e+00
2.453918457112096689e+02,-3.174314704192247039e-01,1.533439420102362227e+00,3.895557452672631538e+00
2.454956054768380795e+02,-3.148981338626206661e-01,1.537219861011152711e+00,3.913243386799718504e+00
2.455993652424664901e+02,-3.107370849968089654e-01,1.544112158526651513e+00,3.945987371252374754e+00
2.457031250080949007e+02,-3.071894780718384399e-01,1.544947931422543608e+00,3.946669335590815564e+00
2.458068847737233398e+02,-3.056474582352352032e-01,1.551342433672398213e+00,3.979545512549627073e+00
2.459106445393517504e+02,-3.019564374771757653e-01,1.555091556557944843e+00,3.995850262751662108e+00
2.460144043049801610e+02,-2.979773583393433012e-01,1.551419669217901864e+00,3.971912472292008722e+00
2.461181640706085716e+02,-2.984655557891996436e-01,1.553132657536505645e+00,3.981662588279250681e+00
2.462219238362370106e+02,-2.941374923023679089e-01,1.558973571218472909e+00,4.008686284155822399e+00
2.463256836018654212e+02,-2.907254423009344446e-01,1.566383265420985715e+00,4.045049333505418510e+00
2.464294433674938318e+02,-2.879519964545564914e-01,1.572921841521227382e+00,4.077306383134669865e+00
2.465332031331222424e+02,-2.853446219462982825e-01,1.568909880611623953e+00,4.053292419675470271e+00
2.466369628987506815e+02,-2.871619838520929613e-01,1.573387056867365352e+00,4.079020402535616263e+00
2.467407226643790921e+02,-2.792605075623424971e-01,1.577879428493385472e+00,4.095425765158140052e+00
2.468444824300075027e+02,-2.785492843735389301e-01,1.580350797415756459e+00,4.107938200262051254e+00
2.469482421956359133e+02,-2.806360528836150392e-01,1.585894978415305134e+00,4.139397470050329098e+00
2.470520019612643523e+02,-2.723742496143178871e-01,1.589441345076845646e+00,4.150587822111164726e+00
2.471557617268927629e+02,-2.689087659728477964e-01,1.590228605721945243e+00,4.151635511622576935e+00
2.472595214925211735e+02,-2.643175122344475492e-01,1.595480493957503576e+00,4.175417316776821153e+00
2.473632812581495841e+02,-2.651720599669129541e-01,1.597235539058950771e+00,4.185461492211111079e+00
2.474670410237780231e+02,-2.653999423933900426e-01,1.599460391181457553e+00,4.197427883493325851e+00
2.475708007894064338e+02,-2.589688685636896137e-01,1.599864955634653141e+00,4.193993551243914375e+00
2.476745605550348444e+02,-2.527685412488864802e-01,1.606365650038529713e+00,4.223111416846420774e+00
2.477783203206632550e+02,-2.523745511772091388e-01,1.607953143743981572e+00,4.231157671194622161e+00
2.478820800862916940e+02,-2.516229818711299138e-01,1.608990341705378357e+00,4.236003830463202391e+00
2.479858398519201330e+02,-2.463114066988998097e-01,1.616193160211487845e+00,4.269582797521660034e+00
2.480895996175485436e+02,-2.415419637706071876e-01,1.622123493119554949e+00,4.296920795785989178e+00
2.481933593831769826e+02,-2.397529771875885896e-01,1.623145839305635496e+00,4.300885916684743293e+00
2.482971191488053933e+02,-2.380988369890936762e-01,1.627747258114339735e+00,4.323682655419148979e+00
2.484008789144338039e+02,-2.344752251872143367e-01,1.630800418453134615e+00,4.336880278632837538e+00
2.485046386800622145e+02,-2.309987243290875791e-01,1.634836193378884417e+00,4.355337837246309185e+00
2.486083984456906535e+02,-2.317218701764297284e-01,1.634861185555826602e+00,4.356001055486711238e+00
2.487121582113190641e+02,-2.325552202140884483e-01,1.635662286165118440e+00,4.360788097470744695e+00
2.488159179769474747e+02,-2.236800177491735930e-01,1.634036076092940215e+00,4.345859319261317744e+00
2.489196777425758853e+02,-2.227014254042357644e-01,1.643605530940742687e+00,4.394961261828804311e+00
2.490234375082043243e+02,-2.210364001451718130e-01,1.649579428861973840e+00,4.424749686436241447e+00
2.491271972738327349e+02,-2.191695730492847771e-01,1.650304216805587254e+00,4.427210427298298612e+00
2.492309570394611455e+02,-2.104790154566915372e-01,1.655728078948924376e+00,4.449400949448875764e+00
2.493347168050895561e+02,-2.058301951791425555e-01,1.654590830087995235e+00,4.440505579769921773e+00
2.494384765707179952e+02,-2.031296241518889822e-01,1.654940861580147970e+00,4.440589961056243595e+00
2.495422363363464058e+02,-2.050422085701093800e-01,1.661898246815693092e+00,4.477699692064343928e+00
2.496459961019748164e+02,-2.047343827696692098e-01,1.664533592726881395e+00,4.491061579167475948e+00
2.497497558676032270e+02,-1.977686966876310848e-01,1.669918673793872266e+00,4.514396033868486313e+00
2.498535156332316660e+02,-1.952584491973100300e-01,1.673185310518228386e+00,4.529626456879364049e+00
2.499572753988600766e+02,-1.875779509476064588e-01,1.675131794964090926e+00,4.535097572186232107e+00
2.500610351644884872e+02,-1.841106641264410870e-01,1.678452121365033634e+00,4.550121851090779934e+00
2.501647949301169263e+02,-1.792317963224615285e-01,1.679941883643629508e+00,4.555039948614545864e+00
2.502685546957453369e+02,-1.786657227899095812e-01,1.682641620150933770e+00,4.568523319032784968e+00
2.503723144613737475e+02,-1.770284871548819250e-01,1.688091953287789382e+00,4.595422826647763692e+00
2.504760742270021581e+02,-1.727155105880591457e-01,1.688665106372777780e+00,4.596066400094072968e+00
2.505798339926305971e+02,-1.704225212363109920e-01,1.690214877503937396e+00,4.602767887666417757e+00
2.506835937582590077e+02,-1.684788545492361400e-01,1.693451774090437345e+00,4.618231561917268913e+00
2.507873535238874183e+02,-1.675931709574521866e-01,1.698088823390682123e+00,4.641306849442166538e+00
2.508911132895158289e+02,-1.612157167249557710e-01,1.700478706868292944e+00,4.650284802421901453e+00
2.509948730551442679e+02,-1.624565156204199889e-01,1.699238440129652972e+00,4.644602451127044951e+00
2.510986328207726785e+02,-1.604422238575689552e-01,1.700141362056280858e+00,4.648206352992042767e+00
2.512023925864010891e+02,-1.555816176766585124e-01,1.702139738511398770e+00,4.656037097553730852e+00
2.513061523520294998e+02,-1.470173284232358379e-01,1.708615835925940241e+00,4.684923915069981071e+00
2.514099121176579388e+02,-1.446673942276056890e-01,1.712262603836955055e+00,4.702298962294044316e+00
2.515136718832863494e+02,-1.376270183355554344e-01,1.714708746153042584e+00,4.711695163137183506e+00
2.516174316489147600e+02,-1.349404476632380945e-01,1.718505468117017321e+00,4.729713453497859987e+00
2.517211914145431706e+02,-1.346659671353162557e-01,1.718132864101580726e+00,4.727733325760437921e+00
2.518249511801716096e+02,-1.350792208220306934e-01,1.718222585506853362e+00,4.728347102091611021e+00
2.519287109458000202e+02,-1.273466429201505767e-01,1.721755911283884055e+00,4.743125247628971586e+00
2.520324707114284308e+02,-1.242132121469245870e-01,1.726826974847203378e+00,4.767389541373635353e+00
2.521362304770568414e+02,-1.247737871352909006e-01,1.734577603963469716e+00,4.806288848514255641e+00
2.522399902426852805e+02,-1.188443872619767000e-01,1.733327782097523251e+00,4.797982572650425936e+00
2.523437500083136911e+02,-1.125850646534945626e-01,1.733597764526707552e+00,4.797245030564897483e+00
2.524475097739421017e+02,-1.089081119629481675e-01,1.736816060178892007e+00,4.812119473824419735e+00
2.525512695395705123e+02,-1.060615519431944570e-01,1.743892989509455260e+00,4.846431254384328646e+00
2.526550293051989513e+02,-1.071203501743741432e-01,1.745016945086904636e+00,4.852327702222153150e+00
2.527587890708273619e+02,-1.056827994332804194e-01,1.747001264858314196e+00,4.861728401057793469e+00
2.528625488364557725e+02,-9.756390495036022792e-02,1.752223435507901605e+00,4.885233160948433628e+00
2.529663086020842115e+02,-9.427629886016776484e-02,1.752851624714484746e+00,4.887448138637418893e+00
2.530700683677126221e+02,-9.011206134379821930e-02,1.754857237731881847e+00,4.896272363991846177e+00
2.531738281333410328e+02,-8.843625610328076370e-02,1.756921780916234521e+00,4.906038357338676548e+00
2.532775878989694434e+02,-8.466755407784420928e-02,1.761242999753283689e+00,4.926410462271722857e+00
2.533813476645978824e+02,-7.884712347353506345e-02,1.762176823422419547e+00,4.929675756927023755e+00
2.534851074302262930e+02,-7.289840541951937702e-02,1.765415438249001490e+00,4.944337121055926154e+00
2.535888671958547036e+02,-7.448123506303896968e-02,1.767721958708592833e+00,4.955982224724570173e+00
2.536926269614831142e+02,-6.870480326365396850e-02,1.770947335856393634e+00,4.970644543367082946e+00
2.537963867271115532e+02,-6.390773350331149794e-02,1.777724701912781535e+00,5.002899092770649148e+00
2.539001464927399638e+02,-6.428629875768980539e-02,1.778946638706433658e+00,5.008926189365277892e+00
2.540039062583683744e+02,-5.999237656669011848e-02,1.778155219949253629e+00,5.004334098215947435e+00
2.541076660239967850e+02,-5.609915509475556228e-02,1.779690702615817299e+00,5.011203759169361227e+00
2.542114257896252241e+02,-5.174689650795227108e-02,1.783409204805561199e+00,5.028674915465161099e+00
2.543151855552536347e+02,-4.507979830723247983e-02,1.786414563297386682e+00,5.042409695084307586e+00
2.544189453208820737e+02,-4.472360648110546705e-02,1.789334320189204020e+00,5.056542149370835126e+00
2.545227050865104843e+02,-4.189151665247307227e-02,1.795946136908222801e+00,5.088228429825655041e+00
2.546264648521389233e+02,-3.514496172215183373e-02,1.796294423694725362e+00,5.089212592010619929e+00
2.547302246177673339e+02,-3.259382205252933651e-02,1.797467963862111384e+00,5.094650954148002953e+00
2.548339843833957445e+02,-2.855687394016967473e-02,1.801682060049683232e+00,5.114654007766720412e+00
2.549377441490241836e+02,-2.442450302916157265e-02,1.802053276700164686e+00,5.116150268805679246e+00
2.550415039146525942e+02,-1.804759715003414339e-02,1.802783446731660799e+00,5.119306459342663373e+00
2.551452636802810048e+02,-1.930040516192170486e-02,1.804619679653730158e+00,5.128210512743391902e+00
2.552490234459094154e+02,-1.758051762328126377e-02,1.806196635278727092e+00,5.135712009095236397e+00
2.553527832115378544e+02,-1.316848412650248323e-02,1.808254762931250870e+00,5.145422670530692244e+00
2.554565429771662650e+02,-6.587385240381827579e-03,1.812601795118662373e+00,5.166105474410712439e+00
2.555603027427946756e+02,-6.426896896486655394e-03,1.814135011346482251e+00,5.173446604904609281e+00
2.556640625084230862e+02,-1.968242652041035570e-03,1.816867034084746590e+00,5.186467996521491486e+00
2.557678222740515253e+02,3.510068288999804425e-03,1.817303661341297838e+00,5.188566232978569559e+00
2.558715820396799359e+02,3.855427837327183530e-03,1.816928582648000612e+00,5.186776694533520526e+00
2.559753418053083465e+02,7.210630913562787042e-03,1.819615189390292764e+00,5.199659267132627605e+00
2.560791015709367571e+02,1.357341315120308770e-02,1.824909997866712263e+00,5.225069262180773499e+00
2.561828613365651677e+02,2.116057689193282659e-02,1.828218888813368803e+00,5.241145606947059221e+00
2.562866211021935783e+02,2.346047178809465561e-02,1.827214399468512607e+00,5.236506065775668795e+00
2.563903808678220457e+02,2.557261083053789449e-02,1.828007567402231137e+00,5.240409622677548285e+00
2.564941406334504563e+02,2.563564206593084774e-02,1.832157369048927897e+00,5.260105641494902784e+00
2.565979003990788669e+02,3.031277409261986036e-02,1.833949820271023601e+00,5.268935289372840280e+00
2.567016601647072775e+02,3.562576749334854520e-02,1.835549481603368172e+00,5.276957610459214187e+00
2.568054199303356882e+02,4.244772187522453250e-02,1.833073164706809921e+00,5.265924174811003944e+00
2.569091796959640988e+02,4.412155227632274385e-02,1.836387875697606642e+00,5.281794627926572616e+00
2.570129394615925094e+02,5.010528789788413345e-02,1.837796993425311776e+00,5.289177704548334802e+00
2.571166992272209200e+02,5.618671431507565178e-02,1.842768506871224732e+00,5.313451231051171675e+00
2.572204589928493874e+02,6.010798235580353671e-02,1.846808907307096126e+00,5.333037271835379123e+00
2.573242187584777980e+02,6.186836482986927260e-02,1.847485215443829265e+00,5.336487047739991496e+00
2.574279785241062086e+02,6.481014978644554503e-02,1.850840008741503562e+00,5.352699474601605445e+00
2.575317382897346192e+02,6.699855361512142837e-02,1.852005406776764174e+00,5.358524982452519403e+00
2.576354980553630298e+02,7.079690382277820104e-02,1.852366539306234738e+00,5.360877857971614091e+00
2.577392578209914404e+02,7.283720533203670577e-02,1.853640954225330706e+00,5.367212782361352907e+00
2.578430175866198510e+02,7.967592575778882635e-02,1.856380387681125788e+00,5.381332340133507586e+00
2.579467773522483185e+02,8.232012554798462389e-02,1.859799533629601598e+00,5.397823082341090206e+00
2.580505371178767291e+02,8.736773673924770611e-02,1.856553010074580623e+00,5.383754160926428334e+00
2.581542968835051397e+02,9.106369047291788810e-02,1.861468680074492399e+00,5.407495788102480994e+00
2.582580566491335503e+02,9.505034131318562673e-02,1.861642798382416419e+00,5.409233731355284291e+00
2.583618164147619609e+02,1.017742714564429801e-01,1.861116468680654945e+00,5.408438793645546916e+00
2.584655761803903715e+02,1.038777912566081069e-01,1.867576150021909909e+00,5.438981736554399760e+00
2.585693359460187821e+02,1.105107322515493512e-01,1.869398871823118480e+00,5.449190184000839210e+00
2.586730957116471927e+02,1.109035612793554809e-01,1.867603828707527613e+00,5.440982777514924429e+00
2.587768554772756602e+02,1.126576962393784492e-01,1.869895982621269992e+00,5.452084600758137611e+00
2.588806152429040708e+02,1.172710462444020441e-01,1.872639021355075872e+00,5.466079757892866375e+00
2.589843750085324814e+02,1.187141018652867336e-01,1.871745955921415572e+00,5.462373114771254201e+00
2.590881347741608920e+02,1.247774642990325811e-01,1.872197520173982666e+00,5.466281531057179954e+00
2.591918945397893026e+02,1.287758746655977560e-01,1.874046981170783388e+00,5.476067760972500587e+00
2.592956543054177132e+02,1.326194017272563364e-01,1.875292317187999824e+00,5.483045388219354166e+00
2.593994140710461238e+02,1.360276020146927167e-01,1.877006365251997932e+00,5.492064255122933503e+00
2.595031738366745344e+02,1.467419996213855937e-01,1.882954773018152839e+00,5.523094272829601081e+00
2.596069336023030019e+02,1.487325119614219260e-01,1.879801154635529548e+00,5.509341184047030993e+00
2.597106933679314125e+02,1.547656615260554203e-01,1.881058044768698645e+00,5.517343650282708900e+00
2.598144531335598231e+02,1.501504406902957334e-01,1.882574762943398428e+00,5.522584104911873126e+00
2.599182128991882337e+02,1.555007613830342583e-01,1.885322647568956178e+00,5.537158241103744771e+00
2.600219726648166443e+02,1.653393059553241451e-01,1.885526371264534262e+00,5.541918703579509220e+00
2.601257324304450549e+02,1.670080859697825049e-01,1.886944724085119152e+00,5.549071525781169356e+00
2.602294921960734655e+02,1.695330792339791171e-01,1.886283152759050008e+00,5.547078388193557252e+00
2.603332519617018761e+02,1.745956545716979280e-01,1.886679257093478279e+00,5.550995610945770764e+00
2.604370117273303435e+02,1.804058372608871863e-01,1.890343431316406697e+00,5.570190446586065214e+00
2.605407714929587542e+02,1.866818964429798611e-01,1.890222523666158061e+00,5.572414092914322659e+00
2.606445312585871648e+02,1.916273642379602848e-01,1.891288538694221533e+00,5.579513005268148973e+00
2.607482910242155754e+02,1.944524762221922221e-01,1.888990809698626316e+00,5.570375303911047737e+00
2.608520507898440428e+02,1.905516111555076997e-01,1.888131580443049184e+00,5.564654249217312554e+00
2.609558105554724534e+02,1.992239781617718974e-01,1.890230875067272498e+00,5.578274457045374390e+00
2.610595703211008640e+02,2.055411552275622777e-01,1.894093385439057808e+00,5.598871135600544946e+00
2.611633300867292746e+02,2.056467506986595917e-01,1.894559036831218846e+00,5.601033326447282690e+00
2.612670898523576852e+02,2.112663157692427074e-01,1.899269741906686404e+00,5.625140019057560892e+00
2.613708496179860958e+02,2.152435618202861445e-01,1.895616314593028262e+00,5.610645151425269539e+00
2.614746093836145064e+02,2.169119889757021302e-01,1.894518659014482020e+00,5.606539444978356990e+00
2.615783691492429739e+02,2.225575788167960256e-01,1.897206767596530952e+00,5.621649839694084605e+00
2.616821289148713845e+02,2.259386048525103274e-01,1.896157530075401221e+00,5.618716482876711105e+00
2.617858886804997951e+02,2.297386791858903321e-01,1.897463046723474100e+00,5.626670144456981326e+00
2.618896484461282057e+02,2.352526936713630890e-01,1.900146764703492641e+00,5.641807984061866676e+00
2.619934082117566163e+02,2.360963511776792978e-01,1.901657085085369570e+00,5.649075401358389925e+00
2.620971679773850269e+02,2.381050441844431709e-01,1.900049532117232820e+00,5.642969626382026149e+00
2.622009277430134375e+02,2.439712803018934117e-01,1.896996401102198027e+00,5.632576310379761253e+00
2.623046875086418481e+02,2.491824626171779133e-01,1.897949590234813355e+00,5.639915614684877454e+00
2.624084472742703156e+02,2.538951009262490621e-01,1.903525994199831484e+00,5.667760666128244473e+00
2.625122070398987262e+02,2.596208544053333900e-01,1.903299014232550102e+00,5.670204961552453682e+00
2.626159668055271368e+02,2.642525864872647956e-01,1.901585164823642815e+00,5.665383132449854919e+00
2.627197265711555474e+02,2.690688139205031360e-01,1.902175499580799345e+00,5.671051743742049567e+00
2.628234863367839580e+02,2.702029103979510793e-01,1.900743793443277152e+00,5.665360759998378626e+00
2.629272461024123686e+02,2.715093781799617911e-01,1.900922656483395423e+00,5.666995558972733882e+00
2.630310058680407792e+02,2.803809566062722691e-01,1.901095728443515709e+00,5.673532526736479120e+00
2.631347656336692467e+02,2.821740579803911908e-01,1.905182170963438670e+00,5.692967954290936383e+00
2.632385253992976573e+02,2.861797862864137176e-01,1.902163476781669305e+00,5.682163680517437143e+00
2.633422851649260679e+02,2.898910140251961254e-01,1.901982455301369779e+00,5.683864430744577589e+00
2.634460449305544785e+02,2.945645476063479817e-01,1.901356191957814801e+00,5.684274564321753154e+00
2.635498046961828891e+02,2.974854419668595540e-01,1.902650417606111866e+00,5.692072068511743410e+00
2.636535644618112997e+02,3.009461104237086126e-01,1.901628511986671821e+00,5.689944161900913677e+00
2.637573242274397103e+02,3.069737731720335594e-01,1.901278926063965979e+00,5.692678927807721223e+00
2.638610839930681209e+02,3.091306322264774642e-01,1.901619134854939608e+00,5.695748655845632058e+00
2.639648437586965883e+02,3.162403599833145673e-01,1.905664891726986720e+00,5.718912024160650809e+00
2.640686035243249989e+02,3.211159187986593611e-01,1.905477800984096026e+00,5.721697872673664698e+00
2.641723632899534095e+02,3.235753005344911282e-01,1.904386775560816591e+00,5.718706393523050657e+00
2.642761230555818202e+02,3.254377708658363066e-01,1.901463695925691866e+00,5.707149809369993498e+00
2.643798828212102308e+02,3.305396695364914428e-01,1.902948884079811886e+00,5.717636598956258531e+00
2.644836425868386414e+02,3.349260284652781361e-01,1.899951467056995913e+00,5.707753211794623027e+00
2.645874023524670520e+02,3.359336688761251355e-01,1.899554402003015285e+00,5.706781520685364484e+00
2.646911621180954626e+02,3.406377991764024116e-01,1.898890858951653993e+00,5.707554358607467293e+00
2.647949218837239300e+02,3.453874226586614582e-01,1.898600975091258913e+00,5.710071223201085289e+00
2.648986816493523406e+02,3.480455229907329362e-01,1.898650843265317301e+00,5.712440989750988685e+00
2.650024414149807512e+02,3.513961816006861971e-01,1.901465503332112172e+00,5.727613118645031420e+00
2.651062011806091618e+02,3.594043313096804693e-01,1.898436831841160188e+00,5.720851982521280910e+00
2.652099609462375724e+02,3.654794187665383887e-01,1.897132170726926415e+00,5.720214204829031424e+00
2.653137207118659830e+02,3.697255123610829752e-01,1.894849055795627457e+00,5.713768595868458533e+00
2.654174804774943937e+02,3.671163340475538384e-01,1.892037158439244804e+00,5.699096005240028795e+00
2.655212402431228611e+02,3.728690334349483160e-01,1.894193089484080161e+00,5.713592501653891986e+00
2.656250000087512717e+02,3.787630057427455177e-01,1.894645529382782856e+00,5.720746373525114059e+00
2.657287597743796823e+02,3.793866932217860310e-01,1.895229198884666122e+00,5.723868704056760848e+00
2.658325195400080929e+02,3.872936979028148152e-01,1.894816947833591891e+00,5.729096505634365677e+00
2.659362793056365035e+02,3.891644676386491475e-01,1.893788282597589800e+00,5.726257082434376144e+00
2.660400390712649141e+02,3.896868970121876163e-01,1.891444001815234532e+00,5.716408634448194803e+00
2.661437988368933247e+02,3.959897818962018201e-01,1.891446255941504173e+00,5.722181417033853634e+00
2.662475586025217353e+02,4.017410042441761364e-01,1.890228587008176531e+00,5.722161761917008427e+00
2.663513183681502028e+02,4.050049062065734784e-01,1.888787445665915499e+00,5.718889147802280526e+00
2.664550781337786134e+02,4.072245425835102073e-01,1.887774259252280817e+00,5.716533459191854405e+00
2.665588378994070240e+02,4.089214514210778306e-01,1.886454456681075698e+00,5.712343616361216014e+00
2.666625976650354346e+02,4.175196901244054848e-01,1.885606192108959744e+00,5.716894340562122423e+00
2.667663574306638452e+02,4.204469686031316877e-01,1.881725454988396384e+00,5.702704094786122724e+00
2.668701171962922558e+02,4.232255414025058449e-01,1.881606341731792975e+00,5.704918353745958903e+00
2.669738769619206664e+02,4.287982038627996539e-01,1.883205375949531746e+00,5.717472980754859435e+00
2.670776367275490770e+02,4.317507421836865311e-01,1.880680507765057463e+00,5.709359474399501977e+00
2.671813964931775445e+02,4.363512562275306261e-01,1.880377842873575789e+00,5.712688714077303054e+00
2.672851562588059551e+02,4.390686504614755847e-01,1.876223194827297824e+00,5.697243359296341403e+00
2.673889160244343657e+02,4.417408819179404200e-01,1.875207358494018095e+00,5.695538697237743087e+00
2.674926757900628331e+02,4.438876500301761618e-01,1.872966145629196166e+00,5.687927168251107446e+00
2.675964355556912437e+02,4.504185075492143087e-01,1.872470420090553977e+00,5.692594451831045177e+00
2.677001953213196543e+02,4.536836084464109242e-01,1.873671123166559038e+00,5.701308995630495424e+00
2.678039550869480649e+02,4.564042649581336319e-01,1.871725549651087395e+00,5.695683488037835751e+00
2.679077148525764756e+02,4.611841848278052103e-01,1.870445415661514454e+00,5.695210186695329746e+00
2.680114746182048862e+02,4.582973638454821419e-01,1.871540481901178943e+00,5.696898871696840061e+00
2.681152343838332968e+02,4.618783610496873249e-01,1.868899519992646141e+00,5.689191298744985303e+00
2.682189941494617074e+02,4.687285786872114057e-01,1.866494437982213705e+00,5.686132833027524924e+00
2.683227539150901748e+02,4.773076225188038202e-01,1.865809633691113190e+00,5.692648137459031865e+00
2.684265136807185854e+02,4.778329740664799541e-01,1.862621525450223192e+00,5.679297116515314769e+00
2.685302734463469960e+02,4.830509015771819459e-01,1.859671132381828018e+00,5.672281537060689161e+00
2.686340332119754066e+02,4.853086793281630174e-01,1.857936306363285883e+00,5.667263560602762595e+00
2.687377929776038172e+02,4.866159731127087662e-01,1.855383776483940039e+00,5.657585977906266272e+00
2.688415527432322278e+02,4.894075029532137244e-01,1.855356461694346759e+00,5.660681322876578214e+00
2.689453125088606384e+02,4.946832334950812537e-01,1.852191911280422820e+00,5.652959115144500224e+00
2.690490722744890491e+02,4.986064117561623821e-01,1.850752369002504727e+00,5.651264663680982459e+00
2.691528320401175165e+02,5.037672199519370730e-01,1.851876214737588233e+00,5.662284769157396980e+00
2.692565918057459271e+02,5.121999387958426908e-01,1.847462518131073761e+00,5.653124726543836687e+00
2.693603515713743377e+02,5.123441968784248068e-01,1.843734601402294837e+00,5.637010077457240698e+00
2.694641113370027483e+02,5.163515975130940072e-01,1.839690853582000685e+00,5.624215166223124562e+00
2.695678711026311589e+02,5.172975429971308214e-01,1.838513990583461544e+00,5.620227375325898223e+00
2.696716308682595695e+02,5.208657114532234678e-01,1.837766570908927699e+00,5.621366162868355332e+00
2.697753906338879801e+02,5.231508441314768332e-01,1.834802740106672880e+00,5.611238018310368503e+00
2.698791503995163907e+02,5.262305134622604630e-01,1.832680870273651896e+00,5.605806012753802747e+00
2.699829101651448582e+02,5.334304754787300151e-01,1.830646335880736331e+00,5.606016670627854026e+00
2.700866699307732688e+02,5.380502502590167602e-01,1.829141575954935872e+00,5.605351166019398867e+00
2.701904296964016794e+02,5.395221650680600556e-01,1.823533519629702893e+00,5.582714964687658821e+00
2.702941894620300900e+02,5.434756267623638282e-01,1.823059795904133917e+00,5.585781157922342643e+00
2.703979492276585006e+02,5.462699743936263452e-01,1.820413596584158800e+00,5.577858005649629192e+00
2.705017089932869112e+02,5.479842799177921941e-01,1.819782897528866350e+00,5.577353048151429959e+00
2.706054687589153218e+02,5.522808394325402492e-01,1.819893811277174533e+00,5.583518238830363245e+00
2.707092285245437893e+02,5.579712856757363948e-01,1.817307256801504289e+00,5.579806521055211022e+00
2.708129882901721999e+02,5.570505061379108502e-01,1.814762354649646747e+00,5.567447335737144343e+00
2.709167480558006105e+02,5.610537012310700122e-01,1.808566496252227429e+00,5.545732277690092360e+00
2.710205078214290211e+02,5.622357682979901572e-01,1.809816302088187223e+00,5.552812042159600558e+00
2.711242675870574317e+02,5.683266087494132091e-01,1.810648465551346398e+00,5.564765455948986528e+00
2.712280273526858423e+02,5.744526841935626571e-01,1.804528640233607817e+00,5.546489775907305741e+00
2.713317871183142529e+02,5.765333994814750840e-01,1.800868922585476817e+00,5.533391675649284913e+00
2.714355468839426635e+02,5.766161526926921743e-01,1.798832617340754947e+00,5.524595310047921259e+00
2.715393066495711309e+02,5.831914854513872148e-01,1.797000074434340622e+00,5.525856772597887989e+00
2.716430664151995416e+02,5.872825192850554821e-01,1.793232297168708245e+00,5.515210931217499279e+00
2.717468261808279522e+02,5.918480440369577877e-01,1.790894433108387584e+00,5.511555267474268049e+00
2.718505859464563628e+02,5.927889031115322060e-01,1.787373513586067109e+00,5.497513166477316027e+00
2.719543457120847734e+02,5.957611434735801126e-01,1.784711685429350103e+00,5.490188595646334768e+00
2.720581054777131840e+02,5.976178304863039026e-01,1.782893277943148336e+00,5.484945098228438454e+00
2.721618652433415946e+02,6.000142173947713431e-01,1.779085469516658469e+00,5.471791007451741962e+00
2.722656250089700052e+02,6.035249555617809847e-01,1.778034060812186512e+00,5.472388878479224061e+00
2.723693847745984726e+02,6.100935576916985958e-01,1.771437940899234675e+00,5.453326695016813552e+00
2.724731445402268832e+02,6.093314136062322195e-01,1.771682220242656536e+00,5.453247676575769809e+00
2.725769043058552938e+02,6.153945664064427445e-01,1.765653670765183758e+00,5.436016542595480949e+00
2.726806640714837044e+02,6.182212101361321821e-01,1.764361345368636869e+00,5.434681079356789901e+00
2.727844238371121151e+02,6.208809911915785795e-01,1.765214046071273080e+00,5.442508852363340921e+00
2.728881836027405257e+02,6.249023641113963246e-01,1.760802719376105108e+00,5.429410385846958675e+00
2.729919433683689363e+02,6.252342325099695675e-01,1.756013416533554805e+00,5.408924365789732569e+00
2.730957031339974037e+02,6.267626318329927448e-01,1.753133027670434663e+00,5.398670003051314836e+00
2.731994628996258143e+02,6.339673261339530130e-01,1.752415078909884461e+00,5.406889242568986731e+00
2.733032226652542249e+02,6.328274548830421509e-01,1.749397099197697036e+00,5.391841315880520291e+00
2.734069824308826355e+02,6.364901267870338719e-01,1.745937964950712518e+00,5.382492814912168910e+00
2.735107421965110461e+02,6.392069849088903855e-01,1.748102761248741421e+00,5.396341516073749567e+00
2.736145019621394567e+02,6.432419096887138643e-01,1.740106554879230494e+00,5.367769206414919836e+00
2.737182617277679242e+02,6.472144059086698542e-01,1.735010562833676273e+00,5.351862471888014561e+00
2.738220214933963348e+02,6.514131641021390084e-01,1.732692667919976781e+00,5.348587200297804323e+00
2.739257812590247454e+02,6.521323351860244255e-01,1.726643810045347616e+00,5.323180096539536166e+00
2.740295410246531560e+02,6.520006625594240157e-01,1.724317802903323260e+00,5.312715237708203198e+00
2.741333007902815666e+02,6.536978340072315818e-01,1.723152664225505282e+00,5.310413317746720097e+00
2.742370605559099772e+02,6.554229904788153593e-01,1.717329719421508694e+00,5.287625705567068124e+00
2.743408203215384447e+02,6.655148665636433369e-01,1.713710305979277981e+00,5.288798287089885974e+00
2.744445800871668553e+02,6.684575433128514543e-01,1.714097993935397968e+00,5.295544930000804840e+00
2.745483398527952659e+02,6.696348370928680849e-01,1.707508426982677019e+00,5.268554504885139878e+00
2.746520996184236765e+02,6.735477550283429649e-01,1.707978421111461032e+00,5.277403117211570738e+00
2.747558593840520871e+02,6.728620416861668119e-01,1.705554274039321250e+00,5.265536197539332441e+00
2.748596191496804977e+02,6.768109465341147768e-01,1.701195538666923079e+00,5.253220600289902897e+00
2.749633789153089083e+02,6.815589355070634792e-01,1.696451425521755541e+00,5.240675208081908565e+00
2.750671386809373189e+02,6.839684487205657248e-01,1.693584642146968910e+00,5.232314808921801230e+00
2.751708984465657295e+02,6.848704819491751028e-01,1.687485733063585291e+00,5.207003869164719134e+00
2.752746582121941401e+02,6.883307551922891454e-01,1.688186708840699879e+00,5.216314330126517795e+00
2.753784179778225507e+02,6.909436493929919099e-01,1.687045135231116655e+00,5.215988734926732207e+00
2.754821777434509613e+02,6.947146867498202871e-01,1.681383125548001400e+00,5.197857051931629613e+00
2.755859375090794288e+02,6.967256337795670884e-01,1.679070966205958415e+00,5.191328182141451641e+00
2.756896972747078394e+02,6.975938668902793571e-01,1.674236389684861770e+00,5.171569142006502418e+00
2.757934570403362500e+02,7.040809111374886076e-01,1.668415935023120689e+00,5.157866664549245250e+00
2.758972168059646606e+02,7.053060192875808543e-01,1.669515877552361305e+00,5.165009788226506693e+00
2.760009765715930712e+02,7.076419296379202750e-01,1.666716309006992969e+00,5.157017277429303270e+00
2.761047363372214818e+02,7.087906537418724451e-01,1.661481957990884606e+00,5.136046274139332901e+00
2.762084961028498924e+02,7.123922523108888738e-01,1.656811519404890909e+00,5.122209280537198595e+00
2.763122558684783598e+02,7.166570338892915837e-01,1.653758071084469261e+00,5.116846173534109532e+00
2.764160156341067704e+02,7.202895086192192542e-01,1.648953963950192891e+00,5.102588917038182181e+00
2.765197753997351811e+02,7.198050498451975532e-01,1.647054284801135804e+00,5.093244743067188551e+00
2.766235351653635917e+02,7.203462320530321650e-01,1.640196042159466128e+00,5.063889007066842751e+00
2.767272949309920023e+02,7.231481661971687069e-01,1.636712100493103561e+00,5.053900998701516656e+00
2.768310546966204129e+02,7.268221922542694724e-01,1.632750497542775570e+00,5.043545846493740825e+00
2.769348144622488803e+02,7.294577512773183781e-01,1.630405968870023869e+00,5.038359118903187550e+00
2.770385742278772909e+02,7.298730139212195045e-01,1.631403731032499582e+00,5.043611196199853985e+00
2.771423339935057584e+02,7.346649335252862789e-01,1.627456238244923581e+00,5.035654956779779923e+00
2.772460937591341690e+02,7.371519316090535678e-01,1.619688756662252649e+00,5.006185296206991708e+00
2.773498535247625796e+02,7.372274226046505730e-01,1.617339321918519701e+00,4.995895965991473453e+00
2.774536132903909902e+02,7.402950429245974684e-01,1.613680288978692312e+00,4.985863225741478999e+00
2.775573730560194008e+02,7.407122244673306488e-01,1.607161233463975991e+00,4.957693117714610409e+00
2.776611328216478114e+02,7.449980167194784064e-01,1.603907196000110558e+00,4.952029198320517800e+00
2.777648925872762220e+02,7.475760349043588660e-01,1.601298339390515801e+00,4.945756415358943059e+00
2.778686523529046895e+02,7.503143684778844635e-01,1.599131852260760267e+00,4.941816436615333430e+00
2.779724121185331001e+02,7.521059323153371778e-01,1.593575606457411808e+00,4.920821014584407571e+00
2.780761718841615107e+02,7.550851341372968317e-01,1.590781608506422362e+00,4.914653077450617857e+00
2.781799316497899213e+02,7.575587791888559464e-01,1.588195934448036084e+00,4.908376508862379417e+00
2.782836914154183319e+02,7.607167984085658752e-01,1.583726310083164002e+00,4.895196164863354404e+00
2.783874511810467425e+02,7.626135302795334914e-01,1.578850095169884060e+00,4.877528872965047668e+00
2.784912109466751531e+02,7.651481890879586745e-01,1.574933889409414478e+00,4.865535243639028451e+00
2.785949707123035637e+02,7.662678422263764499e-01,1.570807893611297690e+00,4.849548940439001754e+00
2.786987304779320311e+02,7.670512930473747382e-01,1.569483833802036932e+00,4.845343222135881867e+00
2.788024902435604417e+02,7.694551775378116742e-01,1.564409226795012042e+00,4.827932172825931900e+00
2.789062500091888523e+02,7.713592857660654944e-01,1.557637364717212813e+00,4.801836889573964484e+00
2.790100097748172630e+02,7.728020788979970135e-01,1.556415868538930880e+00,4.799570981883907628e+00
2.791137695404456736e+02,7.751267212328052381e-01,1.554455387044838321e+00,4.795973315687471761e+00
2.792175293060740842e+02,7.787121137277472904e-01,1.548552613569260217e+00,4.777588740331703221e+00
2.793212890717024948e+02,7.798148151872632550e-01,1.547001448743585028e+00,4.773129719986915376e+00
2.794250488373309054e+02,7.826010464611643513e-01,1.545410045379690178e+00,4.772307708879697685e+00
2.795288086029593728e+02,7.844451201047660804e-01,1.542900726009057921e+00,4.765268486259209624e+00
2.796325683685877834e+02,7.844598967488798369e-01,1.535262464368908120e+00,4.731084454816333107e+00
2.797363281342161940e+02,7.863903739496224121e-01,1.530143624441605787e+00,4.712549311647741490e+00
2.798400878998446046e+02,7.872859384261930993e-01,1.522164649359438071e+00,4.678750175252247345e+00
2.799438476654730152e+02,7.920852827511779548e-01,1.523421781516206108e+00,4.695588597407397202e+00
2.800476074311014258e+02,7.952605994383485921e-01,1.522547707565243158e+00,4.699090049642028255e+00
2.801513671967298365e+02,7.973251621485202278e-01,1.514164509272711179e+00,4.666335978859939893e+00
2.802551269623583039e+02,7.976373742645203047e-01,1.510343742594664196e+00,4.649905601932576182e+00
2.803588867279867145e+02,8.003540934662609629e-01,1.508967417693469981e+00,4.650182097157918193e+00
2.804626464936151251e+02,8.018067058087340326e-01,1.504253664661922230e+00,4.632467500003312644e+00
2.805664062592435357e+02,8.034594494018526545e-01,1.499513453048534783e+00,4.615116848821197770e+00
2.806701660248719463e+02,8.063325982132796277e-01,1.494106241520597012e+00,4.597731910603762628e+00
2.807739257905003569e+02,8.086995876907273617e-01,1.490691716855502058e+00,4.588125615657599354e+00
2.808776855561287675e+02,8.125449369566036806e-01,1.488136884657457859e+00,4.586047148015062191e+00
2.809814453217571781e+02,8.099966845764989820e-01,1.483011501465448134e+00,4.556696537351512255e+00
2.810852050873856456e+02,8.137343546843770481e-01,1.478535129450680330e+00,4.545750151681732021e+00
2.811889648530140562e+02,8.130311832829939522e-01,1.475145155163215094e+00,4.528705005248939486e+00
2.812927246186424668e+02,8.140317796229270542e-01,1.472456758722471504e+00,4.519056037808609538e+00
2.813964843842708774e+02,8.178497604932474241e-01,1.469357341374132764e+00,4.514623934997010757e+00
2.815002441498992880e+02,8.181060796201254925e-01,1.466059995761042289e+00,4.500379881513878466e+00
2.816040039155276986e+02,8.227374368054012344e-01,1.458944329369837645e+00,4.479971838089574554e+00
2.817077636811561092e+02,8.249775736418694105e-01,1.455962066597787263e+00,4.472221682380672192e+00
2.818115234467845198e+02,8.242061830256333099e-01,1.453413581387365205e+00,4.458729267195156609e+00
2.819152832124129873e+02,8.286970369643803513e-01,1.445513295025153466e+00,4.434581750273835610e+00
2.820190429780413979e+02,8.292117497325535158e-01,1.442187444398932872e+00,4.420871196450270268e+00
2.821228027436698085e+02,8.310351087635664546e-01,1.440149106314341898e+00,4.416399697351664599e+00
2.822265625092982191e+02,8.318846287691092911e-01,1.436860011991712538e+00,4.403735516752040446e+00
2.823303222749266297e+02,8.311478602229266377e-01,1.434167340752536601e+00,4.389602611925717213e+00
2.824340820405550403e+02,8.360133353648689924e-01,1.428535254841788893e+00,4.376921147749629704e+00
2.825378418061834509e+02,8.360071194721785393e-01,1.424621811601261223e+00,4.359168288343180819e+00
2.826416015718118615e+02,8.363508623865549829e-01,1.421701029420473938e+00,4.346833035387212441e+00
2.827453613374403290e+02,8.379895378791299976e-01,1.416340985801040286e+00,4.326884717748252562e+00
2.828491211030687396e+02,8.398370805124801830e-01,1.411156334124542111e+00,4.308307865119866520e+00
2.829528808686971502e+02,8.419995731028264707e-01,1.408100684026353688e+00,4.300283998583462441e+00
2.830566406343255608e+02,8.436077914417055013e-01,1.404409554768179635e+00,4.287890328723948485e+00
2.831604003999539714e+02,8.431588342579648954e-01,1.399324728274341734e+00,4.263528882266634845e+00
2.832641601655823820e+02,8.440612243799463510e-01,1.397566350194022977e+00,4.258000391393736983e+00
2.833679199312107926e+02,8.463952544869852712e-01,1.390445235419635939e+00,4.232004557523270094e+00
2.834716796968392600e+02,8.513867877952133734e-01,1.386791149313640004e+00,4.229260424066572988e+00
2.835754394624676706e+02,8.523264686212123076e-01,1.384717460284051294e+00,4.222454936357737054e+00
2.836791992280960812e+02,8.543019960546763825e-01,1.383405232093402493e+00,4.222026325574731231e+00
2.837829589937244918e+02,8.558080802707697110e-01,1.379761381815381771e+00,4.209699440212190780e+00
2.838867187593529025e+02,8.569527818112745443e-01,1.374233336609135936e+00,4.187793046852722689e+00
2.839904785249813131e+02,8.571091687358816102e-01,1.370151598363916312e+00,4.169651134110724300e+00
2.840942382906097237e+02,8.578446567103220621e-01,1.367077767457989479e+00,4.157742293727261007e+00
2.841979980562381343e+02,8.599511372753444460e-01,1.361409589961775746e+00,4.137944823544861705e+00
2.843017578218666017e+02,8.620286106765002732e-01,1.356896370555099596e+00,4.123363880007003601e+00
2.844055175874950123e+02,8.637875301424529084e-01,1.353768364204111174e+00,4.114206392028364689e+00
2.845092773531234229e+02,8.630130793648227439e-01,1.349233983503743239e+00,4.091252804985690439e+00
2.846130371187518335e+02,8.642079676268726862e-01,1.347058017989644751e+00,4.084809174990597036e+00
2.847167968843802441e+02,8.641661780163891748e-01,1.343670868385550499e+00,4.069205895732622480e+00
2.848205566500086547e+02,8.672351398468588490e-01,1.339025211933330350e+00,4.057023435665921163e+00
2.849243164156370653e+02,8.692904090034719866e-01,1.336261628566238757e+00,4.050492638574019644e+00
2.850280761812654760e+02,8.703054271652098661e-01,1.331514029874917737e+00,4.031825107107668060e+00
2.851318359468939434e+02,8.738823039277257010e-01,1.326537489549564741e+00,4.019812783788120569e+00
2.852355957125223540e+02,8.743990367741824032e-01,1.323938711464924589e+00,4.009500519367639626e+00
2.853393554781507646e+02,8.730085390939842371e-01,1.318384288657748815e+00,3.979888279084236036e+00
2.854431152437791752e+02,8.756198123654322929e-01,1.315731113504816641e+00,3.975678184840330420e+00
2.855468750094075858e+02,8.772258862147485070e-01,1.309979415933493430e+00,3.954262301088684595e+00
2.856506347750359964e+02,8.806896962947599050e-01,1.307519399559736284e+00,3.953650708866947916e+00
2.857543945406644070e+02,8.806367867275058936e-01,1.305361189447990178e+00,3.943621833105177998e+00
2.858581543062928745e+02,8.804723353972798705e-01,1.298264383146102263e+00,3.910625418209703774e+00
2.859619140719212851e+02,8.815138201167953547e-01,1.295792458618558962e+00,3.902539509384734373e+00
2.860656738375496957e+02,8.830226815068152879e-01,1.293225412100785565e+00,3.895489849787726833e+00
2.861694336031781063e+02,8.845538926062889162e-01,1.289172343768179685e+00,3.881724386564743945e+00
2.862731933688065169e+02,8.879816056035586547e-01,1.282954026759669741e+00,3.864066332314588958e+00
2.863769531344349275e+02,8.881094466870980142e-01,1.280322113045490040e+00,3.852420825165099316e+00
2.864807129000633381e+02,8.879410030506152962e-01,1.278549554254152287e+00,3.843763896583260120e+00
2.865844726656917487e+02,8.888477358825652708e-01,1.273717467767774059e+00,3.824504873157730245e+00
2.866882324313202162e+02,8.902993215135491800e-01,1.269648397953477170e+00,3.810500556041783060e+00
2.867919921969486268e+02,8.913651959935233737e-01,1.263121095350448808e+00,3.783991391668024118e+00
2.868957519625770374e+02,8.933861909945158830e-01,1.260885679152847327e+00,3.780291542044738495e+00
2.869995117282054480e+02,8.959035152162939664e-01,1.255726814819585258e+00,3.764844209480576076e+00
2.871032714938338586e+02,8.943646437980099506e-01,1.251578479990444359e+00,3.740765590975214661e+00
2.872070312594622692e+02,8.947333397984531533e-01,1.249032121644193083e+00,3.730277362739276015e+00
2.873107910250906798e+02,8.959507209390862315e-01,1.245793063550303392e+00,3.719407575223490525e+00
2.874145507907190904e+02,8.978682283479375581e-01,1.241252260628067150e+00,3.704898717080252979e+00
2.875183105563475578e+02,8.996125130600335362e-01,1.237758688070540902e+00,3.694661993579481774e+00
2.876220703219759685e+02,8.988325927693239237e-01,1.236001007366240412e+00,3.683981913861819280e+00
2.877258300876043791e+02,8.986811923631680132e-01,1.230094363219471632e+00,3.656302357022977567e+00
2.878295898532327897e+02,9.008941490076434189e-01,1.227155099180531783e+00,3.650234729845835524e+00
2.879333496188612003e+02,9.025357875309267808e-01,1.224400752659725145e+00,3.643123118588373455e+00
2.880371093844896109e+02,9.065286186363592513e-01,1.220872290207076771e+00,3.640485526079572765e+00
2.881408691501180215e+02,9.054126250543341747e-01,1.215780633024338364e+00,3.613300987449633794e+00
2.882446289157464321e+02,9.054843216658671201e-01,1.211908744608693578e+00,3.595745735526044484e+00
2.883483886813748995e+02,9.067284413258130948e-01,1.208021731591053971e+00,3.582153278460211254e+00
2.884521484470033101e+02,9.068293240061953142e-01,1.205811361779842050e+00,3.572334025156451709e+00
2.885559082126317207e+02,9.082284626628593927e-01,1.201846798684339968e+00,3.558947202379274088e+00
2.886596679782601313e+02,9.084367249287617074e-01,1.198100085851315777e+00,3.542431454181158124e+00
2.887634277438885420e+02,9.097722699511737732e-01,1.193268352547797173e+00,3.524864071648861064e+00
2.888671875095169526e+02,9.105947490946737499e-01,1.190535198095778568e+00,3.515174140233072286e+00
2.889709472751453632e+02,9.106756112805325376e-01,1.185702392817066908e+00,3.493203200409285447e+00
2.890747070407738306e+02,9.122931825291621388e-01,1.181644752100007967e+00,3.480249491476261170e+00
2.891784668064022412e+02,9.132300431093220983e-01,1.176523081999033771e+00,3.459998540041453019e+00
2.892822265720306518e+02,9.143056584119902963e-01,1.173709757513679675e+00,3.450892248719246158e+00
2.893859863376590624e+02,9.153304603749785606e-01,1.170118836207987734e+00,3.438038960953459622e+00
2.894897461032874730e+02,9.151156639068506182e-01,1.164871354276675319e+00,3.413082641098927450e+00
2.895935058689158836e+02,9.169604126469766969e-01,1.160963445147149109e+00,3.401768164255973836e+00
2.896972656345442942e+02,9.191503690001583404e-01,1.158361113460969705e+00,3.397768653065859290e+00
2.898010254001728185e+02,9.201567285029872423e-01,1.156657598962871347e+00,3.393610362833352045e+00
2.899047851658012291e+02,9.199520528839407740e-01,1.152968473936419214e+00,3.375886480921758803e+00
2.900085449314296397e+02,9.188708429508835041e-01,1.148568665991046567e+00,3.351636455544259263e+00
2.901123046970580504e+02,9.214117728101669513e-01,1.146248917245295429e+00,3.350336767876372690e+00
2.902160644626864610e+02,9.234957722630936505e-01,1.141419788105857425e+00,3.335850124878803946e+00
2.903198242283148716e+02,9.225765193501691552e-01,1.136269940636840170e+00,3.308715324954791370e+00
2.904235839939432822e+02,9.231988325429768549e-01,1.133364411559875995e+00,3.297661053803098152e+00
2.905273437595716928e+02,9.225688078993378172e-01,1.130292318971488186e+00,3.281132220969904978e+00
2.906311035252001602e+02,9.230130790174160271e-01,1.126778049264335113e+00,3.266598049586905805e+00
2.907348632908285708e+02,9.264232460825964077e-01,1.122021569507475780e+00,3.257603331879850739e+00
2.908386230564569814e+02,9.276757929407953851e-01,1.118971715968780645e+00,3.248337370419963399e+00
2.909423828220853920e+02,9.258942266523213505e-01,1.116759681585294928e+00,3.231349600767559505e+00
2.910461425877138026e+02,9.269689721263313364e-01,1.113215238170116805e+00,3.219130384873971185e+00
2.911499023533422132e+02,9.280986413680685221e-01,1.109563415704045708e+00,3.206650643492489738e+00
2.912536621189706239e+02,9.294137793744122744e-01,1.106323137582079008e+00,3.196807510441249001e+00
2.913574218845990345e+02,9.300088534000680029e-01,1.101922782470641904e+00,3.178858823046901261e+00
2.914611816502275019e+02,9.307564030780278719e-01,1.097326421662036644e+00,3.160611302743239648e+00
2.915649414158559125e+02,9.299815448606494339e-01,1.093710066923398561e+00,3.140921907790497514e+00
2.916687011814843231e+02,9.307167864055196915e-01,1.091609117598894674e+00,3.134124915537488398e+00
2.917724609471127337e+02,9.314847140711720597e-01,1.089118486312963929e+00,3.125672103977152894e+00
2.918762207127411443e+02,9.332282990906514142e-01,1.086103255907937992e+00,3.118672586985160589e+00
2.919799804783695549e+02,9.339332712223675781e-01,1.080398616813257329e+00,3.095221181899639351e+00
2.920837402439979655e+02,9.343793678313605522e-01,1.076377927625384645e+00,3.078498001749068180e+00
2.921875000096263761e+02,9.351460969162573855e-01,1.071886377808977775e+00,3.060900368623653556e+00
2.922912597752548436e+02,9.362143858745067826e-01,1.070342444671332771e+00,3.058091421966512513e+00
2.923950195408832542e+02,9.357445089107504499e-01,1.066090317197594395e+00,3.036638819829390101e+00
2.924987793065116648e+02,9.366609034178355886e-01,1.062582992706410989e+00,3.024210396360901942e+00
2.926025390721400754e+02,9.377465779754932118e-01,1.058469311241714728e+00,3.009704774650127757e+00
2.927062988377684860e+02,9.368692614142405395e-01,1.055573578157525949e+00,2.992805242491100692e+00
2.928100586033968966e+02,9.379757730863249598e-01,1.052267958757762578e+00,2.982123815101674236e+00
2.929138183690253072e+02,9.382594914434154720e-01,1.048968883343342595e+00,2.968113762677937917e+00
2.930175781346537747e+02,9.385502426771828999e-01,1.044692326067397925e+00,2.949638615912432371e+00
2.931213379002821853e+02,9.399759906754008298e-01,1.041555532286690511e+00,2.941117655676570575e+00
2.932250976659105959e+02,9.402792333489872201e-01,1.038390813849255911e+00,2.927832238689229705e+00
2.933288574315390065e+02,9.405469565109542129e-01,1.036565952580390304e+00,2.920560618252751706e+00
2.934326171971674171e+02,9.402766869585761356e-01,1.031192800597843684e+00,2.894727476269377320e+00
2.935363769627958277e+02,9.412985562507927284e-01,1.025998872223479630e+00,2.875143418564039433e+00
2.936401367284242383e+02,9.425172172321056863e-01,1.023727574146784836e+00,2.869853963982790912e+00
2.937438964940526489e+02,9.436852598539724468e-01,1.019743001527351645e+00,2.856512817028460827e+00
2.938476562596811164e+02,9.412770614289849291e-01,1.015772577435683166e+00,2.828025070808630304e+00
2.939514160253095270e+02,9.423838559926378533e-01,1.013012945770062290e+00,2.820060428119814500e+00
2.940551757909379376e+02,9.420660898015313922e-01,1.010175172592287174e+00,2.805652586822181327e+00
2.941589355565663482e+02,9.431543854312229858e-01,1.008458351377291562e+00,2.802432883786900586e+00
2.942626953221947588e+02,9.433205487831428648e-01,1.004566507119358132e+00,2.785266856700922666e+00
2.943664550878231694e+02,9.445300060068939629e-01,9.977765781256914268e-01,2.759318328790616004e+00
2.944702148534515800e+02,9.443286148223071219e-01,9.938504197852067179e-01,2.740412185316907223e+00
2.945739746190799906e+02,9.444112909406123801e-01,9.931446225092668278e-01,2.737531495656316594e+00
2.946777343847084580e+02,9.462068758941587499e-01,9.893714660644298275e-01,2.728074407927341571e+00
2.947814941503368686e+02,9.456447496334337011e-01,9.851710833272370182e-01,2.706336708804984337e+00
2.948852539159652792e+02,9.462916608776491545e-01,9.821680780519213005e-01,2.695414388362642022e+00
2.949890136815936899e+02,9.457789933470563959e-01,9.777627945365420237e-01,2.672933107005215358e+00
2.950927734472221005e+02,9.473542721694974134e-01,9.741417889126273710e-01,2.663333985961387373e+00
2.951965332128505111e+02,9.473728124206284296e-01,9.716594097940338681e-01,2.652040916881837074e+00
2.953002929784789217e+02,9.466724125370673537e-01,9.697190139665858855e-01,2.640012484319091079e+00
2.954040527441073891e+02,9.476447530557500221e-01,9.661505014208474629e-01,2.628015566834287497e+00
2.955078125097357997e+02,9.484222396378276798e-01,9.618778459602254083e-01,2.611947411325294510e+00
2.956115722753642103e+02,9.494394261243356281e-01,9.590185746267532174e-01,2.603461594265819024e+00
2.957153320409926209e+02,9.498152152915904090e-01,9.554474466243928488e-01,2.588835125765660106e+00
2.958190918066210315e+02,9.493516236506850392e-01,9.518857110620060347e-01,2.570434438159045598e+00
2.959228515722494421e+02,9.493864350590237589e-01,9.476312640675612631e-01,2.551131418389887440e+00
2.960266113378778527e+02,9.493096063128868556e-01,9.434603557651388694e-01,2.531698221669809179e+00
2.961303711035062634e+02,9.497063098268038184e-01,9.415626783438680869e-01,2.524846591112885452e+00
2.962341308691347308e+02,9.501639416106603120e-01,9.399664314780318275e-01,2.519661673299062432e+00
2.963378906347631414e+02,9.500118216575692554e-01,9.365898241236748634e-01,2.503524032454713666e+00
2.964416504003915520e+02,9.514481365344834574e-01,9.327103863673110729e-01,2.492478326672179723e+00
2.965454101660199626e+02,9.516183764814969415e-01,9.288582704030968751e-01,2.475695089826382755e+00
2.966491699316483732e+02,9.506986129073909941e-01,9.259356974882849700e-01,2.458049208260580265e+00
2.967529296972767838e+02,9.503258193374861662e-01,9.218996534010708288e-01,2.437864086129748475e+00
2.968566894629051944e+02,9.511449128652432750e-01,9.190744795334822026e-01,2.428828026545048147e+00
2.969604492285336050e+02,9.515463398851176091e-01,9.157740323334826460e-01,2.415670282272112779e+00
2.970642089941620725e+02,9.515974610896748009e-01,9.127660879375196767e-01,2.402195733544450373e+00
2.971679687597904831e+02,9.513734017092372319e-01,9.107019538076217557e-01,2.391716496150721127e+00
2.972717285254188937e+02,9.521969781714242353e-01,9.060050123229259622e-01,2.374241317503681170e+00
2.973754882910473043e+02,9.518800040926407302e-01,9.022416596544349243e-01,2.355576230951346606e+00
2.974792480566757149e+02,9.508478938841058437e-01,8.989059474576224229e-01,2.335401917767520263e+00
2.975830078223041255e+02,9.520350696066842699e-01,8.959650077148528791e-01,2.327735901894342430e+00
2.976867675879325361e+02,9.518387356207586025e-01,8.935977866038469219e-01,2.316005682814272770e+00
2.977905273535609467e+02,9.500113177208955317e-01,8.890962009083515083e-01,2.286604361108032446e+00
2.978942871191894142e+02,9.518119539302364318e-01,8.848215051549938037e-01,2.275923875191249834e+00
2.979980468848178248e+02,9.521472509061069678e-01,8.825705381831141505e-01,2.267326584753571517e+00
2.981018066504462354e+02,9.508019773552807141e-01,8.783449681155161004e-01,2.241481343913070301e+00
2.982055664160746460e+02,9.511064261447597090e-01,8.752136694040835163e-01,2.228731012320382288e+00
2.983093261817030566e+02,9.523234500081882992e-01,8.728626626940819699e-01,2.224066804660887353e+00
2.984130859473314672e+02,9.520097196047359045e-01,8.694375329584507206e-01,2.206948079553854747e+00
2.985168457129598778e+02,9.515509595309423752e-01,8.675287617629308112e-01,2.195990324214316836e+00
2.986206054785883452e+02,9.526909404622567745e-01,8.635970413807284585e-01,2.183831545444750333e+00
2.987243652442167559e+02,9.531187710420824244e-01,8.603832685261728619e-01,2.171402577590638039e+00
2.988281250098451665e+02,9.523902731761469953e-01,8.580981027716895193e-01,2.157378879924686021e+00
2.989318847754735771e+02,9.520815368869929296e-01,8.525028081169454541e-01,2.130447668526171512e+00
2.990356445411019877e+02,9.520937118373092867e-01,8.494906504180725904e-01,2.116855580019048499e+00
2.991394043067303983e+02,9.527782088014170592e-01,8.465679923293438769e-01,2.107100059838594941e+00
2.992431640723588089e+02,9.508672691049366854e-01,8.441791842687439429e-01,2.086528242592588178e+00
2.993469238379872195e+02,9.523651672845550031e-01,8.417283594740073704e-01,2.083085868888120196e+00
2.994506836036156869e+02,9.521720460128844099e-01,8.381073568696670861e-01,2.065710368106055572e+00
2.995544433692440975e+02,9.523448226557242879e-01,8.347198652279238518e-01,2.051279806023808661e+00
2.996582031348725081e+02,9.521989628588261034e-01,8.318553148415458454e-01,2.037577738344041212e+00
2.997619629005009187e+02,9.517394044130607078e-01,8.283707760094131123e-01,2.019447101327107585e+00
2.998657226661293294e+02,9.519964384440288141e-01,8.258863653940968774e-01,2.009559158478354313e+00
2.999694824317577400e+02,9.510062715126245125e-01,8.212078079955689169e-01,1.983257952439406946e+00
3.000732421973861506e+02,9.516544831776495572e-01,8.182018023479619151e-01,1.973082541228476483e+00
3.001770019630145612e+02,9.521334010496216305e-01,8.150958786731455907e-01,1.961594058616728198e+00
3.002807617286430286e+02,9.518752498920824978e-01,8.119984103563046007e-01,1.946275239162020609e+00
3.003845214942714392e+02,9.515844055168714011e-01,8.091024653980916082e-01,1.931690501108018987e+00
3.004882812598998498e+02,9.522785697253489667e-01,8.056668989603888997e-01,1.919910667627466649e+00
3.005920410255282604e+02,9.514002046099140353e-01,8.032655494412461739e-01,1.904431692884682281e+00
3.006958007911566710e+02,9.507691921099347132e-01,8.002632609137201314e-01,1.887551090010484378e+00
3.007995605567850816e+02,9.506976872627620478e-01,7.953917242529213727e-01,1.865252403377250179e+00
3.009033203224134922e+02,9.499315863532861171e-01,7.942307380577753317e-01,1.855910163335095397e+00
3.010070800880419029e+02,9.508290750878157782e-01,7.903703880347079380e-01,1.843396745972519568e+00
3.011108398536703703e+02,9.511702421674615993e-01,7.870748002205801841e-01,1.830452541571202740e+00
3.012145996192987809e+02,9.492623026916480189e-01,7.843362762272066968e-01,1.807800692301224643e+00
3.013183593849271915e+02,9.490772156174306362e-01,7.810539466802748354e-01,1.792049147261789654e+00
3.014221191505556021e+02,9.485618674780084136e-01,7.768872322625950400e-01,1.770524140893465548e+00
3.015258789161840127e+02,9.487181568805180820e-01,7.732307185692601781e-01,1.754978639178046418e+00
3.016296386818124233e+02,9.488108910080225167e-01,7.717598956404621013e-01,1.748896261749532055e+00
3.017333984474408339e+02,9.493103458612393020e-01,7.686669666251534361e-01,1.737801863496539534e+00
3.018371582130693014e+02,9.481559951861125990e-01,7.663417427627852163e-01,1.721004753846222979e+00
3.019409179786977120e+02,9.477029426856105054e-01,7.631901845062982748e-01,1.704377818000967881e+00
3.020446777443261226e+02,9.486215533782346165e-01,7.598718429288786602e-01,1.694651904166355250e+00
3.021484375099545332e+02,9.473694081653399879e-01,7.569492836361774168e-01,1.674594213799032172e+00
3.022521972755829438e+02,9.477863873720692167e-01,7.546658085244628555e-01,1.666726585256772752e+00
3.023559570412113544e+02,9.479557288816613525e-01,7.514725338931395049e-01,1.653425828531413844e+00
3.024597168068397650e+02,9.465072520228295927e-01,7.478071347931372070e-01,1.628903004763858409e+00
3.025634765724681756e+02,9.465271655515942184e-01,7.460271097161096376e-01,1.621072079765687679e+00
3.026672363380966999e+02,9.464463348564952083e-01,7.420810495778563665e-01,1.603019092308934912e+00
3.027709961037251105e+02,9.445050909819366902e-01,7.388611656973206321e-01,1.577606042146366239e+00
3.028747558693535211e+02,9.434504472899370997e-01,7.357698124884765045e-01,1.557779921619494523e+00
3.029785156349819317e+02,9.441373018295838859e-01,7.334348090337341475e-01,1.551300370037345111e+00
3.030822754006103423e+02,9.455946933036928348e-01,7.289906080819493761e-01,1.539905674084740106e+00
3.031860351662387529e+02,9.454234450398920631e-01,7.267350522548148284e-01,1.528902283001905893e+00
3.032897949318671635e+02,9.454816582832884508e-01,7.238999104936292284e-01,1.516660154845038688e+00
3.033935546974956310e+02,9.448280390816952146e-01,7.182726487542785421e-01,1.487925003583236538e+00
3.034973144631240416e+02,9.440756985682412505e-01,7.174315050786993497e-01,1.479812708863623927e+00
3.036010742287524522e+02,9.431181504476522370e-01,7.152836715771282439e-01,1.464699317094757536e+00
3.037048339943808628e+02,9.429744050229728058e-01,7.122523390059487536e-01,1.450422222216768198e+00
3.038085937600092734e+02,9.423210496399389013e-01,7.091192342064749354e-01,1.432706302298663914e+00
3.039123535256376840e+02,9.416512236281810999e-01,7.052054162957094308e-01,1.411429013779452957e+00
3.040161132912660946e+02,9.424794138658986187e-01,7.032972633308095523e-01,1.407890450244022151e+00
3.041198730568945052e+02,9.418632281360446168e-01,7.006282808719686006e-01,1.392449087919094275e+00
3.042236328225229727e+02,9.406689298676921274e-01,6.979693118265132279e-01,1.373601876113301978e+00
3.043273925881513833e+02,9.408903899941823967e-01,6.947387041191664947e-01,1.360659672999535941e+00
3.044311523537797939e+02,9.408679275248933438e-01,6.917266098546780428e-01,1.347246237809747615e+00
3.045349121194082045e+02,9.399048253721673518e-01,6.894102449061909610e-01,1.331259939624204858e+00
3.046386718850366151e+02,9.402509211489248342e-01,6.864922282376136886e-01,1.320493369871836187e+00
3.047424316506650257e+02,9.385879405380639362e-01,6.833304836327975806e-01,1.296537656388624171e+00
3.048461914162934363e+02,9.387864003723386253e-01,6.808643743295251793e-01,1.286887670562761654e+00
3.049499511819218469e+02,9.384558463528871464e-01,6.782074660104346897e-01,1.273201882296219001e+00
3.050537109475503144e+02,9.382988772531289934e-01,6.742636146765880190e-01,1.254930435848613079e+00
3.051574707131787250e+02,9.371720909025780255e-01,6.720556878597109263e-01,1.238354364360248372e+00
3.052612304788071356e+02,9.370925204334796810e-01,6.694538240322538414e-01,1.226453107545171450e+00
3.053649902444355462e+02,9.372607850813453600e-01,6.665828801054529684e-01,1.214910722658455233e+00
3.054687500100639568e+02,9.363901310322061411e-01,6.623420498450582894e-01,1.190986001554287022e+00
3.055725097756923674e+02,9.354808170269836021e-01,6.593630317330189117e-01,1.172328262823638223e+00
3.056762695413207780e+02,9.349100324208386992e-01,6.583006949898518867e-01,1.164139860914918723e+00
3.057800293069492454e+02,9.351680253046595892e-01,6.551135402352450399e-01,1.151819915107298087e+00
3.058837890725776560e+02,9.343984724839478062e-01,6.521071228813101195e-01,1.133898438938576003e+00
3.059875488382060666e+02,9.327469021079713984e-01,6.502707010867824211e-01,1.115544443007771225e+00
3.060913086038344773e+02,9.335133503535134603e-01,6.475395616027330714e-01,1.108437013584782305e+00
3.061950683694628879e+02,9.329108025915648916e-01,6.462612797014937183e-01,1.099078403819746086e+00
3.062988281350912985e+02,9.318063827138860500e-01,6.401586576961624253e-01,1.065533637923483434e+00
3.064025879007197091e+02,9.314292693980689153e-01,6.370819590779948083e-01,1.049764092144501504e+00
3.065063476663481197e+02,9.318117162205659110e-01,6.351899425877064465e-01,1.043981051640426649e+00
3.066101074319765871e+02,9.322745486647729951e-01,6.325513237512658815e-01,1.035495710889831500e+00
3.067138671976049977e+02,9.327091814385795043e-01,6.301428802584256861e-01,1.027856868748517671e+00
3.068176269632334083e+02,9.309435648839895494e-01,6.273470091876303112e-01,1.004464334934063174e+00
3.069213867288618189e+02,9.295799315005682795e-01,6.259702869498525724e-01,9.897499526740384246e-01
3.070251464944902295e+02,9.291186565496432070e-01,6.218955776278816128e-01,9.691542859928619080e-01
3.071289062601186401e+02,9.289534194599589068e-01,6.192438381294309568e-01,9.566349845300563537e-01
3.072326660257470508e+02,9.296667344952649348e-01,6.172953821700495336e-01,9.528578467606971802e-01
3.073364257913754614e+02,9.296759129019639412e-01,6.133774131124047901e-01,9.360697517762635034e-01
3.074401855570039288e+02,9.286682275519846375e-01,6.108775972819598943e-01,9.187653436426075348e-01
3.075439453226323394e+02,9.278509216184637198e-01,6.090724951451619296e-01,9.056721877536872967e-01
3.076477050882607500e+02,9.274951329142870904e-01,6.069445189134518026e-01,8.942071626036871557e-01
3.077514648538891606e+02,9.272633571032349309e-01,6.043673173918165942e-01,8.816345291375773385e-01
3.078552246195175712e+02,9.262443471982653165e-01,6.021144107836633452e-01,8.652723473136442189e-01
3.079589843851459818e+02,9.259900204704292204e-01,5.991497962893707063e-01,8.508997721613313914e-01
3.080627441507743924e+02,9.250035590736521707e-01,5.957939888592096445e-01,8.300140911048868864e-01
3.081665039164028599e+02,9.258269911002804387e-01,5.924633819183993122e-01,8.212749989222569713e-01
3.082702636820312705e+02,9.252773302935044519e-01,5.909320893705899413e-01,8.110916279300262044e-01
3.083740234476596811e+02,9.238893909572090113e-01,5.876057966785930287e-01,7.876563698006733283e-01
3.084777832132880917e+02,9.243749583699168992e-01,5.852684421403051562e-01,7.809713023928428477e-01
3.085815429789165023e+02,9.220860659415675009e-01,5.822768232039763348e-01,7.528740634019815969e-01
3.086853027445449129e+02,9.213568849366698954e-01,5.793044501908518606e-01,7.353218885426316964e-01
3.087890625101733235e+02,9.225124911135336170e-01,5.781952905707727908e-01,7.384260686891931380e-01
3.088928222758017341e+02,9.225108288604410012e-01,5.759047949487983153e-01,7.287186560155241022e-01
3.089965820414302016e+02,9.219263957556859124e-01,5.735220704854535612e-01,7.146806898233375449e-01
3.091003418070586122e+02,9.212756847229125468e-01,5.707106076650579896e-01,6.983803962324293124e-01
3.092041015726870228e+02,9.223162243607813116e-01,5.681167448881792037e-01,6.945491237540236673e-01
3.093078613383154334e+02,9.211776566864104954e-01,5.657849362634601587e-01,6.769593491562354570e-01
3.094116211039438440e+02,9.207356120092341500e-01,5.633112994260414119e-01,6.635339400443394098e-01
3.095153808695722546e+02,9.197098071072173919e-01,5.598334004926206475e-01,6.418818070465714953e-01
3.096191406352006652e+02,9.194536772544260605e-01,5.577229037837565517e-01,6.312682366366049180e-01
3.097229004008290758e+02,9.184299655576917409e-01,5.552654448120903918e-01,6.138963598827374968e-01
3.098266601664575433e+02,9.184204672712599216e-01,5.526874191996518082e-01,6.030473476880144901e-01
3.099304199320859539e+02,9.197283122309104497e-01,5.499732609476989387e-01,6.008212440589639769e-01
3.100341796977143645e+02,9.188903423714563923e-01,5.480010470079466067e-01,5.867825534524374609e-01
3.101379394633427751e+02,9.176150914599664477e-01,5.466825012735161415e-01,5.723966739327748243e-01
3.102416992289711857e+02,9.169607763287185298e-01,5.440100502317823938e-01,5.567031156368253964e-01
3.103454589945995963e+02,9.174583670677678437e-01,5.413780390483324823e-01,5.492699512699268372e-01
3.104492187602280069e+02,9.167353663314792289e-01,5.396608796470969693e-01,5.370736778537025247e-01
3.105529785258564175e+02,9.159820112557295335e-01,5.372186469512817419e-01,5.216543513489112494e-01
3.106567382914848849e+02,9.167362817328830182e-01,5.342193213943288166e-01,5.145958306030350426e-01
3.107604980571132955e+02,9.161680328368898563e-01,5.310459136704719363e-01,4.975033786738065622e-01
3.108642578227417061e+02,9.155143812254735725e-01,5.303557111193464291e-01,4.900228082818819941e-01
3.109680175883701168e+02,9.157779427904997327e-01,5.279258250314631251e-01,4.819114456997420914e-01
3.110717773539985274e+02,9.144924818949196066e-01,5.237009067490376868e-01,4.554169042365453501e-01
3.111755371196269380e+02,9.141561349464953912e-01,5.223685001733054944e-01,4.475539952935897459e-01
3.112792968852553486e+02,9.145768113774745967e-01,5.210017145714356257e-01,4.449802633111250016e-01
3.113830566508838160e+02,9.152886284237085057e-01,5.191297790771004506e-01,4.424529706057248601e-01
3.114868164165122266e+02,9.140224826165370686e-01,5.162744748640267778e-01,4.217230639627725930e-01
3.115905761821406372e+02,9.135144124195631044e-01,5.121682686770526738e-01,4.013730798548666989e-01
3.116943359477690478e+02,9.127518598709752906e-01,5.095187817101943795e-01,3.851101699142681078e-01
3.117980957133974584e+02,9.130133240617664958e-01,5.081805698845340835e-01,3.815932758721537477e-01
3.119018554790258690e+02,9.130010298413668846e-01,5.060867667789041846e-01,3.730483700933749924e-01
3.120056152446542796e+02,9.127343250082475823e-01,5.035491323620049364e-01,3.608795648998014416e-01
3.121093750102826903e+02,9.131933657077812017e-01,5.017559688788262307e-01,3.570230770277868504e-01
3.122131347759111577e+02,9.137424914433889267e-01,5.002754846829893243e-01,3.551014576512163679e-01
3.123168945415395683e+02,9.124036328744139501e-01,4.970739315769258648e-01,3.324794433561946150e-01
3.124206543071679789e+02,9.114371528334654915e-01,4.955542357635565054e-01,3.192998475909100686e-01
3.125244140727963895e+02,9.118763801056734009e-01,4.945634260490782697e-01,3.185727860827602953e-01
3.126281738384248001e+02,9.115179738127122677e-01,4.906347408186269576e-01,3.002762495863494085e-01
3.127319336040532107e+02,9.111812113635131549e-01,4.892673976471668129e-01,2.923511245726202468e-01
3.128356933696816213e+02,9.114409018486888669e-01,4.864475560951874167e-01,2.830919094211216125e-01
3.129394531353100319e+02,9.112135007935325826e-01,4.840322228853843334e-01,2.718533461948727803e-01
3.130432129009384994e+02,9.112895751031492297e-01,4.828442885235771920e-01,2.677314153364127591e-01
3.131469726665669100e+02,9.117409841267475334e-01,4.808542683609653978e-01,2.632585247678895790e-01
3.132507324321953206e+02,9.113907466237586297e-01,4.792992376185210013e-01,2.545368550610774272e-01
3.133544921978237312e+02,9.098949959328099801e-01,4.775779404305927622e-01,2.365963807688384324e-01
3.134582519634521418e+02,9.106150056818441696e-01,4.757256010843317062e-01,2.347244758425049149e-01
3.135620117290805524e+02,9.105433190527911780e-01,4.738551468400554745e-01,2.268723584031055451e-01
3.136657714947089630e+02,9.102264915398695644e-01,4.707969318399432557e-01,2.125630633759688082e-01
3.137695312603374305e+02,9.104342568626851984e-01,4.675653550358460642e-01,2.015730585351990511e-01
3.138732910259658411e+02,9.098759428683433903e-01,4.670902519144339848e-01,1.955142033565487325e-01
3.139770507915942517e+02,9.095336388673264105e-01,4.647332991073021002e-01,1.837943453630231094e-01
3.140808105572226623e+02,9.098967984754759986e-01,4.626270652074846446e-01,1.784103751600129018e-01
3.141845703228510729e+02,9.099669102546574795e-01,4.608292800896741648e-01,1.720176409791695504e-01
3.142883300884794835e+02,9.097024552876155079e-01,4.594020826564729210e-01,1.645201083590207281e-01
3.143920898541078941e+02,9.093161328333696503e-01,4.571578003187694028e-01,1.529648626148975010e-01
3.144958496197363047e+02,9.095017554547835115e-01,4.543540796764798939e-01,1.436555655615295024e-01
3.145996093853647722e+02,9.109256997087862295e-01,4.522761074946750059e-01,1.466302940844701752e-01
3.147033691509931828e+02,9.113354963012678667e-01,4.504471061437499979e-01,1.428315852747560066e-01
3.148071289166215934e+02,9.109309293747464009e-01,4.490543878282757806e-01,1.344607548870122293e-01
3.149108886822500040e+02,9.101400611817147546e-01,4.481180328817928049e-01,1.248488263701146711e-01
3.150146484478784146e+02,9.104565913982765046e-01,4.457429171608948137e-01,1.183168301088019236e-01
3.151184082135068252e+02,9.103024229442658877e-01,4.432092314376123721e-01,1.075984638530438353e-01
3.152221679791352358e+02,9.101480664623468053e-01,4.418355019375048709e-01,1.012523403136145056e-01
3.153259277447636464e+02,9.111047564530971865e-01,4.389921740625105095e-01,9.801761758138249903e-02
3.154296875103921138e+02,9.123232116656089241e-01,4.369365759279375538e-01,9.980570832510674006e-02
3.155334472760205813e+02,9.109751212081727001e-01,4.355593305816166660e-01,8.424545851965821452e-02
3.156372070416489919e+02,9.108623165956596379e-01,4.340617365646625703e-01,7.781799649163721744e-02
3.157409668072774025e+02,9.098581716498101990e-01,4.319540718605205387e-01,6.220462827009776152e-02
3.158447265729058131e+02,9.105656799310192229e-01,4.306054393888752441e-01,6.273841275242832138e-02
3.159484863385342237e+02,9.108498564391406260e-01,4.281428239647632195e-01,5.589611706365961441e-02
3.160522461041626343e+02,9.115139135807737159e-01,4.270793309785589353e-01,5.718485287418028501e-02
3.161560058697911018e+02,9.126017873920821977e-01,4.258416377973350264e-01,6.116379115202658784e-02
3.162597656354195124e+02,9.127557662510202841e-01,4.226546422295064387e-01,5.077520755288120191e-02
3.163635254010479230e+02,9.126647698979378776e-01,4.211901882867141733e-01,4.475352002705137999e-02
3.164672851666763336e+02,9.134438551941564954e-01,4.196830836783298491e-01,4.542148798044907954e-02
3.165710449323047442e+02,9.139884671648227377e-01,4.175274850935827287e-01,4.194127894942328155e-02
3.166748046979331548e+02,9.139823621861700165e-01,4.158064350574917634e-01,3.571999569512879225e-02
3.167785644635615654e+02,9.148074822704129749e-01,4.134715614583827636e-01,3.387911722015719829e-02
3.168823242291899760e+02,9.145523197396985271e-01,4.125915060062446127e-01,2.873189739679767735e-02
3.169860839948184434e+02,9.155879260089989646e-01,4.104312992484194234e-01,2.923839039861614308e-02
3.170898437604468540e+02,9.168568333199820231e-01,4.088969794716021400e-01,3.384348377590733203e-02
3.171936035260752647e+02,9.151462122851844461e-01,4.076831637573989919e-01,1.603124475696976123e-02
3.172973632917036753e+02,9.161225276390269068e-01,4.056406340358653662e-01,1.657925109446548029e-02
3.174011230573320859e+02,9.174206268554920829e-01,4.037080176540448484e-01,2.010798618816177219e-02
3.175048828229604965e+02,9.177341990688471229e-01,4.016350317322320840e-01,1.537612637801722554e-02
3.176086425885889071e+02,9.176041275624553517e-01,4.001731137660292092e-01,9.266012403961241747e-03
3.177124023542173745e+02,9.184274074194254123e-01,3.982512155668358478e-01,9.166672283643019503e-03
3.178161621198457851e+02,9.186749468336098401e-01,3.969864135154687057e-01,6.777825537231160942e-03
3.179199218854741957e+02,9.179014764091351086e-01,3.969050488803619325e-01,3.332570717983482432e-04
3.180236816511026063e+02,9.186640556612313269e-01,3.956038871341074348e-01,1.936880489736527138e-03
3.181274414167310169e+02,9.209336986716551987e-01,3.928268285122397119e-01,1.054832904076002595e-02
3.182312011823594275e+02,9.210440603695595474e-01,3.908567957325155828e-01,4.736419922712115441e-03
3.183349609479878382e+02,9.214669487826697702e-01,3.894239725638568017e-01,3.266264606440630412e-03
3.184387207136162488e+02,9.227256663777603229e-01,3.887914394520427530e-01,1.119660073032253608e-02
3.185424804792447162e+02,9.225507554121763487e-01,3.864164893269406709e-01,1.813233162094517745e-03
3.186462402448731268e+02,9.227809593793475651e-01,3.846917014619250508e-01,-2.118118232626331390e-03
3.187500000105015374e+02,9.237979734885148897e-01,3.838602659025688868e-01,3.262061424994569178e-03
3.188537597761299480e+02,9.240136083795235100e-01,3.825673035292107560e-01,6.899965561796492231e-04
3.189575195417583586e+02,9.242350024998199354e-01,3.802036204827493049e-01,-5.366273786796041043e-03
3.190612793073867692e+02,9.252706898835564298e-01,3.777956059484534612e-01,-4.973914587660168210e-03
3.191650390730151798e+02,9.265238046999169086e-01,3.757664891776281713e-01,-1.534133618224006734e-03
3.192687988386435904e+02,9.273531688482459234e-01,3.750568966448295516e-01,2.828834915015065142e-03
3.193725586042720579e+02,9.273421057263526723e-01,3.735935277210145622e-01,-2.017744771350697859e-03
3.194763183699004685e+02,9.281789739365674530e-01,3.722007981394547804e-01,2.155862192656653631e-04
3.195800781355288791e+02,9.293805872982821015e-01,3.697094762272121193e-01,1.881706702271136776e-03
3.196838379011572897e+02,9.314264502042026717e-01,3.681749132365663146e-01,1.347693530119501056e-02
3.197875976667857003e+02,9.313111608648586559e-01,3.678206565182010057e-01,1.141783956624977357e-02
3.198913574324141109e+02,9.322766567491965750e-01,3.657681984304331224e-01,1.268950666717377947e-02
3.199951171980425215e+02,9.324238489104158534e-01,3.635303251376176270e-01,6.806708060185153591e-03
3.200988769636709321e+02,9.335947199538349173e-01,3.620899773283798861e-01,1.174589424237945656e-02
3.202026367292993996e+02,9.359190689830227949e-01,3.604939720904319911e-01,2.554984128415745820e-02
3.203063964949278102e+02,9.366269948453004313e-01,3.587846441964274713e-01,2.596490640075096307e-02
3.204101562605562208e+02,9.375539131479551092e-01,3.573522337104198532e-01,2.903502141494117630e-02
3.205139160261846314e+02,9.370243591000130268e-01,3.564424805337197411e-01,2.194534757801185065e-02
3.206176757918130420e+02,9.382335685352192201e-01,3.538069839149237117e-01,2.365493677620469568e-02
3.207214355574414526e+02,9.393666995327107916e-01,3.531433785577869910e-01,3.081238652435410591e-02
3.208251953230698632e+02,9.396582035935523436e-01,3.515124004866101992e-01,2.821764852266180762e-02
3.209289550886983307e+02,9.407330365255414106e-01,3.502575436086297067e-01,3.313585112202140082e-02
3.210327148543267413e+02,9.423835343908950613e-01,3.488043611389939902e-01,4.214381507226486190e-02
3.211364746199551519e+02,9.442711133137340340e-01,3.488756518768434955e-01,5.764681496191228355e-02
3.212402343855835625e+02,9.454380277114415865e-01,3.467770062070411607e-01,6.083933074877417857e-02
3.213439941512119731e+02,9.458625683259974659e-01,3.443291231695169707e-01,5.703129347593629411e-02
3.214477539168403837e+02,9.462793875642341312e-01,3.429368146853330468e-01,5.631025871002823258e-02
3.215515136824687943e+02,9.474161961135136867e-01,3.416423238526545836e-01,6.173672703164746062e-02
3.216552734480972049e+02,9.487884277611271511e-01,3.410034239092930575e-01,7.100041037228714547e-02
3.217590332137256723e+02,9.504099514913724178e-01,3.398657085291460489e-01,8.083725292568991194e-02
3.218627929793540829e+02,9.510632665350987613e-01,3.375562505566369054e-01,7.946347343118942419e-02
3.219665527449824936e+02,9.519288484553507512e-01,3.366778592333016795e-01,8.395968491054367489e-02
3.220703125106109042e+02,9.531843490724133394e-01,3.351084887531842194e-01,8.965380126301791819e-02
3.221740722762393148e+02,9.544432691062337826e-01,3.328234152818201896e-01,9.337581874313995167e-02
3.222778320418677254e+02,9.553743590896881521e-01,3.319310367240996262e-01,9.840981805664678062e-02
3.223815918074961360e+02,9.571510118429132907e-01,3.315681795568610202e-01,1.117932518302129086e-01
3.224853515731245466e+02,9.591574436907269741e-01,3.292772453582387682e-01,1.216481549468502593e-01
3.225891113387530140e+02,9.591114663572116728e-01,3.280469596968426660e-01,1.178589352377619748e-01
3.226928711043814246e+02,9.593793325117128123e-01,3.263253637202176982e-01,1.152686254225959162e-01
3.227966308700098352e+02,9.628917141863359008e-01,3.240047350827952033e-01,1.373840791856755783e-01
3.229003906356382458e+02,9.640536609162263515e-01,3.232596064992303564e-01,1.447695353201328416e-01
3.230041504012666564e+02,9.654649273196806991e-01,3.222629229560051711e-01,1.534965978821469790e-01
3.231079101668950671e+02,9.666708771226505403e-01,3.211275233555340725e-01,1.601969614837125688e-01
3.232116699325234777e+02,9.678213956785577388e-01,3.199702812594996115e-01,1.664030657858851792e-01
3.233154296981518883e+02,9.694607170127871321e-01,3.169337469623743631e-01,1.715905010481243997e-01
3.234191894637803557e+02,9.711244699173697814e-01,3.152757851431101654e-01,1.806838032309483477e-01
3.235229492294087663e+02,9.709154926569006916e-01,3.138553683216688261e-01,1.752668731613726549e-01
3.236267089950371769e+02,9.722452488632643552e-01,3.132929098780513066e-01,1.845635627279171020e-01
3.237304687606655875e+02,9.748870564512436276e-01,3.119048797097615511e-01,2.023256107638223000e-01
3.238342285262939981e+02,9.762204054820855514e-01,3.101224205304006221e-01,2.085091217614350179e-01
3.239379882919224087e+02,9.775231200859194614e-01,3.099706151954097488e-01,2.186430176027072125e-01
3.240417480575508193e+02,9.797308133725062262e-01,3.076300664395779649e-01,2.305017721392065011e-01
3.241455078231792868e+02,9.814531681443322553e-01,3.071055152755248208e-01,2.430670756974658286e-01
3.242492675888076974e+02,9.826077660143489600e-01,3.050464933187393979e-01,2.472015005551572442e-01
3.243530273544361080e+02,9.842288501987633831e-01,3.044972140692649987e-01,2.588930547641485891e-01
3.244567871200645186e+02,9.863225406139900509e-01,3.031212942717553815e-01,2.723323925589256067e-01
3.245605468856929292e+02,9.874426728971549272e-01,3.009919952621067374e-01,2.761019332055391629e-01
3.246643066513213398e+02,9.892802207058380981e-01,3.005600637023142507e-01,2.898246128523302434e-01
3.247680664169497504e+02,9.904429891600572411e-01,2.983969929657938058e-01,2.939111605834327512e-01
3.248718261825781610e+02,9.913444998110573225e-01,2.963711158451181604e-01,2.962713991050436868e-01
3.249755859482066285e+02,9.926607722745958151e-01,2.944910760197104738e-01,3.023545912807033553e-01
3.250793457138350391e+02,9.945388040253352324e-01,2.945003763350062531e-01,3.174684146125772988e-01
3.251831054794634497e+02,9.956693424688093375e-01,2.923099113005956928e-01,3.213606476722303262e-01
3.252868652450918603e+02,9.990174106873455084e-01,2.891816445273149849e-01,3.409149659258881582e-01
3.253906250107202709e+02,1.000451662645951645e+00,2.885997538689853981e-01,3.510673805558305882e-01
3.254943847763486815e+02,1.001505373618890804e+00,2.878169682808299212e-01,3.577048386286362236e-01
3.255981445419770921e+02,1.004072567683123918e+00,2.875178898590547982e-01,3.775637991609558930e-01
3.257019043076055027e+02,1.006212173670118171e+00,2.860036251213344261e-01,3.912092580140114073e-01
3.258056640732339702e+02,1.006854365768159232e+00,2.823679326896769703e-01,3.881376854383188912e-01
3.259094238388623808e+02,1.008426857379262298e+00,2.815768786915787136e-01,3.989386464111511765e-01
3.260131836044907914e+02,1.010362970168662278e+00,2.808634833281198340e-01,4.128118656689186428e-01
3.261169433701192020e+02,1.011364274815722775e+00,2.804952811280563285e-01,4.199841883809345422e-01
3.262207031357476126e+02,1.013453940816082532e+00,2.790376414690954876e-01,4.334297821849696919e-01
3.263244629013760232e+02,1.015978420600584187e+00,2.768030777128328013e-01,4.486578802994999338e-01
3.264282226670044338e+02,1.017957746896170468e+00,2.756441335470637410e-01,4.618978770766155040e-01
3.265319824326329012e+02,1.019594800665118761e+00,2.742978847207989679e-01,4.720198046333457520e-01
3.266357421982613118e+02,1.021306363559282504e+00,2.732029884703627287e-01,4.832780033213920912e-01
3.267395019638897224e+02,1.023823338751521206e+00,2.726460977426903853e-01,5.020574202376401063e-01
3.268432617295181331e+02,1.025978357817787456e+00,2.710870319651968452e-01,5.158458280185980183e-01
3.269470214951465437e+02,1.027561401282095499e+00,2.689603687630835460e-01,5.239460772801020072e-01
3.270507812607749543e+02,1.029352771424382640e+00,2.666763918843255143e-01,5.334102616806876140e-01
3.271545410264033649e+02,1.031199013204157078e+00,2.661610028457784272e-01,5.469465299502713762e-01
3.272583007920317755e+02,1.032731142072046637e+00,2.651165732885634174e-01,5.569186184037586695e-01
3.273620605576602429e+02,1.035419142097179890e+00,2.631058708800917967e-01,5.740647608484732434e-01
3.274658203232886535e+02,1.037495859652368457e+00,2.619357534054192471e-01,5.880852016784228198e-01
3.275695800889170641e+02,1.038776577683615976e+00,2.608604856022619378e-01,5.960316190060048758e-01
3.276733398545454747e+02,1.040983447798214945e+00,2.589635148703516854e-01,6.096537420548291397e-01
3.277770996201738853e+02,1.042500402648661728e+00,2.576264984177518147e-01,6.189653758474235046e-01
3.278808593858022959e+02,1.043980637420030222e+00,2.553314048068064390e-01,6.261571033655417562e-01
3.279846191514307066e+02,1.045463209915094005e+00,2.535170316838573634e-01,6.343252166134115688e-01
3.280883789170591172e+02,1.049324230018785054e+00,2.513787302193461470e-01,6.605467902076775921e-01
3.281921386826875846e+02,1.051229467078096391e+00,2.509553005690376981e-01,6.746587886146913071e-01
3.282958984483159952e+02,1.052257112472898548e+00,2.489673508219192588e-01,6.789986542533639202e-01
3.283996582139444058e+02,1.055693082419292494e+00,2.466243005376685948e-01,7.015295967928357745e-01
3.285034179795728733e+02,1.058473199228546546e+00,2.474156926436546500e-01,7.246314541864268266e-01
3.286071777452012839e+02,1.060195308333869324e+00,2.460659542103060260e-01,7.355799668126906665e-01
3.287109375108296945e+02,1.060790643783285692e+00,2.439084663854393653e-01,7.363336321299124299e-01
3.288146972764581051e+02,1.063137030638386937e+00,2.424949031589931914e-01,7.520527592783589066e-01
3.289184570420865725e+02,1.064652439580241694e+00,2.421751485015855576e-01,7.632493579597454669e-01
3.290222168077149831e+02,1.067049055851201356e+00,2.384350884916875690e-01,7.752959228014701942e-01
3.291259765733433937e+02,1.069639483027735816e+00,2.375459812816193561e-01,7.938268188072288289e-01
3.292297363389718043e+02,1.072256322723680100e+00,2.372672149453695090e-01,8.135787799584481839e-01
3.293334961046002149e+02,1.074285469884344035e+00,2.350496730615837249e-01,8.254756294907243941e-01
3.294372558702286256e+02,1.075322936238684468e+00,2.333773771749146630e-01,8.306682301274508351e-01
3.295410156358570362e+02,1.077996055568040790e+00,2.305016523670210260e-01,8.465008655555888994e-01
3.296447754014854468e+02,1.079842697149439479e+00,2.301697745895179559e-01,8.601737756405953839e-01
3.297485351671139142e+02,1.083165870208817383e+00,2.288185716968559325e-01,8.835096384626329735e-01
3.298522949327423248e+02,1.085038965153368062e+00,2.262374446306593956e-01,8.937266401480759015e-01
3.299560546983707354e+02,1.086909627109332144e+00,2.258436448673495911e-01,9.074389786892178567e-01
3.300598144639991460e+02,1.087970664839170265e+00,2.249206704299980264e-01,9.140998867798653116e-01
3.301635742296275566e+02,1.089850523485696554e+00,2.232150480793379799e-01,9.257999231654043815e-01
3.302673339952559672e+02,1.093845580295787823e+00,2.209365279959951411e-01,9.527786019498457604e-01
3.303710937608843778e+02,1.096333242122686347e+00,2.191711244235861611e-01,9.690395353780905108e-01
3.304748535265128453e+02,1.097682452187633606e+00,2.179831980653781087e-01,9.775118731889489432e-01
3.305786132921412559e+02,1.099303145121465874e+00,2.166648238087536538e-01,9.878594720670550444e-01
3.306823730577696665e+02,1.102201815734117796e+00,2.145865646526445014e-01,1.006793483966769154e+00
3.307861328233980771e+02,1.104095593971761602e+00,2.134540510215740261e-01,1.019496444931460521e+00
3.308898925890264877e+02,1.105971861494748021e+00,2.123953872212804295e-01,1.032170474775480962e+00
3.309936523546548983e+02,1.107424765698507896e+00,2.100388414854462149e-01,1.039766952739623829e+00
3.310974121202833089e+02,1.109167657329012124e+00,2.067210550154598425e-01,1.048237934385225723e+00
3.312011718859117195e+02,1.112423912323623698e+00,2.060726179593231344e-01,1.071939834426747007e+00
3.313049316515401870e+02,1.115996352438447081e+00,2.058459129040163260e-01,1.098552998463614205e+00
3.314086914171685976e+02,1.118267884428508774e+00,2.029377318663943552e-01,1.111639406041923905e+00
3.315124511827970082e+02,1.119721145017094965e+00,2.011187903804581845e-01,1.120095197044191027e+00
3.316162109484254188e+02,1.122243782130195378e+00,1.995217060351135996e-01,1.136893887463641839e+00
3.317199707140538294e+02,1.124159020757361516e+00,1.985973664182889564e-01,1.150025459209284673e+00
3.318237304796822400e+02,1.125567427335306014e+00,1.969184629814794973e-01,1.158363907312261576e+00
3.319274902453106506e+02,1.129224736191623224e+00,1.955787865150913352e-01,1.183968686290015171e+00
3.320312500109390612e+02,1.130266269773077870e+00,1.936075460205415599e-01,1.189210374727244890e+00
3.321350097765675287e+02,1.131266409599235079e+00,1.903843353135413197e-01,1.192591512991678870e+00
3.322387695421959393e+02,1.135840952661412606e+00,1.889052345390092036e-01,1.224845193470357696e+00
3.323425293078243499e+02,1.138460432557693691e+00,1.880318028536044628e-01,1.243242472739937821e+00
3.324462890734527605e+02,1.140136581606284283e+00,1.869233892139321451e-01,1.254330443489526381e+00
3.325500488390811711e+02,1.143181909771587401e+00,1.846879048367323639e-01,1.274205197078785767e+00
3.326538086047095817e+02,1.144844273249945754e+00,1.829440701941192349e-01,1.284435175853848587e+00
3.327575683703379923e+02,1.147272931611711178e+00,1.803404025765701635e-01,1.299339822782365816e+00
3.328613281359664029e+02,1.147744498612022879e+00,1.781946140129049283e-01,1.300347276615409609e+00
3.329650879015948703e+02,1.149764322476163114e+00,1.767421943590804234e-01,1.313606413329619915e+00
3.330688476672232810e+02,1.153266616778940490e+00,1.753490335091887897e-01,1.337851004499564400e+00
3.331726074328516916e+02,1.155966668718674706e+00,1.745509018667846246e-01,1.356817602765847841e+00
3.332763671984801022e+02,1.158456290868024707e+00,1.725288955624242615e-01,1.372867454437152412e+00
3.333801269641085128e+02,1.159805296477314895e+00,1.701227552211882488e-01,1.380152035488899198e+00
3.334838867297369234e+02,1.162712992006899704e+00,1.689547384587544998e-01,1.400198018994648130e+00
3.335876464953653340e+02,1.165746167078133722e+00,1.676686868801706976e-01,1.421005437465389987e+00
3.336914062609938014e+02,1.167611016070687624e+00,1.661475634249527933e-01,1.433023072710617685e+00
3.337951660266222120e+02,1.170915758022730957e+00,1.622651382774714657e-01,1.453125612403820321e+00
3.338989257922506226e+02,1.173748025954949981e+00,1.608585302099063696e-01,1.472309503432567723e+00
3.340026855578790332e+02,1.175713217826288792e+00,1.605966200854885284e-01,1.486312916824837016e+00
3.341064453235074438e+02,1.176579181020727338e+00,1.587666895910510023e-01,1.490790781405453069e+00
3.342102050891358545e+02,1.177762719666081814e+00,1.568159151243220528e-01,1.497474153843845412e+00
3.343139648547642651e+02,1.182093547764539121e+00,1.534625967112595579e-01,1.525622685139092383e+00
3.344177246203926757e+02,1.183796828368207654e+00,1.512690450430788647e-01,1.535884403317733460e+00
3.345214843860211431e+02,1.185941934828657063e+00,1.499083642247742709e-01,1.550111944636851868e+00
3.346252441516495537e+02,1.189009010942802647e+00,1.485939047131298874e-01,1.571007778206413574e+00
3.347290039172779643e+02,1.193023270285490378e+00,1.464576669117558794e-01,1.597940172593564911e+00
3.348327636829063749e+02,1.193765528560696287e+00,1.443929098827300694e-01,1.601459017689113251e+00
3.349365234485347855e+02,1.195499594536077570e+00,1.416408393788457787e-01,1.611527209018724260e+00
3.350402832141631961e+02,1.198371780996644320e+00,1.399934977842992034e-01,1.630698249136097289e+00
3.351440429797916067e+02,1.198966534804752904e+00,1.383615487074381090e-01,1.633595868820399311e+00
3.352478027454200173e+02,1.202656113533483895e+00,1.360019212247988163e-01,1.658015307979613384e+00
3.353515625110484848e+02,1.205314616307110676e+00,1.333589052204028347e-01,1.674850882913609507e+00
3.354553222766768954e+02,1.207961740195048206e+00,1.331848565188643030e-01,1.693539639547561038e+00
3.355590820423053060e+02,1.210390918062118182e+00,1.312504281462020528e-01,1.709281537707334708e+00
3.356628418079337166e+02,1.212811893951898146e+00,1.292776040585319475e-01,1.724935817723044496e+00
3.357666015735621272e+02,1.214385115442639718e+00,1.270734458902575970e-01,1.734423593823025689e+00
3.358703613391905378e+02,1.216321167138841863e+00,1.247603879264124749e-01,1.746418712706226284e+00
3.359741211048189484e+02,1.218557993783715654e+00,1.236756814064685212e-01,1.761431565731737203e+00
3.360778808704474159e+02,1.221606850401325328e+00,1.225336724783014641e-01,1.782105896057369687e+00
3.361816406360758265e+02,1.224632610535004940e+00,1.198162948865209854e-01,1.801491025010448777e+00
3.362854004017042371e+02,1.225092315107019214e+00,1.175536652728392945e-01,1.803180365678767050e+00
3.363891601673326477e+02,1.228132097297945036e+00,1.131849871364067894e-01,1.821632737758868359e+00
3.364929199329610583e+02,1.230476383267667062e+00,1.130460745964002728e-01,1.837968128093318665e+00
3.365966796985894689e+02,1.233195343798092036e+00,1.119354365623674991e-01,1.856272200593038324e+00
3.367004394642178795e+02,1.236379065286833834e+00,1.089538625814957390e-01,1.876628690163836044e+00
3.368041992298462901e+02,1.237907082042581264e+00,1.065199094856342232e-01,1.885799061820171429e+00
3.369079589954747576e+02,1.240603546581103833e+00,1.044006202802039290e-01,1.903307593379448104e+00
3.370117187611031682e+02,1.242955065641723866e+00,1.021598464446047405e-01,1.918348152057216760e+00
3.371154785267315788e+02,1.245052327142945225e+00,1.006461361557993844e-01,1.932039172380790815e+00
3.372192382923599894e+02,1.246593089881344874e+00,9.897808964502557982e-02,1.941787076552570435e+00
3.373229980579884000e+02,1.248997958412572773e+00,9.614326149853044678e-02,1.956892111631059805e+00
3.374267578236168106e+02,1.252701124297106672e+00,9.358681218778569511e-02,1.981121174167293164e+00
3.375305175892452212e+02,1.254408419293725485e+00,9.161322390506250468e-02,1.991882134797272386e+00
3.376342773548736318e+02,1.255805935779117366e+00,8.961800922408283410e-02,2.000511686683243084e+00
3.377380371205020992e+02,1.257109754778344968e+00,8.754324723985376644e-02,2.008474229296191460e+00
3.378417968861305098e+02,1.259326149029178721e+00,8.383178403094047881e-02,2.021967235801843010e+00
3.379455566517589205e+02,1.264126198823467107e+00,8.253414752327385695e-02,2.054282040278999411e+00
3.380493164173873311e+02,1.266123320771724847e+00,8.091374076155034845e-02,2.067220906771887634e+00
3.381530761830157417e+02,1.268069431114661416e+00,7.906147093956293614e-02,2.079710098547299602e+00
3.382568359486441523e+02,1.270474045855792822e+00,7.767350014771198796e-02,2.095518673744928950e+00
3.383605957142725629e+02,1.273127487768430655e+00,7.551666770838130760e-02,2.112691180608713637e+00
3.384643554799009735e+02,1.275394293075564400e+00,7.292239055496675670e-02,2.127063903255818733e+00
3.385681152455294409e+02,1.276262041353295462e+00,7.042795970244949966e-02,2.132001930918333343e+00
3.386718750111578515e+02,1.279491802196640160e+00,6.657931156247878790e-02,2.152493735481203707e+00
3.387756347767862621e+02,1.280461875912110248e+00,6.560506730960617705e-02,2.158718660668105915e+00
3.388793945424146727e+02,1.283959660585495266e+00,6.209813047456367446e-02,2.181174434050221045e+00
3.389831543080430833e+02,1.286235752845167557e+00,5.949557336085530002e-02,2.195693689012153005e+00
3.390869140736714940e+02,1.288440380579525701e+00,5.885739055770083938e-02,2.210339807311079596e+00
3.391906738392999046e+02,1.290976046617495987e+00,5.598392378989198309e-02,2.226523241485108606e+00
3.392944336049283720e+02,1.293761102989363643e+00,5.385219991366747144e-02,2.244599880419836602e+00
3.393981933705567826e+02,1.294751088257191984e+00,5.045232053785933535e-02,2.250315073968851109e+00
3.395019531361851932e+02,1.297051522743098095e+00,4.856156774629839107e-02,2.265228023328833551e+00
3.396057129018136038e+02,1.300026967575084624e+00,4.594243186802073053e-02,2.284467691276858226e+00
3.397094726674420144e+02,1.302661568672540016e+00,4.324450810980842719e-02,2.301415492810155339e+00
3.398132324330704250e+02,1.304575723216979011e+00,4.161633474977712716e-02,2.313803105263961601e+00
3.399169921986988356e+02,1.307030903890180840e+00,3.860325384015658723e-02,2.329503914897812500e+00
3.400207519643272462e+02,1.308345539520318290e+00,3.708084542191136118e-02,2.337936261511701197e+00
3.401245117299557137e+02,1.310372962267985830e+00,3.513862929813185709e-02,2.351020289860611179e+00
3.402282714955841243e+02,1.313499504465152068e+00,3.219227188218999614e-02,2.371206204013539764e+00
3.403320312612125349e+02,1.316443057501434089e+00,2.955173330086920125e-02,2.390229516788824782e+00
3.404357910268409455e+02,1.319676398536619555e+00,2.823600104599203325e-02,2.411336719889393798e+00
3.405395507924693561e+02,1.321396486580423524e+00,2.370542600173761866e-02,2.422060428619689176e+00
3.406433105580977667e+02,1.322257746856042582e+00,2.233988988315231336e-02,2.427561918977307887e+00
3.407470703237261773e+02,1.325955972573576558e+00,1.991809355967404799e-02,2.451561956804762854e+00
3.408508300893545879e+02,1.328362875335022064e+00,1.814834550891105194e-02,2.467145149994668607e+00
3.409545898549830554e+02,1.329844777586034699e+00,1.432029715783036082e-02,2.476522613988453525e+00
3.410583496206114660e+02,1.331804129125863989e+00,1.196258513149205463e-02,2.489157518367651534e+00
3.411621093862398766e+02,1.333933166333098663e+00,1.043486326448490875e-02,2.502947167818341700e+00
3.412658691518682872e+02,1.336631070105371633e+00,8.167539866245729363e-03,2.520393199331217637e+00
3.413696289174967546e+02,1.338214622166790324e+00,5.801165613063622058e-03,2.530597031805435382e+00
3.414733886831251652e+02,1.340286956582755318e+00,2.474026537862354311e-03,2.543970620580121356e+00
3.415771484487535758e+02,1.341127797405153421e+00,5.009593231254309657e-04,2.549403889521876465e+00
3.416809082143820433e+02,1.343461489572988388e+00,-1.992867742390176406e-03,2.564513993569679240e+00
3.417846679800104539e+02,1.347095918108495605e+00,-5.630115530867793941e-03,2.588046264199034496e+00
3.418884277456388645e+02,1.349256125920297755e+00,-8.138399629474466629e-03,2.602045973799373524e+00
3.419921875112672751e+02,1.350970878412792286e+00,-1.030619184996359183e-02,2.613172490301478579e+00
3.420959472768956857e+02,1.352278445341746238e+00,-1.343897469463801835e-02,2.621751419705491859e+00
3.421997070425240963e+02,1.355124272376441841e+00,-1.535853907675091730e-02,2.640140309777240901e+00
3.423034668081525069e+02,1.357119910123376627e+00,-1.860293804327740538e-02,2.653180402762745249e+00
3.424072265737809175e+02,1.359784674839385588e+00,-1.950434305749383992e-02,2.670296277901968551e+00
3.425109863394093850e+02,1.362492226456736732e+00,-2.252464677723591338e-02,2.687867450046852014e+00
3.426147461050377956e+02,1.364469341702532423e+00,-2.569673113756901217e-02,2.700815691248925177e+00
3.427185058706662062e+02,1.366898783626105063e+00,-2.637374156276318937e-02,2.716343635421864633e+00
3.428222656362946168e+02,1.369130500993290145e+00,-3.113689372986218687e-02,2.731142515033348594e+00
3.429260254019230274e+02,1.371129720519593809e+00,-3.301570959888124740e-02,2.744088237924535711e+00
3.430297851675514380e+02,1.373213444692091389e+00,-3.545486528068702431e-02,2.757655047242729029e+00
3.431335449331798486e+02,1.374990305499871113e+00,-3.912144082795127736e-02,2.769507024161867115e+00
3.432373046988083161e+02,1.375774621446260060e+00,-4.207578008154556209e-02,2.775006111284468169e+00
3.433410644644367267e+02,1.378236656335781518e+00,-4.524217869581904916e-02,2.791153171488158780e+00
3.434448242300651373e+02,1.380055296522986641e+00,-4.744815286339115062e-02,2.803060426069967637e+00
3.435485839956935479e+02,1.382839209074264053e+00,-5.033800471851033326e-02,2.821184727219594457e+00
3.436523437613219585e+02,1.385546506349285556e+00,-5.261574562637153646e-02,2.838680512985903182e+00
3.437561035269503691e+02,1.388513530124704243e+00,-5.558051674605060666e-02,2.857955469251381331e+00
3.438598632925787797e+02,1.390816543295144481e+00,-5.972467734422155089e-02,2.873398101215512312e+00
3.439636230582071903e+02,1.391618954197882729e+00,-6.207326255429880535e-02,2.879038898559225235e+00
3.440673828238356577e+02,1.393481996243088217e+00,-6.412554148243659879e-02,2.891214462738324720e+00
3.441711425894640684e+02,1.396718699240942607e+00,-6.678890419978035509e-02,2.912098203852906853e+00
3.442749023550924790e+02,1.399596852471160613e+00,-6.918485100173069058e-02,2.930658275955991598e+00
3.443786621207208896e+02,1.400712571048249311e+00,-7.279751490558457327e-02,2.938695289796007692e+00
3.444824218863493002e+02,1.401989025132451827e+00,-7.567841695726795770e-02,2.947528209135785282e+00
3.445861816519777108e+02,1.405216389785967523e+00,-7.963700432708946397e-02,2.968790286451060023e+00
3.446899414176061214e+02,1.405340165667166241e+00,-8.252350283626531946e-02,2.970578758503142236e+00
3.447937011832345320e+02,1.409081135960929654e+00,-8.552342954032848832e-02,2.994689240960326515e+00
3.448974609488629994e+02,1.411759795209343027e+00,-8.670272690009769856e-02,3.011565919065064989e+00
3.450012207144914100e+02,1.413870599485801849e+00,-8.722346047861180562e-02,3.024690331847530445e+00
3.451049804801198206e+02,1.416630008312671274e+00,-9.117617861062959905e-02,3.043081711188351246e+00
3.452087402457482312e+02,1.417728323803757462e+00,-9.540861939735030550e-02,3.051484516521619117e+00
3.453125000113766419e+02,1.419859905223120000e+00,-9.842448078121864008e-02,3.065728831625599948e+00
3.454162597770050525e+02,1.422628335777921693e+00,-1.013885799685249889e-01,3.083831940551658768e+00
3.455200195426334631e+02,1.423286343457374814e+00,-1.035610677461781814e-01,3.088777843111431665e+00
3.456237793082618737e+02,1.426338834722245430e+00,-1.067325599719876061e-01,3.108704579092527620e+00
3.457275390738903411e+02,1.427396718406691134e+00,-1.097234829323063265e-01,3.116480570888358503e+00
3.458312988395187517e+02,1.429074880329641584e+00,-1.126844300889823930e-01,3.128018498721825580e+00
3.459350586051471623e+02,1.432342260634063225e+00,-1.168684380291188790e-01,3.149752769484584825e+00
3.460388183707755729e+02,1.435169323905522987e+00,-1.187009860639663683e-01,3.167670612100183192e+00
3.461425781364039835e+02,1.436367161827125649e+00,-1.206874617401021421e-01,3.175862023767236586e+00
3.462463379020323941e+02,1.437170658917293453e+00,-1.241331779587147160e-01,3.182446461090667533e+00
3.463500976676608047e+02,1.442705823940350962e+00,-1.282806641356901145e-01,3.217756790598201189e+00
3.464538574332892722e+02,1.443979775764480999e+00,-1.323560961227100707e-01,3.227557778963538571e+00
3.465576171989176828e+02,1.444082750273747662e+00,-1.344761010812039470e-01,3.229340123564627962e+00
3.466613769645460934e+02,1.446903420873474344e+00,-1.372178499821991582e-01,3.247675747521541645e+00
3.467651367301745040e+02,1.449064252062021829e+00,-1.402160960561113778e-01,3.262227166166004722e+00
3.468688964958029146e+02,1.451483678554926993e+00,-1.433367544790442871e-01,3.278390076996116953e+00
3.469726562614313252e+02,1.453259653909183324e+00,-1.467668430472274521e-01,3.290934874679883215e+00
3.470764160270597358e+02,1.454453283778564643e+00,-1.487392396387220150e-01,3.299178499248669016e+00
3.471801757926881464e+02,1.455316854264680160e+00,-1.506203221312547580e-01,3.305423435841176705e+00
3.472839355583166139e+02,1.458310435805519667e+00,-1.544261880522606878e-01,3.325428345426142851e+00
3.473876953239450245e+02,1.461989953418495025e+00,-1.591208646738497268e-01,3.350031225255282852e+00
3.474914550895734351e+02,1.463909616378248346e+00,-1.609452885428701296e-01,3.362464871081466633e+00
3.475952148552018457e+02,1.466013187503237392e+00,-1.637908882164901547e-01,3.376633059975255868e+00
3.476989746208302563e+02,1.468545107172802622e+00,-1.686333362032627070e-01,3.394637512200443297e+00
3.478027343864586669e+02,1.470816357636826055e+00,-1.741399021564705440e-01,3.411624787275741699e+00
3.479064941520870775e+02,1.472678383608612362e+00,-1.747343170642089161e-01,3.422871801620179344e+00
3.480102539177154881e+02,1.473107055852052261e+00,-1.771171775207884547e-01,3.427019001521500297e+00
3.481140136833439556e+02,1.474968812592471812e+00,-1.792154185285033396e-01,3.439304506863962718e+00
3.482177734489723662e+02,1.477627373745415973e+00,-1.831357496088217574e-01,3.457502875181160285e+00
3.483215332146007768e+02,1.478485666029298207e+00,-1.877514396490673476e-01,3.465818905429604690e+00
3.484252929802291874e+02,1.480957642694018972e+00,-1.905272762990277702e-01,3.482145247764885987e+00
3.485290527458575980e+02,1.483774736487108337e+00,-1.939554759083323698e-01,3.500940870340326860e+00
3.486328125114860086e+02,1.484886685047493771e+00,-1.962816265288273299e-01,3.509096085683424349e+00
3.487365722771144192e+02,1.487687277519753604e+00,-2.001633871927066266e-01,3.528149339823132724e+00
3.488403320427428866e+02,1.487283314009567814e+00,-2.029019176141900749e-01,3.527960503704518302e+00
3.489440918083712972e+02,1.491262700096735117e+00,-2.060210180667971236e-01,3.553191427398828317e+00
3.490478515739997079e+02,1.494067804693476775e+00,-2.087911201468211631e-01,3.571402639389074540e+00
3.491516113396281185e+02,1.496277239929743264e+00,-2.130368107069717520e-01,3.587398807628527031e+00
3.492553711052565291e+02,1.496106011395208712e+00,-2.165707219668258909e-01,3.589310712551179616e+00
3.493591308708849397e+02,1.497938261171214647e+00,-2.203163118084937311e-01,3.602825018458639672e+00
3.494628906365133503e+02,1.501786411847124247e+00,-2.243526501489799818e-01,3.628021475577807742e+00
3.495666504021417609e+02,1.503136615993997838e+00,-2.266135301541611635e-01,3.637573555438749828e+00
3.496704101677702283e+02,1.505928166563538895e+00,-2.305995596809234105e-01,3.656743545289782293e+00
3.497741699333986389e+02,1.508486277209926119e+00,-2.345809656646963559e-01,3.674601164583713775e+00
3.498779296990270495e+02,1.510135916709973936e+00,-2.372245259419936969e-01,3.686189351141808679e+00
3.499816894646554601e+02,1.511620488988186128e+00,-2.410025211490887109e-01,3.697868793728742443e+00
3.500854492302838707e+02,1.512343158482910344e+00,-2.427534706309893708e-01,3.703485699171432000e+00
3.501892089959122814e+02,1.513747178967946194e+00,-2.482421605615796611e-01,3.716320216116948405e+00
3.502929687615406920e+02,1.516242997252073677e+00,-2.507963804611732517e-01,3.732599710171320861e+00
3.503967285271691026e+02,1.517501782617267425e+00,-2.541348818918696129e-01,3.742709458874868833e+00
3.505004882927975700e+02,1.519732744623754961e+00,-2.575394054571892299e-01,3.758307459393988914e+00
3.506042480584259806e+02,1.524745000732798283e+00,-2.598660050894205931e-01,3.788297379328974923e+00
3.507080078240543912e+02,1.527026258199367881e+00,-2.640799294515722706e-01,3.804911632774311769e+00
3.508117675896828018e+02,1.527122074227119208e+00,-2.680610194560800186e-01,3.809269732658701724e+00
3.509155273553112124e+02,1.528608703570480731e+00,-2.695226819985246380e-01,3.818885453372901750e+00
3.510192871209396230e+02,1.530849600841653446e+00,-2.723187395085253648e-01,3.833948652462107365e+00
3.511230468865680336e+02,1.532770896862099441e+00,-2.790655817247773562e-01,3.851170542679430930e+00
3.512268066521964442e+02,1.533381913525459161e+00,-2.828179233412551619e-01,3.858289167403790021e+00
3.513305664178249117e+02,1.536081169649328837e+00,-2.847390290950732039e-01,3.875004637938927576e+00
3.514343261834533223e+02,1.538575075731729580e+00,-2.869566573986825908e-01,3.890876183246991360e+00
3.515380859490817329e+02,1.540500798281913664e+00,-2.913076418518200095e-01,3.905823824074487582e+00
3.516418457147101435e+02,1.540955768823747407e+00,-2.966289538715650154e-01,3.913821327916858106e+00
3.517456054803385541e+02,1.544109945836981135e+00,-3.003418634279785282e-01,3.934840813185164876e+00
3.518493652459669647e+02,1.546370980850735988e+00,-3.023093052012155724e-01,3.949162195761312777e+00
3.519531250115953753e+02,1.546882533664024617e+00,-3.077558484362051816e-01,3.957734312126803822e+00
3.520568847772238428e+02,1.548942549751225028e+00,-3.122517577954679879e-01,3.973705677586447660e+00
3.521606445428522534e+02,1.550886032599774200e+00,-3.140976314411692005e-01,3.986178141295944055e+00
3.522644043084806640e+02,1.552364682680444474e+00,-3.164739336409804205e-01,3.996723128260449620e+00
3.523681640741090746e+02,1.554898898042391231e+00,-3.211579858958016898e-01,4.015475271788361056e+00
3.524719238397374852e+02,1.555497588482318783e+00,-3.243318382603964101e-01,4.022207699942153880e+00
3.525756836053658958e+02,1.559706800090356449e+00,-3.280731169884968379e-01,4.048879611163847869e+00
3.526794433709943064e+02,1.561212506643351983e+00,-3.319869877291974358e-01,4.061312147998481947e+00
3.527832031366227170e+02,1.561885705091882182e+00,-3.360008898297680568e-01,4.069459375863107908e+00
3.528869629022511845e+02,1.565227770490971837e+00,-3.399859729279480214e-01,4.091768325665890771e+00
3.529907226678795951e+02,1.568481176481358430e+00,-3.440197720128270187e-01,4.113642395122089290e+00
3.530944824335080057e+02,1.568293135641670055e+00,-3.479909838487892926e-01,4.117276070172623648e+00
3.531982421991364163e+02,1.570649947978910443e+00,-3.516485313387365252e-01,4.134000173012118751e+00
3.533020019647648269e+02,1.571782091757592426e+00,-3.551304920683711064e-01,4.144078309178151009e+00
3.534057617303932375e+02,1.573358103095556126e+00,-3.595628826679655443e-01,4.157645773213808127e+00
3.535095214960216481e+02,1.573820492073101596e+00,-3.619304520799970226e-01,4.162916992866512622e+00
3.536132812616500587e+02,1.576830982372388279e+00,-3.650526157953750128e-01,4.182448226144119374e+00
3.537170410272785261e+02,1.578540147866239973e+00,-3.712724208733972353e-01,4.198950105417359246e+00
3.538208007929069367e+02,1.580787331007875274e+00,-3.756101274227888198e-01,4.215992472718247619e+00
3.539245605585353474e+02,1.582641394105706922e+00,-3.792231745339620930e-01,4.230104714508662767e+00
3.540283203241637580e+02,1.583094058472821697e+00,-3.816714358938021467e-01,4.235505734018195412e+00
3.541320800897921686e+02,1.584276845337887485e+00,-3.863192851172776998e-01,4.247470355438915490e+00
3.542358398554206360e+02,1.586180013930781341e+00,-3.906766207917230505e-01,4.262827100654212664e+00
3.543395996210490466e+02,1.588996922224404029e+00,-3.910394423032121924e-01,4.277818778487206153e+00
3.544433593866775141e+02,1.590737739852047028e+00,-3.966197201336646994e-01,4.293894779839525278e+00
3.545471191523059247e+02,1.591370003647222031e+00,-3.982286636423728599e-01,4.299208886677746477e+00
3.546508789179343353e+02,1.595918995847524835e+00,-4.034027497237635540e-01,4.329198040917431989e+00
3.547546386835627459e+02,1.596548256596199700e+00,-4.096152779459356630e-01,4.340498374397761872e+00
3.548583984491911565e+02,1.597742808450903773e+00,-4.145354061577280480e-01,4.353062087925085422e+00
3.549621582148195671e+02,1.599649108052955571e+00,-4.173100639748353879e-01,4.366435977523957845e+00
3.550659179804479777e+02,1.600939760685549107e+00,-4.203168478805556774e-01,4.376989468586337750e+00
3.551696777460763883e+02,1.602724583122284052e+00,-4.225587938361422546e-01,4.389032444235454911e+00
3.552734375117048558e+02,1.602110253060673228e+00,-4.271954680770742585e-01,4.392147441071251102e+00
3.553771972773332664e+02,1.604705203797562207e+00,-4.290507659839211674e-01,4.407774127983293155e+00
3.554809570429616770e+02,1.606949311071323772e+00,-4.347921216504451181e-01,4.426882865565385572e+00
3.555847168085900876e+02,1.608439179800975172e+00,-4.387548255049503187e-01,4.439795518663878227e+00
3.556884765742184982e+02,1.610153615919657666e+00,-4.427580448530326618e-01,4.453907944444036815e+00
3.557922363398469088e+02,1.610833735833681502e+00,-4.460017754754622699e-01,4.461802198963400024e+00
3.558959961054753194e+02,1.613859812610411559e+00,-4.508883334090297845e-01,4.483729419015144657e+00
3.559997558711037868e+02,1.615094442123690577e+00,-4.554115722191524052e-01,4.496218171999372792e+00
3.561035156367321974e+02,1.615074450067595535e+00,-4.601646432350650628e-01,4.502825227824543752e+00
3.562072754023606080e+02,1.617180845910023645e+00,-4.654413300440047307e-01,4.520793734694389165e+00
3.563110351679890186e+02,1.619788107932366827e+00,-4.684460361510068838e-01,4.538005677923692360e+00
3.564147949336174293e+02,1.622885005646816925e+00,-4.737114708752243053e-01,4.560862785353357651e+00
3.565185546992458399e+02,1.622693209892304145e+00,-4.768533432851951859e-01,4.564453475611562894e+00
3.566223144648742505e+02,1.625519288103504545e+00,-4.810231601839946025e-01,4.584408592304909824e+00
3.567260742305026611e+02,1.625838652409689278e+00,-4.844842398094176272e-01,4.591023035775023686e+00
3.568298339961311285e+02,1.626475067833007326e+00,-4.875559724808868345e-01,4.598645222540692856e+00
3.569335937617595391e+02,1.627710051711076300e+00,-4.915940177245693987e-01,4.610638183298691573e+00
3.570373535273879497e+02,1.627638218696999761e+00,-4.961985398894964705e-01,4.617114442448970735e+00
3.571411132930163603e+02,1.629491031470139628e+00,-4.997791597052407275e-01,4.631491610973368367e+00
3.572448730586447709e+02,1.631271549897284956e+00,-5.040357673430579943e-01,4.646532971854667515e+00
3.573486328242731815e+02,1.633476958854068961e+00,-5.079437716329073815e-01,4.663119981323694319e+00
3.574523925899015921e+02,1.634049212813760255e+00,-5.129492204010692724e-01,4.673466708009311965e+00
3.575561523555300028e+02,1.635371740086844161e+00,-5.169365206377083410e-01,4.685930796180878488e+00
3.576599121211584702e+02,1.636270894142122456e+00,-5.213646163615814899e-01,4.697047409606825319e+00
3.577636718867868808e+02,1.639164170814423560e+00,-5.279489578851798148e-01,4.721110032868908846e+00
3.578674316524152914e+02,1.639540227657724669e+00,-5.289642418637737764e-01,4.724485800345540554e+00
3.579711914180437020e+02,1.641504984854802229e+00,-5.324926531527353069e-01,4.739373867869749901e+00
3.580749511836721126e+02,1.643230584828489604e+00,-5.375876369212755357e-01,4.755560228934223588e+00
3.581787109493005232e+02,1.644973421495024235e+00,-5.404950801565058249e-01,4.768421292577093240e+00
3.582824707149289338e+02,1.646815185072130205e+00,-5.427529659528204098e-01,4.780729137998708467e+00
3.583862304805574013e+02,1.648895019802995465e+00,-5.487204776484376767e-01,4.799996014376366027e+00
3.584899902461858119e+02,1.646674930163391615e+00,-5.547981187644611678e-01,4.799119167253035556e+00
3.585937500118142225e+02,1.647853495544397306e+00,-5.577753306416043388e-01,4.809456234591776180e+00
3.586975097774426331e+02,1.650244551295379836e+00,-5.619221686571094221e-01,4.827397892593586093e+00
3.588012695430710437e+02,1.652384406623404578e+00,-5.670570754583238449e-01,4.845742771481710065e+00
3.589050293086994543e+02,1.654057139873506665e+00,-5.731553413140854092e-01,4.863471638643801498e+00
3.590087890743278649e+02,1.652128781233258570e+00,-5.732648189954452356e-01,4.854604964375220710e+00
3.591125488399562755e+02,1.656362445891250479e+00,-5.806646186494973660e-01,4.886505295213222411e+00
3.592163086055847430e+02,1.657581705338448064e+00,-5.847678664567845797e-01,4.898924964389637537e+00
3.593200683712131536e+02,1.657810705226408610e+00,-5.874511998322301531e-01,4.904410295652039231e+00
3.594238281368415642e+02,1.659480541782348828e+00,-5.911963094846069966e-01,4.918361807376825823e+00
3.595275879024699748e+02,1.660847657233500696e+00,-5.940941789089505543e-01,4.929506596444351629e+00
3.596313476680983854e+02,1.660377504476448607e+00,-5.973593486407146047e-01,4.932756018531602393e+00
3.597351074337267960e+02,1.662789597203086833e+00,-6.053317479830642167e-01,4.957240912753549722e+00
3.598388671993552066e+02,1.662191647950603590e+00,-6.076973878303125742e-01,4.958463224564814809e+00
3.599426269649836172e+02,1.661684345775763738e+00,-6.129823086183490144e-01,4.965065132732670250e+00
3.600463867306120846e+02,1.664439101598404136e+00,-6.171617195294145652e-01,4.984823227130592116e+00
3.601501464962404953e+02,1.666545531217007436e+00,-6.222538478835800690e-01,5.003152362424957644e+00
3.602539062618689059e+02,1.665738818266297550e+00,-6.271885363570620653e-01,5.007922014694412560e+00
3.603576660274973165e+02,1.667667663939470080e+00,-6.298296298061175635e-01,5.021266700261221239e+00
3.604614257931257271e+02,1.668167852815173102e+00,-6.347366009406805176e-01,5.032014043327377451e+00
3.605651855587541377e+02,1.668184222790868310e+00,-6.377080453859863551e-01,5.037239888626628748e+00
3.606689453243825483e+02,1.670236472048280296e+00,-6.420182281407466052e-01,5.054046821789462740e+00
3.607727050900109589e+02,1.671243392372933734e+00,-6.475639105544369611e-01,5.068287377755451573e+00
3.608764648556394263e+02,1.672459663225165150e+00,-6.516558615680793087e-01,5.080954346086116402e+00
3.609802246212678369e+02,1.673309653271895181e+00,-6.538753400961976325e-01,5.088686940306472728e+00
3.610839843868962475e+02,1.672834289700714017e+00,-6.591992266993016436e-01,5.095947136222309659e+00
3.611877441525246581e+02,1.673738308170383382e+00,-6.623399677021181153e-01,5.105576309764440879e+00
3.612915039181530688e+02,1.673591915036125366e+00,-6.696939747000243415e-01,5.118031651509990176e+00
3.613952636837814794e+02,1.674389011526355553e+00,-6.737674152853432297e-01,5.128899027693760715e+00
3.614990234494098900e+02,1.674683969610054834e+00,-6.762722712743339804e-01,5.134720517815650531e+00
3.616027832150383574e+02,1.676003188166945934e+00,-6.793982821206335787e-01,5.146232778048155154e+00
3.617065429806667680e+02,1.680005258058511641e+00,-6.854950491868798679e-01,5.175021892363931286e+00
3.618103027462951786e+02,1.679675079704507246e+00,-6.897340993266357634e-01,5.181244138125054022e+00
3.619140625119235892e+02,1.678058101556691772e+00,-6.931877727830887403e-01,5.180383614481703702e+00
3.620178222775519998e+02,1.677632402164418668e+00,-6.963454780411519884e-01,5.184280597317142636e+00
3.621215820431804104e+02,1.678743514591019892e+00,-7.015707611026777979e-01,5.198780227487807437e+00
3.622253418088088210e+02,1.680755113889346841e+00,-7.062257705539165542e-01,5.216208490973879286e+00
3.623291015744372316e+02,1.680770481386508974e+00,-7.094731622487753242e-01,5.222278904206001826e+00
3.624328613400656991e+02,1.681758015860593369e+00,-7.142183732145330755e-01,5.235407014313553375e+00
3.625366211056941097e+02,1.683942174376945378e+00,-7.204055496803968284e-01,5.256466205381565615e+00
3.626403808713225203e+02,1.683807201914459650e+00,-7.232647911920259132e-01,5.261219014440005282e+00
3.627441406369509309e+02,1.682214434635088462e+00,-7.270163143688800345e-01,5.261321788295663993e+00
3.628479004025793415e+02,1.681181508130448421e+00,-7.321235252587170450e-01,5.266462925342554335e+00
3.629516601682077521e+02,1.681709845270437098e+00,-7.361918931575047731e-01,5.276462036490413787e+00
3.630554199338361627e+02,1.682139230194014345e+00,-7.411910353013001496e-01,5.287826060061578737e+00
3.631591796994645733e+02,1.683072717142266583e+00,-7.455435143554794974e-01,5.300163209875362824e+00
3.632629394650930408e+02,1.683834409608349514e+00,-7.512466078559175697e-01,5.314367353935763205e+00
3.633666992307214514e+02,1.683505531984902825e+00,-7.551174131264739575e-01,5.320397123135375494e+00
3.634704589963498620e+02,1.685006115787348824e+00,-7.576926604186527969e-01,5.331800308286602785e+00
3.635742187619782726e+02,1.684961367592808790e+00,-7.615162518353914001e-01,5.338993309751053573e+00
3.636779785276066832e+02,1.685521099134235978e+00,-7.647595380802993947e-01,5.347668890991838175e+00
3.637817382932350938e+02,1.685312813436699031e+00,-7.703881549485308566e-01,5.357721111569949457e+00
3.638854980588635044e+02,1.685870466602088058e+00,-7.745945855672378144e-01,5.368305491229032000e+00
3.639892578244919150e+02,1.683917175061163674e+00,-7.791470983209886070e-01,5.368925255223358839e+00
3.640930175901203825e+02,1.683369316864592680e+00,-7.838042284048667430e-01,5.375775004146984060e+00
3.641967773557487931e+02,1.683873595851728133e+00,-7.879626863206430354e-01,5.386133766798774758e+00
3.643005371213772037e+02,1.683051581605050417e+00,-7.919944517329425837e-01,5.390657857979620715e+00
3.644042968870056143e+02,1.684048161194969140e+00,-7.967097696055568390e-01,5.404251675084409179e+00
3.645080566526340249e+02,1.686112937183082749e+00,-8.010495852589044619e-01,5.421600705532551245e+00
3.646118164182624355e+02,1.685023581686894811e+00,-8.025989752876128147e-01,5.420120230802982775e+00
3.647155761838908461e+02,1.685376565854869391e+00,-8.093748307336026127e-01,5.435194676763199340e+00
3.648193359495193135e+02,1.685177633368737160e+00,-8.119319478782892618e-01,5.439510351144055456e+00
3.649230957151477241e+02,1.685271680862796329e+00,-8.169014395409522900e-01,5.449937918022971672e+00
3.650268554807761348e+02,1.684276595527498310e+00,-8.196455389092207611e-01,5.451346586208122069e+00
3.651306152464045454e+02,1.684375509608242671e+00,-8.260290368559334295e-01,5.464741613349580973e+00
3.652343750120329560e+02,1.681803368411112221e+00,-8.305316989434331498e-01,5.463261375171124534e+00
3.653381347776613666e+02,1.681923510748724038e+00,-8.361722661297655845e-01,5.475348242793874221e+00
3.654418945432897772e+02,1.684592060810487402e+00,-8.390219669263266900e-01,5.492250479544224184e+00
3.655456543089181878e+02,1.684785398887038488e+00,-8.412306118560660684e-01,5.497596472734564088e+00
3.656494140745466552e+02,1.682037607312738547e+00,-8.451062595240077524e-01,5.494269343611315470e+00
3.657531738401750658e+02,1.684903952588202802e+00,-8.482465438405650815e-01,5.512576371657560870e+00
3.658569336058034764e+02,1.683979758057142506e+00,-8.537501892276784243e-01,5.520202097104254690e+00
3.659606933714318870e+02,1.683744667831346575e+00,-8.587569640774344037e-01,5.529673297923867636e+00
3.660644531370602976e+02,1.681762863083482884e+00,-8.626687503918362143e-01,5.529751186340826408e+00
3.661682129026887083e+02,1.678897338893162283e+00,-8.662263649911006169e-01,5.525519495218370380e+00
3.662719726683171189e+02,1.677507700514354827e+00,-8.719028732739505516e-01,5.531845255703041531e+00
3.663757324339455295e+02,1.677191827357971121e+00,-8.786157055366250468e-01,5.544816471618182696e+00
3.664794921995739969e+02,1.679795522040874234e+00,-8.790552528458356329e-01,5.556325837527063882e+00
3.665832519652024075e+02,1.680187402136467556e+00,-8.827284324174304864e-01,5.565725469579355433e+00
3.666870117308308181e+02,1.676963464300406326e+00,-8.861761467139805948e-01,5.560025679838457080e+00
3.667907714964592287e+02,1.675147300198728040e+00,-8.921228832820183863e-01,5.565439154109816933e+00
3.668945312620876393e+02,1.673843755636502451e+00,-8.961286171405326018e-01,5.568811041106805249e+00
3.669982910277160499e+02,1.672863336744734530e+00,-9.012232928094588980e-01,5.575884190397506046e+00
3.671020507933445174e+02,1.674118071156563747e+00,-9.033487092247471928e-01,5.585538053518296131e+00
3.672058105589729848e+02,1.671685046178682743e+00,-9.082344868934683069e-01,5.586390750727375121e+00
3.673095703246013954e+02,1.672284912290988856e+00,-9.131328073397445566e-01,5.599482999588333065e+00
3.674133300902298060e+02,1.672102310900602573e+00,-9.152833782252575157e-01,5.603454594871783101e+00
3.675170898558582167e+02,1.671088218298878436e+00,-9.171968252953642819e-01,5.603593293981516510e+00
3.676208496214866273e+02,1.670359669293039362e+00,-9.224144605082318371e-01,5.612146984580117959e+00
3.677246093871150379e+02,1.669394379794139960e+00,-9.267704333950939066e-01,5.617905810316732307e+00
3.678283691527434485e+02,1.666869308928946802e+00,-9.325086204502509579e-01,5.620578797385884506e+00
3.679321289183718591e+02,1.666692441700018845e+00,-9.362557064828052056e-01,5.628206508474131731e+00
3.680358886840003265e+02,1.667386641730088437e+00,-9.392107644104668029e-01,5.637533327059692567e+00
3.681396484496287371e+02,1.665925098599367882e+00,-9.427153382072985810e-01,5.639576747519430278e+00
3.682434082152571477e+02,1.663305343624773336e+00,-9.462226143627592290e-01,5.637090778506850697e+00
3.683471679808855583e+02,1.663061239984927608e+00,-9.508466195376823471e-01,5.646520981851494092e+00
3.684509277465139689e+02,1.661672106283907047e+00,-9.551548935825341369e-01,5.650770956184311800e+00
3.685546875121423795e+02,1.658245161460873085e+00,-9.598755468357123011e-01,5.648007197408436930e+00
3.686584472777707902e+02,1.657948265557271483e+00,-9.635141892402991903e-01,5.655115875958824923e+00
3.687622070433992576e+02,1.657962744371240138e+00,-9.680696224316672760e-01,5.665552431755912721e+00
3.688659668090276682e+02,1.658264054652915487e+00,-9.711525929877357077e-01,5.673766068343145008e+00
3.689697265746560788e+02,1.654705124295360541e+00,-9.751233487726214122e-01,5.668986004916036769e+00
3.690734863402844894e+02,1.653694543819933749e+00,-9.787386782095002236e-01,5.673363869904520129e+00
3.691772461059129000e+02,1.652623679032089399e+00,-9.813629943579232906e-01,5.675249125628880620e+00
3.692810058715413106e+02,1.650763860299197860e+00,-9.849018609299611260e-01,5.676206718598671763e+00
3.693847656371697212e+02,1.650900863773078875e+00,-9.865835600265736582e-01,5.680632891759328729e+00
3.694885254027981318e+02,1.653523092538295325e+00,-9.904431399601846264e-01,5.699724056375609749e+00
3.695922851684265993e+02,1.648143556690478073e+00,-9.978411148112144025e-01,5.696154639603903114e+00
3.696960449340550099e+02,1.645336352418233172e+00,-9.988677953348923388e-01,5.687728077922495906e+00
3.697998046996834205e+02,1.644437120911880434e+00,-1.002141981018127570e+00,5.691938326119058367e+00
3.699035644653118311e+02,1.642518955776864686e+00,-1.008221791377606147e+00,5.698862972195430032e+00
3.700073242309402417e+02,1.642759316338484155e+00,-1.009795587560721408e+00,5.703497175912033867e+00
3.701110839965686523e+02,1.638588372099446522e+00,-1.012932720471592996e+00,5.694914867578557249e+00
3.702148437621970629e+02,1.634170109835582307e+00,-1.016860536305464802e+00,5.687316270532697615e+00
3.703186035278254735e+02,1.632920992007432126e+00,-1.021420240447995509e+00,5.693423341738693466e+00
3.704223632934539410e+02,1.633614423682425043e+00,-1.028227604499888814e+00,5.712368002246776655e+00
3.705261230590823516e+02,1.632622932966621754e+00,-1.029620020384210966e+00,5.711933138764625717e+00
3.706298828247107622e+02,1.630055602366608181e+00,-1.032358808869763278e+00,5.708750688002867335e+00
3.707336425903391728e+02,1.624829523392425479e+00,-1.036265147446670865e+00,5.698321277732679491e+00
3.708374023559675834e+02,1.626766132885185678e+00,-1.041472493167248992e+00,5.718290908743307810e+00
3.709411621215959940e+02,1.624956917809750268e+00,-1.042671808013064583e+00,5.714350682909749679e+00
3.710449218872244046e+02,1.620285845893724153e+00,-1.044775634400038733e+00,5.701788144868230823e+00
3.711486816528528720e+02,1.622794227771432674e+00,-1.049176223204197012e+00,5.722012791630090689e+00
3.712524414184812827e+02,1.620401882946512773e+00,-1.053677079012021567e+00,5.723996194634924706e+00
3.713562011841096933e+02,1.617046964169468248e+00,-1.059360581400515144e+00,5.725330603316564293e+00
3.714599609497381039e+02,1.613652663803313514e+00,-1.060678927699834517e+00,5.715824496862684789e+00
3.715637207153665145e+02,1.612170068001161471e+00,-1.064364361887732979e+00,5.719374251224605743e+00
3.716674804809949251e+02,1.610941887314223608e+00,-1.067844604179074341e+00,5.723401213852024050e+00
3.717712402466233357e+02,1.609676251618057830e+00,-1.069233492156699494e+00,5.722112858956927006e+00
3.718750000122517463e+02,1.607318209594903013e+00,-1.075457746732777498e+00,5.728810302252583142e+00
3.719787597778802137e+02,1.603157965861038203e+00,-1.076448066123143255e+00,5.715756008645266562e+00
3.720825195435086243e+02,1.601381046766841010e+00,-1.078277533282679057e+00,5.713714758918118086e+00
3.721862793091370349e+02,1.599874343573780111e+00,-1.083512431094676209e+00,5.721274509616866233e+00
3.722900390747654455e+02,1.595018161329673223e+00,-1.085356721692058768e+00,5.707859540061711812e+00
3.723937988403938562e+02,1.593084838732249597e+00,-1.089553883061936901e+00,5.711317529486974465e+00
3.724975586060222668e+02,1.592614139953627106e+00,-1.091802739293681768e+00,5.715286752129324022e+00
3.726013183716506774e+02,1.588989664747599395e+00,-1.093545894981162503e+00,5.706282469150813164e+00
3.727050781372790880e+02,1.587322023477108823e+00,-1.098203929226433617e+00,5.712012463246241012e+00
3.728088379029075554e+02,1.584662039347898732e+00,-1.101751615642166948e+00,5.711274897867523848e+00
3.729125976685359660e+02,1.580902443322935502e+00,-1.103978390387898134e+00,5.703118175888889141e+00
3.730163574341643766e+02,1.579732767911495195e+00,-1.106833554415018295e+00,5.706171996627583454e+00
3.731201171997927872e+02,1.575047035414032015e+00,-1.109711757539355581e+00,5.696352678751511966e+00
3.732238769654211978e+02,1.575052838871361383e+00,-1.113273907478873115e+00,5.705628140396901138e+00
3.733276367310496084e+02,1.573619553717794606e+00,-1.116316556570693397e+00,5.708278409957433297e+00
3.734313964966780190e+02,1.570674837172463922e+00,-1.123045561425005889e+00,5.715051170604741770e+00
3.735351562623064297e+02,1.567453096496265852e+00,-1.123449844397425457e+00,5.704318726816234530e+00
3.736389160279348971e+02,1.564473565555793755e+00,-1.125048927182250580e+00,5.697615142618934314e+00
3.737426757935633077e+02,1.561841195770268698e+00,-1.128131820614038938e+00,5.696113985400616642e+00
3.738464355591917183e+02,1.560864029011982623e+00,-1.132934031629887706e+00,5.705237974741122819e+00
3.739501953248201289e+02,1.557842325106819636e+00,-1.135915451411350530e+00,5.702131972053764208e+00
3.740539550904485395e+02,1.553352120770873368e+00,-1.138096103751958355e+00,5.691591151496433909e+00
3.741577148560769501e+02,1.548901430499522558e+00,-1.140678690667279893e+00,5.682303063639934315e+00
3.742614746217053607e+02,1.546819970195337346e+00,-1.143758529360408005e+00,5.682997923786588856e+00
3.743652343873338282e+02,1.545695578852224195e+00,-1.145081737279552314e+00,5.682471474311129533e+00
3.744689941529622388e+02,1.542578516345649575e+00,-1.148118154889913756e+00,5.679344658429942072e+00
3.745727539185906494e+02,1.538835813810967901e+00,-1.151896821984140340e+00,5.676005674603953111e+00
3.746765136842190600e+02,1.535525454417857372e+00,-1.153714065734634309e+00,5.668962427081821076e+00
3.747802734498474706e+02,1.533812448038546883e+00,-1.158928373250901478e+00,5.676961928922157341e+00
3.748840332154758812e+02,1.531457692523773728e+00,-1.159771578899412070e+00,5.670772991137961405e+00
3.749877929811042918e+02,1.527921991246424138e+00,-1.160099797967124369e+00,5.658923259807173700e+00
3.750915527467327024e+02,1.526149231733169520e+00,-1.163136243004565085e+00,5.660858361881230039e+00
3.751953125123611699e+02,1.517951233517879084e+00,-1.166930711852166347e+00,5.641809969962949367e+00
3.752990722779895805e+02,1.515953709563855778e+00,-1.170105937918455075e+00,5.643421225548125086e+00
3.754028320436179911e+02,1.513989952425661256e+00,-1.172893287735133905e+00,5.644108845375046535e+00
3.755065918092464017e+02,1.510931932938820221e+00,-1.177194025340614125e+00,5.645123274792053003e+00
3.756103515748748123e+02,1.508136898307464779e+00,-1.178734584277690844e+00,5.639426782734988208e+00
3.757141113405032229e+02,1.504611548691380252e+00,-1.178629277936170006e+00,5.626523932032227115e+00
3.758178711061316335e+02,1.500993131006469694e+00,-1.181684816917724312e+00,5.622166344283419548e+00
3.759216308717600441e+02,1.499461091336906415e+00,-1.186136413543460444e+00,5.629234014043711376e+00
3.760253906373885115e+02,1.498131924662531533e+00,-1.189176086552279576e+00,5.633076923558367533e+00
3.761291504030169222e+02,1.493674057104078967e+00,-1.190746894585091420e+00,5.621667646127446183e+00
3.762329101686453328e+02,1.487371146039721648e+00,-1.193496072362475902e+00,5.607081692840063525e+00
3.763366699342737434e+02,1.483258395851025258e+00,-1.195477332641327495e+00,5.598134776315879080e+00
3.764404296999021540e+02,1.481781484520857228e+00,-1.197600372955179626e+00,5.598974151641989749e+00
3.765441894655305646e+02,1.480569248824490591e+00,-1.198657509616024575e+00,5.597708270719684798e+00
3.766479492311589752e+02,1.473447251742671993e+00,-1.200457271969769035e+00,5.577651113291318907e+00
3.767517089967874426e+02,1.471191429145601637e+00,-1.204905085001341414e+00,5.582525001049907232e+00
3.768554687624158532e+02,1.467606425375630685e+00,-1.206169345600558440e+00,5.573523573529857167e+00
3.769592285280442638e+02,1.463195958007641462e+00,-1.206964084177500673e+00,5.560255149847678879e+00
3.770629882936726744e+02,1.461131289169897984e+00,-1.209613661613572422e+00,5.560695906806327748e+00
3.771667480593010850e+02,1.457702749109835327e+00,-1.211389092395314560e+00,5.553799532887183865e+00
3.772705078249294957e+02,1.453173170812845472e+00,-1.214322209574163702e+00,5.546454891482155425e+00
3.773742675905579063e+02,1.451152946403757360e+00,-1.217214865487543873e+00,5.547866924412340417e+00
3.774780273561863169e+02,1.449244233585434749e+00,-1.217684909929358072e+00,5.542547338105495491e+00
3.775817871218147843e+02,1.443651530503914149e+00,-1.220577935469608244e+00,5.531472861415308806e+00
3.776855468874431949e+02,1.440002082783911286e+00,-1.223413346444377270e+00,5.527103314720863914e+00
3.777893066530716055e+02,1.436101774796776587e+00,-1.224437107249693346e+00,5.516493540303729404e+00
3.778930664187000161e+02,1.432486613085526272e+00,-1.227297204640315442e+00,5.512396710790489429e+00
3.779968261843284267e+02,1.430356341275678123e+00,-1.228214218216566511e+00,5.507698959837824759e+00
3.781005859499568373e+02,1.426431375216482111e+00,-1.229833913537386803e+00,5.498854214877689550e+00
3.782043457155852479e+02,1.422513319410836141e+00,-1.233765294696792081e+00,5.497045529650862683e+00
3.783081054812136585e+02,1.420694370584020705e+00,-1.236317105401728789e+00,5.498431257212390122e+00
3.784118652468421260e+02,1.415011458514320086e+00,-1.236369293840249517e+00,5.478812923456228390e+00
3.785156250124705366e+02,1.410478780056036330e+00,-1.238529405648394199e+00,5.469626251767813585e+00
3.786193847780989472e+02,1.406149571377559582e+00,-1.240492703706640887e+00,5.460585953086718902e+00
3.787231445437273578e+02,1.403763230827908659e+00,-1.242527727287386030e+00,5.458544478617527673e+00
3.788269043093557684e+02,1.401530587819832308e+00,-1.244630986400944384e+00,5.457268900175973769e+00
3.789306640749841790e+02,1.394627340545468552e+00,-1.244862521039234782e+00,5.434059375797541058e+00
3.790344238406125896e+02,1.388390907178748357e+00,-1.246541774559288607e+00,5.417658639697321199e+00
3.791381836062410002e+02,1.385638254315900486e+00,-1.248050596889731301e+00,5.412825824408278308e+00
3.792419433718694677e+02,1.381211034882181776e+00,-1.250493926504248288e+00,5.405145403114399727e+00
3.793457031374978783e+02,1.379735269796597885e+00,-1.251488591815882456e+00,5.403160965833571083e+00
3.794494629031262889e+02,1.377553833811067552e+00,-1.251195225270809841e+00,5.394705573210138994e+00
3.795532226687546995e+02,1.370916278691707069e+00,-1.255601192074523142e+00,5.385669223573116504e+00
3.796569824343831101e+02,1.367867294954418611e+00,-1.257127287293507090e+00,5.379990637864599634e+00
3.797607422000115207e+02,1.365278848766231734e+00,-1.257555995818932848e+00,5.372438616551450608e+00
3.798645019656399313e+02,1.362271559397926657e+00,-1.261078130339784442e+00,5.373281092311973595e+00
3.799682617312684556e+02,1.357315324759815978e+00,-1.262227587853421040e+00,5.359929077084468751e+00
3.800720214968968662e+02,1.353270606433006673e+00,-1.263053138968484479e+00,5.348690589120152161e+00
3.801757812625252768e+02,1.348667645709608287e+00,-1.264606278080921742e+00,5.337890152514223274e+00
3.802795410281536874e+02,1.345871816559078615e+00,-1.264909944938037878e+00,5.329285859760818589e+00
3.803833007937820980e+02,1.340887381090475117e+00,-1.266480950663131377e+00,5.317283050896119967e+00
3.804870605594105086e+02,1.337420989215186040e+00,-1.268756866022784369e+00,5.312794646152726230e+00
3.805908203250389192e+02,1.334752020208098466e+00,-1.269519202084000042e+00,5.306148287305835431e+00
3.806945800906673867e+02,1.330196242886542812e+00,-1.270957441609572136e+00,5.295272208753543985e+00
3.807983398562957973e+02,1.325290181505280662e+00,-1.270886273199118843e+00,5.278290874063847227e+00
3.809020996219242079e+02,1.320293106525981974e+00,-1.273254597747209393e+00,5.269013194523215482e+00
3.810058593875526185e+02,1.317655610725949389e+00,-1.276306385803810395e+00,5.270075633889007349e+00
3.811096191531810291e+02,1.312159269323218691e+00,-1.279167735931092675e+00,5.260848361670582563e+00
3.812133789188094397e+02,1.308736936783855498e+00,-1.278456682570907166e+00,5.246873534459667532e+00
3.813171386844378503e+02,1.305588915648614012e+00,-1.279004684539659653e+00,5.238004771698532736e+00
3.814208984500662609e+02,1.301438463437603055e+00,-1.280334210923639082e+00,5.228350225380111738e+00
3.815246582156947284e+02,1.296938540910543614e+00,-1.282509449227782206e+00,5.220371448720345420e+00
3.816284179813231390e+02,1.290574323047993355e+00,-1.283974132110297095e+00,5.203749986495599167e+00
3.817321777469515496e+02,1.285499554541783329e+00,-1.284996574618360032e+00,5.190039293871785198e+00
3.818359375125799602e+02,1.281722942845424207e+00,-1.285761213110169221e+00,5.179866231776348862e+00
3.819396972782083708e+02,1.279857631246020366e+00,-1.286062508760092538e+00,5.174588150362007255e+00
3.820434570438367814e+02,1.275703241198747451e+00,-1.286549312576803716e+00,5.162216554838541249e+00
3.821472168094651920e+02,1.271619705224791064e+00,-1.287632327740041216e+00,5.152131192316615760e+00
3.822509765750936026e+02,1.268421915001644695e+00,-1.288705574753298277e+00,5.145020912815908787e+00
3.823547363407220701e+02,1.263520611854310527e+00,-1.291742709617294649e+00,5.138943008044984495e+00
3.824584961063504807e+02,1.255958355623449485e+00,-1.290736288882884830e+00,5.110047380672018136e+00
3.825622558719788913e+02,1.254046867893014117e+00,-1.292323849438421934e+00,5.109113892660849032e+00
3.826660156376073019e+02,1.250218353429746854e+00,-1.293696978710304091e+00,5.101021531585509194e+00
3.827697754032357125e+02,1.244284006785910890e+00,-1.293190372197761118e+00,5.079346348211672080e+00
3.828735351688641231e+02,1.240287526727418266e+00,-1.295773549829163152e+00,5.074972609773775289e+00
3.829772949344925337e+02,1.236740386226569122e+00,-1.297372825391994278e+00,5.068705830170597615e+00
3.830810547001209443e+02,1.230821876365196577e+00,-1.297212669541686125e+00,5.048354354211874728e+00
3.831848144657494117e+02,1.228041458844980172e+00,-1.298111949177723767e+00,5.042234626575257117e+00
3.832885742313778223e+02,1.222358652365725940e+00,-1.300174310740172867e+00,5.030567881698232213e+00
3.833923339970062329e+02,1.219317975819544708e+00,-1.300229035037018699e+00,5.020625788990392913e+00
3.834960937626346436e+02,1.216276975103188107e+00,-1.298674931821172329e+00,5.004953078405179667e+00
3.835998535282630542e+02,1.211941280136712651e+00,-1.300463445253103423e+00,4.996880225267106290e+00
3.837036132938914648e+02,1.206473958792979806e+00,-1.301427792607028122e+00,4.982131661366479669e+00
3.838073730595198754e+02,1.202029933961430652e+00,-1.303467069978564652e+00,4.974690503607695824e+00
3.839111328251483428e+02,1.197950777058507610e+00,-1.302959830023662668e+00,4.959313369209986888e+00
3.840148925907767534e+02,1.193525692974054753e+00,-1.302485675478769256e+00,4.942899439928199357e+00
3.841186523564051640e+02,1.190260055740292255e+00,-1.303098432894104430e+00,4.934280085034904673e+00
3.842224121220335746e+02,1.184841999288590575e+00,-1.306046937620112480e+00,4.927058078438394162e+00
3.843261718876619852e+02,1.179829761832652979e+00,-1.306005834643150898e+00,4.910322766333625744e+00
3.844299316532903958e+02,1.177156496890835902e+00,-1.306267305604079887e+00,4.902439365821368078e+00
3.845336914189188064e+02,1.171218089967336118e+00,-1.307469990909469804e+00,4.887240600700186732e+00
3.846374511845472171e+02,1.168390449288827959e+00,-1.307274500943425233e+00,4.877183953698848384e+00
3.847412109501756845e+02,1.164474403558886983e+00,-1.308618172631971888e+00,4.869236024186267997e+00
3.848449707158040951e+02,1.159068693241717574e+00,-1.308999170053672945e+00,4.852839401912167006e+00
3.849487304814325057e+02,1.156476841169925551e+00,-1.308982945254353991e+00,4.844244191581968728e+00
3.850524902470609163e+02,1.153575048085788701e+00,-1.309465751287424817e+00,4.836494694198184341e+00
3.851562500126893269e+02,1.147969885327948525e+00,-1.309662386074694540e+00,4.818796303239161638e+00
3.852600097783177375e+02,1.142791953055636300e+00,-1.311657461247973888e+00,4.809290180229499612e+00
3.853637695439461481e+02,1.137785338239798216e+00,-1.312640418949479360e+00,4.796588423444456240e+00
3.854675293095745587e+02,1.133223289707840920e+00,-1.312182804039336625e+00,4.779916830778481618e+00
3.855712890752030262e+02,1.129934548122448090e+00,-1.312559175871778727e+00,4.770580853528062271e+00
3.856750488408314368e+02,1.124377631527532451e+00,-1.313054571007239435e+00,4.754296250599251650e+00
3.857788086064598474e+02,1.119702641826442413e+00,-1.313382396058153656e+00,4.740278333099231745e+00
3.858825683720882580e+02,1.117114079507578461e+00,-1.314159271229863757e+00,4.734809054893323932e+00
3.859863281377166686e+02,1.112404940135264919e+00,-1.314656913942318983e+00,4.721371093535460695e+00
3.860900879033450792e+02,1.108505702131693527e+00,-1.313408840666524302e+00,4.703851550786940727e+00
3.861938476689734898e+02,1.103017283674947890e+00,-1.314241799432738667e+00,4.689199017810633308e+00
3.862976074346019004e+02,1.099820748975184781e+00,-1.314258173029118737e+00,4.678862350574882534e+00
3.864013672002303679e+02,1.095235666131067154e+00,-1.315985267382985935e+00,4.670689185957416001e+00
3.865051269658587785e+02,1.091655510898757564e+00,-1.317412521692141958e+00,4.664653792425001555e+00
3.866088867314871891e+02,1.086771363136808333e+00,-1.318024071276835407e+00,4.651239002758746466e+00
3.867126464971155997e+02,1.081565248853749051e+00,-1.316280778578514221e+00,4.627540446075205871e+00
3.868164062627440103e+02,1.078805341275755447e+00,-1.316885917023289609e+00,4.620998022288021367e+00
3.869201660283724209e+02,1.076237716173775949e+00,-1.316607440917972882e+00,4.611596592028904595e+00
3.870239257940008315e+02,1.067418368191459521e+00,-1.318653594027973108e+00,4.591253859793988035e+00
3.871276855596292990e+02,1.063348344970410642e+00,-1.317059963701435299e+00,4.571786862708718147e+00
3.872314453252577096e+02,1.060008443307582926e+00,-1.317108352252803760e+00,4.561218350247469466e+00
3.873352050908861202e+02,1.055669752508725745e+00,-1.316810901166283854e+00,4.546054864843165788e+00
3.874389648565145308e+02,1.053037136400905016e+00,-1.316276567107699469e+00,4.535432603671157636e+00
3.875427246221429414e+02,1.048408538073058782e+00,-1.316696900785720103e+00,4.522237617709431667e+00
3.876464843877713520e+02,1.042417968239002901e+00,-1.316349877427040571e+00,4.501585777934774768e+00
3.877502441533997626e+02,1.037299940923441355e+00,-1.316228629392208305e+00,4.484665374298034912e+00
3.878540039190281732e+02,1.034024629762368086e+00,-1.317092156874495323e+00,4.477685124305269326e+00
3.879577636846566406e+02,1.027970121390323843e+00,-1.318269754317528797e+00,4.463130834692926818e+00
3.880615234502850512e+02,1.025875352925829542e+00,-1.318340981532299949e+00,4.456731842014590939e+00
3.881652832159134618e+02,1.024149463525544368e+00,-1.317735540948149708e+00,4.448733948709648445e+00
3.882690429815418725e+02,1.017272448871472168e+00,-1.318170967134701499e+00,4.428586994876116734e+00
3.883728027471702831e+02,1.013147856689998072e+00,-1.318620692447473264e+00,4.417311201308970148e+00
3.884765625127986937e+02,1.008614842546297519e+00,-1.318774431049118290e+00,4.403532545415819399e+00
3.885803222784271043e+02,1.004620144623198819e+00,-1.317976956565855673e+00,4.387519134178347713e+00
3.886840820440555149e+02,9.989152762383832762e-01,-1.316758386942668002e+00,4.364305191261241390e+00
3.887878418096839823e+02,9.956110874240243769e-01,-1.315082173784311692e+00,4.346778729232844363e+00
3.888916015753123929e+02,9.930787844387817254e-01,-1.316890182958864175e+00,4.346336004829639776e+00
3.889953613409408035e+02,9.881906434188494348e-01,-1.316947614171321002e+00,4.331089744068758129e+00
3.890991211065692141e+02,9.838624308211054714e-01,-1.317611891327418627e+00,4.320205605320123432e+00
3.892028808721976247e+02,9.789543049941771269e-01,-1.318347963685919666e+00,4.307831724299190590e+00
3.893066406378260353e+02,9.751377506819269847e-01,-1.319652989682314148e+00,4.301359760806819033e+00
3.894104004034544460e+02,9.717687427794075017e-01,-1.319490542315794324e+00,4.290073318690597048e+00
3.895141601690829134e+02,9.679313225006405119e-01,-1.318276430991065507e+00,4.272821884651199831e+00
3.896179199347113240e+02,9.626837008818683872e-01,-1.317380614152777296e+00,4.252490951649820161e+00
3.897216797003397346e+02,9.584875924619837839e-01,-1.317328357155053364e+00,4.239095037726532844e+00
3.898254394659681452e+02,9.533209259530476265e-01,-1.316700942107798644e+00,4.220186377609176809e+00
3.899291992315965558e+02,9.495524444292813282e-01,-1.318240104474361019e+00,4.215063341739545777e+00
3.900329589972249664e+02,9.471258952263893471e-01,-1.318834391848243026e+00,4.210066270011717293e+00
3.901367187628533770e+02,9.420426946582344252e-01,-1.318328239706919813e+00,4.192010697894773763e+00
3.902404785284817876e+02,9.354447361743705169e-01,-1.316913631903112947e+00,4.165270715007337365e+00
3.903442382941102551e+02,9.333434109199959527e-01,-1.315795702153636837e+00,4.153821026893319335e+00
3.904479980597386657e+02,9.294615782849949825e-01,-1.314919636795413904e+00,4.137878574900810236e+00
3.905517578253670763e+02,9.236968539054821736e-01,-1.314621337954035685e+00,4.118629000217145730e+00
3.906555175909954869e+02,9.214305642774295313e-01,-1.315625913026471583e+00,4.116038535569091827e+00
3.907592773566238975e+02,9.174816981775454350e-01,-1.315620676129874544e+00,4.103774023157627404e+00
3.908630371222523081e+02,9.110937026282575069e-01,-1.314495469743685030e+00,4.078988550743211761e+00
3.909667968878807187e+02,9.080602497858422106e-01,-1.313313309405645501e+00,4.064320644223365697e+00
3.910705566535091293e+02,9.032898392270640731e-01,-1.312416040047055921e+00,4.045546519048209611e+00
3.911743164191375968e+02,9.005787037201442580e-01,-1.315041237843680433e+00,4.048979086061135213e+00
3.912780761847660074e+02,8.964947708500369261e-01,-1.314679371220039528e+00,4.034782330334536482e+00
3.913818359503944180e+02,8.933143498853417519e-01,-1.313819587170748981e+00,4.021121375889245897e+00
3.914855957160228286e+02,8.867678981703702723e-01,-1.313003267233743276e+00,3.997316613227566151e+00
3.915893554816512392e+02,8.831622718567859742e-01,-1.313476945193791101e+00,3.988419321885540825e+00
3.916931152472796498e+02,8.794534262723747720e-01,-1.312358117006297897e+00,3.971962345672816141e+00
3.917968750129080604e+02,8.766558414077153527e-01,-1.310818283086673475e+00,3.956356256760465318e+00
3.919006347785364710e+02,8.716438925598073428e-01,-1.309553152577076274e+00,3.935212482360919584e+00
3.920043945441649385e+02,8.668513839513294350e-01,-1.310261972007079168e+00,3.923834724418964193e+00
3.921081543097933491e+02,8.632786647647868739e-01,-1.310033937726318598e+00,3.911890723361696409e+00
3.922119140754217597e+02,8.601158833734023901e-01,-1.310447271101865319e+00,3.904177738452814683e+00
3.923156738410501703e+02,8.550833688538004296e-01,-1.309792149930369076e+00,3.885848122631224033e+00
3.924194336066785809e+02,8.499704502468108380e-01,-1.310175309271584210e+00,3.872134219826190993e+00
3.925231933723069915e+02,8.485283884313991054e-01,-1.310370439683973487e+00,3.868682023385865421e+00
3.926269531379354021e+02,8.463535025845734250e-01,-1.309591452326563266e+00,3.858464137463477162e+00
3.927307129035638695e+02,8.380644538755602779e-01,-1.305959881632711594e+00,3.816354240743571768e+00
3.928344726691923370e+02,8.364614887813260902e-01,-1.306572635503930657e+00,3.814399800947564145e+00
3.929382324348207476e+02,8.330829473847740640e-01,-1.306721777539663787e+00,3.804914523944241900e+00
3.930419922004491582e+02,8.290357638877685620e-01,-1.305805266070159343e+00,3.788388204284497185e+00
3.931457519660775688e+02,8.238664868031756461e-01,-1.306105485190728333e+00,3.774278376898789755e+00
3.932495117317059794e+02,8.207830896752541516e-01,-1.305789286990619580e+00,3.763525517422044331e+00
3.933532714973343900e+02,8.177821706550847392e-01,-1.304010581740898234e+00,3.746037909383799214e+00
3.934570312629628575e+02,8.123236012172248000e-01,-1.303074236143873410e+00,3.725202432353626136e+00
3.935607910285912681e+02,8.076199219175469457e-01,-1.303241169724905113e+00,3.711948951084557358e+00
3.936645507942196787e+02,8.037829162235753389e-01,-1.303707004347224974e+00,3.702759725544364944e+00
3.937683105598480893e+02,7.996327535129799102e-01,-1.304228879212525394e+00,3.692948231304561624e+00
3.938720703254764999e+02,7.958762615289185494e-01,-1.304596291092170901e+00,3.683595104238708728e+00
3.939758300911049105e+02,7.930003005051520226e-01,-1.303382815327334576e+00,3.669188418963647003e+00
3.940795898567333211e+02,7.865392075268881067e-01,-1.300921012689212786e+00,3.638073508290829317e+00
3.941833496223617317e+02,7.846079499560424386e-01,-1.300815764869873936e+00,3.631852384603017736e+00
3.942871093879901991e+02,7.808920738124400795e-01,-1.301728130358907221e+00,3.625368630179361951e+00
3.943908691536186097e+02,7.786440692736976699e-01,-1.302286183182986168e+00,3.621498198455861850e+00
3.944946289192470203e+02,7.728370407812878984e-01,-1.298778796019222526e+00,3.587157702711273988e+00
3.945983886848754310e+02,7.684575296742081063e-01,-1.300059650822425139e+00,3.580647484053760987e+00
3.947021484505038416e+02,7.670346283709854607e-01,-1.299504031353670097e+00,3.573731103690799493e+00
3.948059082161322522e+02,7.630512117433108088e-01,-1.299466894633056091e+00,3.561906209830454806e+00
3.949096679817606628e+02,7.586792100218339163e-01,-1.298415050148569838e+00,3.543919420760439642e+00
3.950134277473890734e+02,7.546120274913854509e-01,-1.297514529023051644e+00,3.527579658388588779e+00
3.951171875130175408e+02,7.506627003992447644e-01,-1.297258527747890522e+00,3.514820981969223990e+00
3.952209472786459514e+02,7.462856580649486204e-01,-1.296494676033373095e+00,3.498291736885907888e+00
3.953247070442743620e+02,7.421611775473117012e-01,-1.295119100492506004e+00,3.479418316232044894e+00
3.954284668099027726e+02,7.378260228839415014e-01,-1.294682744586009848e+00,3.464685066843297356e+00
3.955322265755311832e+02,7.351745585079679790e-01,-1.294977080285708126e+00,3.458533012680471863e+00
3.956359863411595938e+02,7.326780170457305452e-01,-1.294370817061629708e+00,3.448269182695308910e+00
3.957397461067880045e+02,7.284498221092821080e-01,-1.294061307390936610e+00,3.434546424558773570e+00
3.958435058724164151e+02,7.252393083786954353e-01,-1.293757774503630387e+00,3.423794927289257828e+00
3.959472656380448825e+02,7.212374531405724154e-01,-1.291848248974926117e+00,3.402567452091269207e+00
3.960510254036732931e+02,7.160000558985220032e-01,-1.291775851556062449e+00,3.387235485473865548e+00
3.961547851693017037e+02,7.137546790111118922e-01,-1.291038675650946654e+00,3.377041151401185992e+00
3.962585449349301143e+02,7.101607268287076780e-01,-1.290499291421216332e+00,3.364030275159605843e+00
3.963623047005585249e+02,7.064654970564593350e-01,-1.288807378059212860e+00,3.344774670578450237e+00
3.964660644661869355e+02,7.019687195245519762e-01,-1.288686373782406802e+00,3.331393610507211722e+00
3.965698242318153461e+02,6.986702326739313573e-01,-1.288545035317588683e+00,3.321330136251238407e+00
3.966735839974438136e+02,6.938251436954943063e-01,-1.286842202964974202e+00,3.298769023440160097e+00
3.967773437630722242e+02,6.885205208627258600e-01,-1.286314033392452094e+00,3.281071766627130071e+00
3.968811035287006348e+02,6.874704167669281052e-01,-1.285164095199341938e+00,3.272081468212838296e+00
3.969848632943290454e+02,6.847158097806295141e-01,-1.285035535858733757e+00,3.263670119561448146e+00
3.970886230599574560e+02,6.818443423160914785e-01,-1.283741065788275293e+00,3.248795250361343090e+00
3.971923828255858666e+02,6.786031227754307782e-01,-1.282748269534475183e+00,3.234470909736288480e+00
3.972961425912142772e+02,6.733734665604277358e-01,-1.282830954308341154e+00,3.220304561120255205e+00
3.973999023568426878e+02,6.704776935473395483e-01,-1.281582149920545310e+00,3.205602570147718211e+00
3.975036621224711553e+02,6.675218416103596564e-01,-1.281523516730439960e+00,3.197071842712140732e+00
3.976074218880995659e+02,6.631860795869159997e-01,-1.280298143468810768e+00,3.178501259613603303e+00
3.977111816537279765e+02,6.586466757100469804e-01,-1.279193609215158567e+00,3.160021785542761918e+00
3.978149414193563871e+02,6.547166158748398690e-01,-1.279561217871601819e+00,3.151157614284559205e+00
3.979187011849847977e+02,6.505682802862449154e-01,-1.279450632113808162e+00,3.139163407941560902e+00
3.980224609506132083e+02,6.475425655482071052e-01,-1.277055790829506599e+00,3.117925998973312574e+00
3.981262207162416189e+02,6.453079516073262356e-01,-1.274359779124880632e+00,3.097185499320795898e+00
3.982299804818700295e+02,6.418323914988287582e-01,-1.274161173752679899e+00,3.086573480730250729e+00
3.983337402474984970e+02,6.377382198403480640e-01,-1.274918212245257809e+00,3.079507360973603447e+00
3.984375000131269076e+02,6.342418642347469326e-01,-1.272995831125654620e+00,3.059488932178309639e+00
3.985412597787553182e+02,6.286015515888236926e-01,-1.273103143530159631e+00,3.044757763158517427e+00
3.986450195443837288e+02,6.257569252273188498e-01,-1.271483238791589310e+00,3.028159063211170565e+00
3.987487793100121394e+02,6.231721358152306767e-01,-1.270704938644781956e+00,3.016884408527358730e+00
3.988525390756405500e+02,6.200438045714463664e-01,-1.270389862589502705e+00,3.006704079094475013e+00
3.989562988412689606e+02,6.172435491256763607e-01,-1.269328554645275942e+00,2.993295739185067639e+00
3.990600586068974280e+02,6.144318929388546957e-01,-1.268802078294425373e+00,2.982820655097759843e+00
3.991638183725258386e+02,6.107135362962416991e-01,-1.269293375340311503e+00,2.975584561490384417e+00
3.992675781381542492e+02,6.054551277670906506e-01,-1.267116016867666506e+00,2.949419064464436246e+00
3.993713379037826599e+02,6.020853976061563140e-01,-1.265834627629175646e+00,2.933281038504269134e+00
3.994750976694110705e+02,5.980025431949970161e-01,-1.265905549175256661e+00,2.922835243480536693e+00
3.995788574350394811e+02,5.944181803860736357e-01,-1.263790716683750093e+00,2.901459432364786650e+00
3.996826172006678917e+02,5.928116173060475891e-01,-1.263792746182062610e+00,2.897221898164719533e+00
3.997863769662963023e+02,5.906341812575007788e-01,-1.263134347557973491e+00,2.887760338857150888e+00
3.998901367319247697e+02,5.865319564176635359e-01,-1.261847232172302435e+00,2.869677498860065956e+00
3.999938964975531803e+02,5.819606946429340955e-01,-1.261822141623320848e+00,2.857537923036997274e+00
4.000976562631815909e+02,5.787474307475592994e-01,-1.261766569828273843e+00,2.848824956485480620e+00
4.002014160288100015e+02,5.756323815834742952e-01,-1.259668609738918255e+00,2.828752405020664273e+00
4.003051757944384121e+02,5.724813590920759809e-01,-1.258374807665402217e+00,2.813156949043772670e+00
4.004089355600668227e+02,5.689906585935361472e-01,-1.256785986442400249e+00,2.794984364170280067e+00
4.005126953256952334e+02,5.649025885850943451e-01,-1.255840268620819877e+00,2.778955284942416171e+00
4.006164550913236440e+02,5.617384224063223241e-01,-1.253920814491729985e+00,2.759715018386661001e+00
4.007202148569521114e+02,5.585447429889650595e-01,-1.253258497250979486e+00,2.747647652300792664e+00
4.008239746225805220e+02,5.549678967934914553e-01,-1.252752031338698835e+00,2.735514972402570688e+00
4.009277343882089326e+02,5.522877813632343091e-01,-1.251752653978301932e+00,2.722841523786414974e+00
4.010314941538373432e+02,5.496279597224388302e-01,-1.250043337326848469e+00,2.706087936546321515e+00
4.011352539194657538e+02,5.477095432452678825e-01,-1.249342895977619161e+00,2.697098300630656365e+00
4.012390136850941644e+02,5.443020610264523995e-01,-1.250289550558480123e+00,2.693935420908857292e+00
4.013427734507225750e+02,5.386608875095643123e-01,-1.250020115793192277e+00,2.678064708557040152e+00
4.014465332163509856e+02,5.363114698678910219e-01,-1.248360284616176985e+00,2.662395527187227273e+00
4.015502929819794531e+02,5.344136901405853735e-01,-1.247141609153806341e+00,2.650443961042765917e+00
4.016540527476078637e+02,5.304292021137836377e-01,-1.245042764202919372e+00,2.628037510028887525e+00
4.017578125132362743e+02,5.263855067102782836e-01,-1.243417014592593350e+00,2.608265880488294552e+00
4.018615722788646849e+02,5.229077638116361726e-01,-1.243128889412521421e+00,2.597854147720290552e+00
4.019653320444930955e+02,5.188768959541150139e-01,-1.241848630475318460e+00,2.580194591966833872e+00
4.020690918101215061e+02,5.163624475633351585e-01,-1.240886791810711154e+00,2.568211869663390434e+00
4.021728515757499167e+02,5.136768703071905584e-01,-1.239981349823333634e+00,2.556144196026786108e+00
4.022766113413783842e+02,5.108106692250612424e-01,-1.238360182086344796e+00,2.539346243105466971e+00
4.023803711070067948e+02,5.088690998081859540e-01,-1.237395280187323365e+00,2.528760407403083388e+00
4.024841308726352054e+02,5.042758578437320782e-01,-1.236166412485905530e+00,2.510055487650113992e+00
4.025878906382636160e+02,5.004233440758717455e-01,-1.235491598103402033e+00,2.496539470489349544e+00
4.026916504038920266e+02,4.978154045826685969e-01,-1.235071070379299751e+00,2.487627988191631445e+00
4.027954101695204372e+02,4.949290929827879215e-01,-1.234282724723886115e+00,2.475826309494551403e+00
4.028991699351488478e+02,4.915151497513652323e-01,-1.232230593310153388e+00,2.455075790188422147e+00
4.030029297007772584e+02,4.881569819044644931e-01,-1.230373537491162628e+00,2.435629251244208149e+00
4.031066894664057259e+02,4.841346265980271402e-01,-1.229462868429020306e+00,2.420356035187309907e+00
4.032104492320341365e+02,4.823347966457707803e-01,-1.229759619873139753e+00,2.417843756162309621e+00
4.033142089976625471e+02,4.797527301681078216e-01,-1.229392325339518255e+00,2.409404790910718130e+00
4.034179687632909577e+02,4.762562724005691139e-01,-1.227482686539260293e+00,2.389323095176035583e+00
4.035217285289193683e+02,4.736603581252996076e-01,-1.225701337618225084e+00,2.372163618024241583e+00
4.036254882945477789e+02,4.694741906546498478e-01,-1.224542380123861074e+00,2.355057358458757744e+00
4.037292480601761895e+02,4.672719353199820680e-01,-1.223359838368020869e+00,2.342520590975955663e+00
4.038330078258046001e+02,4.634766715525829306e-01,-1.221352908542338023e+00,2.321097415782132689e+00
4.039367675914330675e+02,4.586604859093836861e-01,-1.220016186246098311e+00,2.301445367908565576e+00
4.040405273570614781e+02,4.575100459917711415e-01,-1.219300104954958552e+00,2.294279446480537388e+00
4.041442871226898887e+02,4.544732882943320895e-01,-1.218163519465156108e+00,2.280070388900151013e+00
4.042480468883182994e+02,4.528895978697066727e-01,-1.217326722686620455e+00,2.271133674509029809e+00
4.043518066539467100e+02,4.483721423242674198e-01,-1.216796449021749993e+00,2.257307503001948046e+00
4.044555664195751206e+02,4.435267556251771270e-01,-1.214505708002010076e+00,2.231687594082389925e+00
4.045593261852035312e+02,4.425866027821244719e-01,-1.213820195691121651e+00,2.225193993692742289e+00
4.046630859508319986e+02,4.405212685435697662e-01,-1.213640632680167641e+00,2.219310597287230458e+00
4.047668457164604092e+02,4.360775020218410347e-01,-1.210280943223847938e+00,2.187831844286845406e+00
4.048706054820888198e+02,4.347559986433044421e-01,-1.209809170523746369e+00,2.181811526971635828e+00
4.049743652477172304e+02,4.314856074242355843e-01,-1.208422200853342288e+00,2.165522511370771230e+00
4.050781250133456410e+02,4.273692447240295955e-01,-1.207882172315789759e+00,2.152736433900121149e+00
4.051818847789740516e+02,4.242241900662279130e-01,-1.206252493429552652e+00,2.135207429511507105e+00
4.052856445446024622e+02,4.210245428353249220e-01,-1.204987277175574523e+00,2.119893300501031419e+00
4.053894043102308729e+02,4.193716727460087279e-01,-1.204612550616617872e+00,2.113779425649329635e+00
4.054931640758593403e+02,4.166820598119273522e-01,-1.203362507004549276e+00,2.099719259436121366e+00
4.055969238414877509e+02,4.120878804007881424e-01,-1.200359553445222716e+00,2.070091254766832201e+00
4.057006836071162184e+02,4.107531146766019714e-01,-1.200367752782568909e+00,2.067181962631660763e+00
4.058044433727446290e+02,4.078969979642156907e-01,-1.198440200740887640e+00,2.048356733465167778e+00
4.059082031383730396e+02,4.025321760978545216e-01,-1.196806439759684482e+00,2.025912405687067430e+00
4.060119629040014502e+02,4.000989078871262095e-01,-1.195767739937505292e+00,2.013806328264220014e+00
4.061157226696298608e+02,3.980338750374285972e-01,-1.194044482023313813e+00,1.998026593656419214e+00
4.062194824352583282e+02,3.942057899740926130e-01,-1.193549006875584517e+00,1.986453874155192922e+00
4.063232422008867388e+02,3.923953753296751668e-01,-1.192332025332154988e+00,1.974541830843234980e+00
4.064270019665151494e+02,3.905902237600605842e-01,-1.190638254751435809e+00,1.959494901177410986e+00
4.065307617321435600e+02,3.878591661708675198e-01,-1.188869863009018868e+00,1.941940624633044177e+00
4.066345214977719706e+02,3.828499570720837464e-01,-1.188557733976532083e+00,1.929139636310829076e+00
4.067382812634003812e+02,3.792343559680059206e-01,-1.188030221124905195e+00,1.917958825610559526e+00
4.068420410290287919e+02,3.776688363384940739e-01,-1.186640019091963483e+00,1.905413095018178460e+00
4.069458007946572025e+02,3.757359689217824039e-01,-1.184832716075115977e+00,1.889301937880815796e+00
4.070495605602856699e+02,3.728533842405538645e-01,-1.183803768573368220e+00,1.876366136700988507e+00
4.071533203259140805e+02,3.703998239468793696e-01,-1.182192157731044357e+00,1.860445260161377679e+00
4.072570800915424911e+02,3.658618994230435906e-01,-1.180331760882371128e+00,1.838498431462425753e+00
4.073608398571709017e+02,3.637426379396029308e-01,-1.178476297634292846e+00,1.821620749226941172e+00
4.074645996227993123e+02,3.608338889567012098e-01,-1.178416683753830130e+00,1.815197395425732108e+00
4.075683593884277229e+02,3.577260954978226382e-01,-1.175374135924003749e+00,1.788251531968229724e+00
4.076721191540561335e+02,3.551629673486099703e-01,-1.173979199638930382e+00,1.773540563617042265e+00
4.077758789196845441e+02,3.530897697266980328e-01,-1.172714658170350921e+00,1.760715865100021205e+00
4.078796386853130116e+02,3.518520104751388655e-01,-1.172104601914705890e+00,1.754042513083323929e+00
4.079833984509414222e+02,3.482652758773019386e-01,-1.170705907509198784e+00,1.737225456797408807e+00
4.080871582165698328e+02,3.443572757734112422e-01,-1.169328422335533135e+00,1.719927663650176353e+00
4.081909179821982434e+02,3.420560689566699009e-01,-1.166425604826578644e+00,1.695424936629234658e+00
4.082946777478266540e+02,3.391250083386001535e-01,-1.166443246614056850e+00,1.689673571056333756e+00
4.083984375134550646e+02,3.372423037873685803e-01,-1.165480187760713049e+00,1.679303619054630436e+00
4.085021972790834752e+02,3.344399216121500262e-01,-1.163428863172165206e+00,1.659611604390663686e+00
4.086059570447118858e+02,3.313981821405319050e-01,-1.163081546058163829e+00,1.651206512253259984e+00
4.087097168103403533e+02,3.286044837439067168e-01,-1.161802090458669223e+00,1.636875201171937189e+00
4.088134765759687639e+02,3.255663505900807664e-01,-1.158779136149092226e+00,1.609972065989506707e+00
4.089172363415971745e+02,3.242164745109850643e-01,-1.158251458032108827e+00,1.603673027098653447e+00
4.090209961072255851e+02,3.217496682766000093e-01,-1.156817223151338503e+00,1.588896398226570916e+00
4.091247558728539957e+02,3.172975639629578293e-01,-1.155264355583367930e+00,1.569467622262641582e+00
4.092285156384824063e+02,3.153647790571085796e-01,-1.153771331563072877e+00,1.555313438798608505e+00
4.093322754041108169e+02,3.125679455157257536e-01,-1.153482602543859814e+00,1.547953642879880354e+00
4.094360351697392844e+02,3.082959268388448804e-01,-1.149901831997138801e+00,1.514680999410585649e+00
4.095397949353676950e+02,3.074803454330298225e-01,-1.148986767814528465e+00,1.506688832340671524e+00
4.096435547009961056e+02,3.060324032703563013e-01,-1.148242626360530760e+00,1.498706693396831380e+00
4.097473144666245162e+02,3.023696507975588976e-01,-1.146822043439928773e+00,1.481793214321448726e+00
4.098510742322529268e+02,2.989749487473440936e-01,-1.144765123937186546e+00,1.460887020053555752e+00
4.099548339978813374e+02,2.971340447366841997e-01,-1.143071034422540322e+00,1.445430836994899604e+00
4.100585937635097480e+02,2.942838883550551454e-01,-1.141849535730861787e+00,1.431470584621705955e+00
4.101623535291381586e+02,2.912979914681165239e-01,-1.140574526084599638e+00,1.416895159701548224e+00
4.102661132947666260e+02,2.883488373207984679e-01,-1.139608740077010740e+00,1.404618873518446387e+00
4.103698730603950366e+02,2.869577955681452686e-01,-1.138667483815430481e+00,1.395354219974833221e+00
4.104736328260234473e+02,2.844986664245106600e-01,-1.136736007101274204e+00,1.377047736771004338e+00
4.105773925916518579e+02,2.818523177381844769e-01,-1.134795606072867669e+00,1.358326203993561521e+00
4.106811523572802685e+02,2.789900058210105227e-01,-1.131457800412817738e+00,1.329100603193521302e+00
4.107849121229086791e+02,2.770137558312865678e-01,-1.131174774048049780e+00,1.323535172248766045e+00
4.108886718885370897e+02,2.737234796468390741e-01,-1.130976028565166214e+00,1.316287102594427161e+00
4.109924316541655003e+02,2.705874894589897495e-01,-1.129524227025149985e+00,1.300256540022829421e+00
4.110961914197939677e+02,2.686538836854711620e-01,-1.126892872258741907e+00,1.277727268087390788e+00
4.111999511854223783e+02,2.667657783571311114e-01,-1.124551966639872669e+00,1.257352963367584842e+00
4.113037109510507889e+02,2.638050621526391581e-01,-1.124153658583961768e+00,1.249326213488116899e+00
4.114074707166791995e+02,2.611360777631316354e-01,-1.123972173216877257e+00,1.243429638139655236e+00
4.115112304823076101e+02,2.594920681966593201e-01,-1.122133143165080948e+00,1.227134501148593904e+00
4.116149902479360208e+02,2.570699114780001238e-01,-1.119610042718899745e+00,1.204461203097621169e+00
4.117187500135644314e+02,2.538244337225112890e-01,-1.119132023928704811e+00,1.195473001538658320e+00
4.118225097791928988e+02,2.518051964485760741e-01,-1.117647240583532042e+00,1.181129483276343928e+00
4.119262695448213094e+02,2.495857260377783715e-01,-1.114997127441069935e+00,1.157807446538937413e+00
4.120300293104497200e+02,2.463078459018697708e-01,-1.112517639929314850e+00,1.133961488191969735e+00
4.121337890760781306e+02,2.440908087302387508e-01,-1.113027324718001365e+00,1.134119013111529517e+00
4.122375488417065412e+02,2.423596608288938192e-01,-1.112527792733069454e+00,1.127578807298541985e+00
4.123413086073349518e+02,2.394584871649969304e-01,-1.110938983549724313e+00,1.111030836167280045e+00
4.124450683729633624e+02,2.366208113506679256e-01,-1.108401224519342865e+00,1.087485396116118164e+00
4.125488281385917730e+02,2.342979659551029104e-01,-1.106779004924519638e+00,1.071608721182807145e+00
4.126525879042202405e+02,2.321890871489308006e-01,-1.106153281742723316e+00,1.063564400214489503e+00
4.127563476698486511e+02,2.302666504271405068e-01,-1.104759278805137024e+00,1.050043355425804181e+00
4.128601074354770617e+02,2.280011760796014086e-01,-1.103588458720344168e+00,1.037667949561372094e+00
4.129638672011054723e+02,2.258867308999843726e-01,-1.100765522329180124e+00,1.013034652119513712e+00
4.130676269667338829e+02,2.232632979743188195e-01,-1.099811485896325269e+00,1.001746564466964529e+00
4.131713867323622935e+02,2.201065664385209175e-01,-1.099347065719646244e+00,9.933903377998916095e-01
4.132751464979907041e+02,2.186263573428399443e-01,-1.098229491388884593e+00,9.826480728690455413e-01
4.133789062636191147e+02,2.172268551507125223e-01,-1.095425903450584215e+00,9.591709495641814742e-01
4.134826660292475822e+02,2.145010002933671889e-01,-1.093780867113065325e+00,9.424999947974301850e-01
4.135864257948759928e+02,2.120550410153474730e-01,-1.091916257854950834e+00,9.245692001858942799e-01
4.136901855605044034e+02,2.097477698169569471e-01,-1.090656680380447163e+00,9.114835063199288046e-01
4.137939453261328140e+02,2.065747359075070233e-01,-1.090532251463033342e+00,9.058734025176374827e-01
4.138977050917612246e+02,2.043610707008356731e-01,-1.089146034669943530e+00,8.919926229089061298e-01
4.140014648573896352e+02,2.021172940162763720e-01,-1.086923097488115664e+00,8.716119021677888323e-01
4.141052246230180458e+02,2.004288484692984262e-01,-1.085451765037816818e+00,8.578178377456309178e-01
4.142089843886464564e+02,1.980629226881170935e-01,-1.084149258710524810e+00,8.443632910382609102e-01
4.143127441542749239e+02,1.947038864345224662e-01,-1.082214389292664114e+00,8.246135472847153647e-01
4.144165039199033345e+02,1.935678487957387395e-01,-1.081304655766884615e+00,8.159509129611385303e-01
4.145202636855317451e+02,1.914774867863873742e-01,-1.080878244845340896e+00,8.097313777700653192e-01
4.146240234511601557e+02,1.890325169426831653e-01,-1.079189378830796686e+00,7.931983909178442760e-01
4.147277832167885663e+02,1.869986057088367237e-01,-1.077167341069166673e+00,7.746164433725899467e-01
4.148315429824169769e+02,1.837149503916740700e-01,-1.075841251624221284e+00,7.597942800408983288e-01
4.149353027480453875e+02,1.816797606467833170e-01,-1.075355385648557149e+00,7.532674413195510343e-01
4.150390625136738549e+02,1.809816314119045699e-01,-1.074977143599004981e+00,7.493713805876092149e-01
4.151428222793022655e+02,1.780069123767384354e-01,-1.073432602623631826e+00,7.333116579864731310e-01
4.152465820449306761e+02,1.761738300407139080e-01,-1.070519767909104525e+00,7.079483487345541448e-01
4.153503418105590868e+02,1.747210893926419983e-01,-1.069409227883428404e+00,6.972859641498995176e-01
4.154541015761874974e+02,1.712186540216503461e-01,-1.068091057308548697e+00,6.823572264138029198e-01
4.155578613418159080e+02,1.690262520701770466e-01,-1.067554919277865277e+00,6.753332855593512374e-01
4.156616211074443186e+02,1.674051972377985642e-01,-1.066041428399511881e+00,6.612786694691986655e-01
4.157653808730727292e+02,1.669395675095699805e-01,-1.064768241901926205e+00,6.505668866077883861e-01
4.158691406387011966e+02,1.635695910687915977e-01,-1.063452750363890420e+00,6.359106773491214337e-01
4.159729004043296072e+02,1.613087497020649352e-01,-1.062923743432318657e+00,6.289298452453557786e-01
4.160766601699580178e+02,1.592902740333836664e-01,-1.060539666196174347e+00,6.074231548725231855e-01
4.161804199355864284e+02,1.565098647294021483e-01,-1.058696096859806701e+00,5.893168427704619239e-01
4.162841797012148390e+02,1.544207949231752863e-01,-1.057733140816289108e+00,5.791139164799919969e-01
4.163879394668432496e+02,1.535083315838906004e-01,-1.056718009139289149e+00,5.698780078626290990e-01
4.164916992324716603e+02,1.516056884187847453e-01,-1.055357917167756288e+00,5.567054767136540017e-01
4.165954589981000709e+02,1.491437003945944029e-01,-1.054234539644041124e+00,5.448064270541581600e-01
4.166992187637285383e+02,1.469798818031136101e-01,-1.052571690135553961e+00,5.289017581387859268e-01
4.168029785293569489e+02,1.442070555867514814e-01,-1.052074734752916463e+00,5.217699027012833168e-01
4.169067382949853595e+02,1.423679182436032031e-01,-1.051684478371571752e+00,5.165750285022191468e-01
4.170104980606137701e+02,1.406295351015593442e-01,-1.048989988227159609e+00,4.927876596124959319e-01
4.171142578262421807e+02,1.389394844992038469e-01,-1.047910054518450762e+00,4.821630916926430976e-01
4.172180175918705913e+02,1.374471268715792838e-01,-1.047341134510272553e+00,4.759225948567373798e-01
4.173217773574990019e+02,1.346300290454417459e-01,-1.046263877511834917e+00,4.641452014924302705e-01
4.174255371231274694e+02,1.326486041620667522e-01,-1.045149319327661086e+00,4.529666673857682402e-01
4.175292968887558800e+02,1.309080202366560142e-01,-1.045428999712046281e+00,4.534594617605571809e-01
4.176330566543842906e+02,1.286386196580515395e-01,-1.042075662244201117e+00,4.236661511392775248e-01
4.177368164200127012e+02,1.274957248673542209e-01,-1.040982655120134659e+00,4.135322104727543469e-01
4.178405761856411118e+02,1.250508197223166307e-01,-1.039865170417957341e+00,4.018971476582546831e-01
4.179443359512695224e+02,1.226506124537231485e-01,-1.039453459802926583e+00,3.961502525011039721e-01
4.180480957168979330e+02,1.210465627966994667e-01,-1.038896666337219443e+00,3.900086839224117807e-01
4.181518554825263436e+02,1.194291361910159305e-01,-1.038183409104090016e+00,3.825767859808513194e-01
4.182556152481548111e+02,1.175430567546085076e-01,-1.036010802949610010e+00,3.628337968876168551e-01
4.183593750137832217e+02,1.151319552199357166e-01,-1.035396961637766733e+00,3.555069748109217498e-01
4.184631347794116323e+02,1.135009347288916254e-01,-1.034396396260711670e+00,3.457165648890433984e-01
4.185668945450400997e+02,1.103626277530549288e-01,-1.032761982070692364e+00,3.293176758711005014e-01
4.186706543106685103e+02,1.088626078266776570e-01,-1.032337502473088753e+00,3.244621191566632312e-01
4.187744140762969209e+02,1.073569335021803961e-01,-1.032129551119797650e+00,3.214187158407844636e-01
4.188781738419253315e+02,1.057585869593241079e-01,-1.031278929490486718e+00,3.129577915261056442e-01
4.189819336075537990e+02,1.047645217636791748e-01,-1.029493268816425999e+00,2.972133906233138667e-01
4.190856933731822096e+02,1.016726446852460469e-01,-1.027919039026811143e+00,2.814605308924624794e-01
4.191894531388106202e+02,1.003524081913656218e-01,-1.027305313584421231e+00,2.752362229294929574e-01
4.192932129044390308e+02,9.887837748395809923e-02,-1.026287755765420640e+00,2.655103271506197848e-01
4.193969726700674414e+02,9.710402274993998328e-02,-1.025922564610092680e+00,2.610255602446574508e-01
4.195007324356958520e+02,9.407001614060911399e-02,-1.024340137713959153e+00,2.453569721182425889e-01
4.196044922013242626e+02,9.234670928042063021e-02,-1.023974039045790319e+00,2.409583760738904235e-01
4.197082519669526732e+02,9.043442369062844322e-02,-1.023207592675613009e+00,2.330686146809094195e-01
4.198120117325811407e+02,8.903963828815451842e-02,-1.022976749194669965e+00,2.300930463853770036e-01
4.199157714982095513e+02,8.667808632748615072e-02,-1.021980480306502903e+00,2.199806746122757728e-01
4.200195312638379619e+02,8.416600763938160423e-02,-1.020284946554999239e+00,2.038833777462668584e-01
4.201232910294663725e+02,8.223233067703092369e-02,-1.018941356095673934e+00,1.911780460307099250e-01
4.202270507950947831e+02,8.104787622909914724e-02,-1.019055710221102196e+00,1.913428473386937223e-01
4.203308105607231937e+02,7.920149508084214918e-02,-1.018278204516451346e+00,1.835233227584916194e-01
4.204345703263516043e+02,7.849784799289484527e-02,-1.016796573442651397e+00,1.704886667930067268e-01
4.205383300919800149e+02,7.686400004464390145e-02,-1.016135537301469771e+00,1.638120134936390526e-01
4.206420898576084824e+02,7.371036040858389149e-02,-1.015852715025441055e+00,1.594203878251473361e-01
4.207458496232368930e+02,7.195291054753000237e-02,-1.014109698798890014e+00,1.435069495291743935e-01
4.208496093888653036e+02,7.035302390333696143e-02,-1.014003188260656607e+00,1.416422654053574592e-01
4.209533691544937142e+02,6.770903821533615086e-02,-1.013747302774477443e+00,1.379250987753865010e-01
4.210571289201221248e+02,6.646585030875389044e-02,-1.013061794695260920e+00,1.313729403270125495e-01
4.211608886857505354e+02,6.552692872103320354e-02,-1.011536725668529701e+00,1.178196823901454526e-01
4.212646484513789460e+02,6.347247774200290293e-02,-1.010406328591013203e+00,1.070255447827135331e-01
4.213684082170074134e+02,6.050997096463300862e-02,-1.010273042140617861e+00,1.043271690553751463e-01
4.214721679826358240e+02,5.977511784904362968e-02,-1.010093911287079038e+00,1.024175317935758500e-01
4.215759277482642347e+02,5.914256276293829856e-02,-1.009577348165648925e+00,9.767052742614656946e-02
4.216796875138926453e+02,5.670176100991106138e-02,-1.009322590887303583e+00,9.428450513176264702e-02
4.217834472795210559e+02,5.439921309230038443e-02,-1.008024125816625816e+00,8.204831846684899899e-02
4.218872070451494665e+02,5.219134511417770211e-02,-1.008419939036336421e+00,8.444611108285854373e-02
4.219909668107778771e+02,5.060396509248542285e-02,-1.008273383296708570e+00,8.249178247865338043e-02
4.220947265764062877e+02,4.853482440395061326e-02,-1.007783086036012410e+00,7.740259982572864073e-02
4.221984863420347551e+02,4.741889867285158794e-02,-1.006495387330939684e+00,6.586479869374120555e-02
4.223022461076631657e+02,4.501852410687669226e-02,-1.006593608426644693e+00,6.576146561348061859e-02
4.224060058732915763e+02,4.256917294907780480e-02,-1.006480521427700170e+00,6.386952589784983259e-02
4.225097656389199869e+02,4.123887547702789064e-02,-1.005623402849856074e+00,5.600473510995186005e-02
4.226135254045483975e+02,4.035519070075831854e-02,-1.005375419842945872e+00,5.355686773702676706e-02
4.227172851701768082e+02,3.852209660275497660e-02,-1.004681649395472220e+00,4.694950793986436832e-02
4.228210449358052188e+02,3.516748516687220882e-02,-1.003512434431337308e+00,3.578550277505710558e-02
4.229248047014336294e+02,3.367588960389814728e-02,-1.003514329610497580e+00,3.535956338915009767e-02
4.230285644670620968e+02,3.316953550396040118e-02,-1.003408416844202788e+00,3.429798258928687393e-02
4.231323242326905074e+02,3.059127039680063775e-02,-1.003304282026808325e+00,3.268895377377861733e-02
4.232360839983189180e+02,2.946555924563817180e-02,-1.002391719795485692e+00,2.450044624144316271e-02
4.233398437639473286e+02,2.863206837882295228e-02,-1.001786338743515081e+00,1.904829113009070748e-02
4.234436035295757392e+02,2.517714340777357090e-02,-1.002078733967957103e+00,2.077758171199984086e-02
4.235473632952041498e+02,2.325605205994456248e-02,-1.001670617675479491e+00,1.683908951758361291e-02
4.236511230608325604e+02,2.231269742598141620e-02,-1.001142131939963154e+00,1.207146813602427357e-02
4.237548828264609710e+02,2.084090568167388732e-02,-1.001152576747134981e+00,1.188697031371580004e-02
4.238586425920894385e+02,1.908172780897172266e-02,-1.001242461755554425e+00,1.236229822673511232e-02
4.239624023577178491e+02,1.725907426489210403e-02,-1.000244787846562344e+00,3.418771956794492296e-03
4.240661621233462597e+02,1.519587229566201833e-02,-1.000294969027920366e+00,3.563832725609482072e-03
4.241699218889746703e+02,1.298809134809657088e-02,-1.000248529087866878e+00,2.890615890309796397e-03
4.242736816546030809e+02,1.201123847982800419e-02,-1.000618166619307692e+00,5.993405149323141785e-03
4.243774414202314915e+02,1.026875894165736429e-02,-9.999673791810417267e-01,1.746125615615232900e-04
4.244812011858599021e+02,8.378757263209376735e-03,-9.996538817719751169e-01,-2.701774431700423341e-03
4.245849609514883696e+02,6.717716430629451681e-03,-1.000143453766749513e+00,1.441860755547672707e-03
4.246887207171167802e+02,6.381319591771335807e-03,-1.000280646033462340e+00,2.614065755822169226e-03
4.247924804827451908e+02,4.631725903500574434e-03,-9.999695702989064294e-01,-1.711396808569221680e-04
4.248962402483736014e+02,1.768399396443734971e-03,-9.997132171211164930e-01,-2.477732500190841288e-03
4.250000000140020120e+02,-8.627412322736821527e-04,-9.999918822864873880e-01,-6.727724733635599946e-05
4.251037597796304226e+02,-2.294691848772233665e-03,-9.997147472307098548e-01,-2.455146273517804390e-03
4.252075195452588332e+02,-3.566794567542198868e-03,-9.997663233898370638e-01,-1.974649904254080230e-03
4.253112793108872438e+02,-4.647438035215817505e-03,-9.995125234965253069e-01,-4.141307093291736637e-03
4.254150390765157113e+02,-5.833411272533034486e-03,-9.997455678746672847e-01,-2.062393127984234794e-03
4.255187988421441219e+02,-7.329492438098828867e-03,-1.000153998683087408e+00,1.570743809691544160e-03
4.256225586077725325e+02,-9.386959703349000844e-03,-1.000190674836999971e+00,2.038538613249274607e-03
4.257263183734009431e+02,-1.154623510845996688e-02,-1.000255221416024298e+00,2.795190291609521600e-03
4.258300781390293537e+02,-1.429850599327112982e-02,-1.000636766519397147e+00,6.415806530400890335e-03
4.259338379046577643e+02,-1.679306233266242634e-02,-1.000991647758993075e+00,9.831218313171560808e-03
4.260375976702861749e+02,-1.876830862972949515e-02,-1.000164884805547993e+00,2.961079358942342137e-03
4.261413574359145855e+02,-1.923565785333694600e-02,-1.000834829977239382e+00,8.852175375805911017e-03
4.262451172015430529e+02,-2.061703810007906382e-02,-1.001069943347278501e+00,1.113012910678449000e-02
4.263488769671714635e+02,-2.189601942046991503e-02,-1.001219772392174301e+00,1.266494785238506116e-02
4.264526367327998742e+02,-2.322174153936156990e-02,-1.001386179121223075e+00,1.436668457899562337e-02
4.265563964984282848e+02,-2.608938601129668841e-02,-1.001020178970962293e+00,1.180567309365278955e-02
4.266601562640566954e+02,-2.789025665907524792e-02,-1.001217127791331318e+00,1.393412483019403417e-02
4.267639160296851060e+02,-2.935551872195648129e-02,-1.001757351960644638e+00,1.897856643432882170e-02
4.268676757953135166e+02,-2.999057118988220083e-02,-1.002244637786029680e+00,2.336180400980679417e-02
4.269714355609419272e+02,-3.191188421053443164e-02,-1.003291086390376341e+00,3.293060509137375746e-02
4.270751953265703946e+02,-3.361052867604217426e-02,-1.003189603637200333e+00,3.253265803849682281e-02
4.271789550921988052e+02,-3.529301557923026494e-02,-1.004311948313646230e+00,4.273248911697152125e-02
4.272827148578272158e+02,-3.780865681321455424e-02,-1.003729992173097108e+00,3.849582042088287026e-02
4.273864746234556264e+02,-4.181031797631213492e-02,-1.004115208469416043e+00,4.319419267687771291e-02
4.274902343890840370e+02,-4.291970413450002519e-02,-1.005482500683779978e+00,5.539626882334951208e-02
4.275939941547124477e+02,-4.284839685706317430e-02,-1.005291124716022999e+00,5.371967790673790044e-02
4.276977539203408583e+02,-4.474312695626721237e-02,-1.006243707493391204e+00,6.264185879908654164e-02
4.278015136859693257e+02,-4.717842928042759176e-02,-1.006508079788695165e+00,6.587678530116167219e-02
4.279052734515977363e+02,-4.978023883725562343e-02,-1.006065580681269944e+00,6.314558225589145257e-02
4.280090332172261469e+02,-5.182864049144166735e-02,-1.007919131115847744e+00,7.998207030693457731e-02
4.281127929828545575e+02,-5.202556980679053783e-02,-1.008769089033328736e+00,8.737138095915418512e-02
4.282165527484829681e+02,-5.285359547342546871e-02,-1.008976029517909101e+00,8.951778414624003699e-02
4.283203125141113787e+02,-5.718681975117555216e-02,-1.009350250884406996e+00,9.475652986412438916e-02
4.284240722797397893e+02,-5.974150483776240195e-02,-1.009363605139798503e+00,9.614016586293783195e-02
4.285278320453681999e+02,-5.955051108453680159e-02,-1.008603072011585056e+00,8.951901597178196779e-02
4.286315918109966674e+02,-6.130744576257868977e-02,-1.010068980707136799e+00,1.029908664729283219e-01
4.287353515766250780e+02,-6.233568545073411155e-02,-1.011937409834299029e+00,1.195215854842721775e-01
4.288391113422534886e+02,-6.374887903345041740e-02,-1.013290846201535533e+00,1.318378771300367236e-01
4.289428711078818992e+02,-6.524842884955850408e-02,-1.011967270096161498e+00,1.213466534296095134e-01
4.290466308735103098e+02,-6.772731366616553672e-02,-1.013578730772890069e+00,1.364974697923733715e-01
4.291503906391387204e+02,-6.957670125491052793e-02,-1.014820845105264491e+00,1.481539978155649862e-01
4.292541504047671310e+02,-7.128529317284235112e-02,-1.015445865999863306e+00,1.544857539304918259e-01
4.293579101703955416e+02,-7.370929479991951416e-02,-1.016058737329314399e+00,1.611718901067152043e-01
4.294616699360240091e+02,-7.468169448884730277e-02,-1.015792133492008809e+00,1.595085448743995826e-01
4.295654297016524197e+02,-7.631258586201217220e-02,-1.016229252648479076e+00,1.642553024704934139e-01
4.296691894672808303e+02,-7.791642738438715743e-02,-1.018199322108235938e+00,1.820136783190708096e-01
4.297729492329092409e+02,-8.009461342498937209e-02,-1.019918261273533799e+00,1.980081669336760664e-01
4.298767089985376515e+02,-8.320691775826304093e-02,-1.020263860839468295e+00,2.030398220529040787e-01
4.299804687641660621e+02,-8.430215241871298615e-02,-1.020990783159010373e+00,2.099445659067415704e-01
4.300842285297944727e+02,-8.758582937823197745e-02,-1.021356239073502925e+00,2.153653153202005066e-01
4.301879882954229402e+02,-8.863879952488118441e-02,-1.021950557424242678e+00,2.211471572794977691e-01
4.302917480610513508e+02,-8.993228107669801186e-02,-1.023002605063883852e+00,2.309688648551992685e-01
4.303955078266797614e+02,-9.209667627859044470e-02,-1.023041981104906517e+00,2.329226177775423345e-01
4.304992675923081720e+02,-9.402262695324350994e-02,-1.023840518342130190e+00,2.411182533048418508e-01
4.306030273579365826e+02,-9.581535384292935720e-02,-1.024846386470825266e+00,2.509714804927994924e-01
4.307067871235649932e+02,-9.801011240629280141e-02,-1.026097761774466433e+00,2.632182598424207542e-01
4.308105468891934038e+02,-1.000379100202298116e-01,-1.027650841338779042e+00,2.778728450838374164e-01
4.309143066548218144e+02,-1.015263708880745491e-01,-1.028185018389425442e+00,2.835650687401735648e-01
4.310180664204502818e+02,-1.028483711476334272e-01,-1.029057877836765611e+00,2.919618015535955791e-01
4.311218261860786924e+02,-1.049593870936798568e-01,-1.030041633625220943e+00,3.019569281266253347e-01
4.312255859517071030e+02,-1.074409286333028457e-01,-1.030836179711745126e+00,3.107171815767669765e-01
4.313293457173355137e+02,-1.090599734413767591e-01,-1.032573791258541318e+00,3.266013860320901574e-01
4.314331054829639243e+02,-1.120280192590165924e-01,-1.033712762152040332e+00,3.387082920133808184e-01
4.315368652485923917e+02,-1.133073530983587096e-01,-1.033983073090759097e+00,3.421102528076576110e-01
4.316406250142208023e+02,-1.148725379285288617e-01,-1.033974175211657576e+00,3.434697427089646871e-01
4.317443847798492698e+02,-1.159698121222889483e-01,-1.035478650551313828e+00,3.569585036469851147e-01
4.318481445454776804e+02,-1.172356035560926657e-01,-1.037394729486941225e+00,3.739940808041816167e-01
4.319519043111060910e+02,-1.207228844196821665e-01,-1.038451742878649942e+00,3.860269330890872541e-01
4.320556640767345016e+02,-1.229776712622147328e-01,-1.039877945141693738e+00,3.999661439417726561e-01
4.321594238423629122e+02,-1.252653384646933710e-01,-1.040594713862983189e+00,4.081143283893362561e-01
4.322631836079913228e+02,-1.262644007974065286e-01,-1.040959233390650107e+00,4.121056881647521264e-01
4.323669433736197334e+02,-1.277570940073674555e-01,-1.043473373353020373e+00,4.342459027561683671e-01
4.324707031392481440e+02,-1.299363267243860975e-01,-1.045077041660785744e+00,4.495875116738300425e-01
4.325744629048766114e+02,-1.331941086901134441e-01,-1.044896957736174858e+00,4.514700413609757934e-01
4.326782226705050221e+02,-1.351375223259904113e-01,-1.045337548659813764e+00,4.571122119379976700e-01
4.327819824361334327e+02,-1.373079390078623119e-01,-1.047049179199879942e+00,4.733930714373915105e-01
4.328857422017618433e+02,-1.383550515677060000e-01,-1.047889641094198465e+00,4.813668812040768907e-01
4.329895019673902539e+02,-1.407908379623668549e-01,-1.049549094158892970e+00,4.975100953474900223e-01
4.330932617330186645e+02,-1.426076755556904829e-01,-1.050313213120474432e+00,5.057106464805285473e-01
4.331970214986470751e+02,-1.447399115184808682e-01,-1.052559511270065640e+00,5.262899167587881122e-01
4.333007812642754857e+02,-1.460590515388802690e-01,-1.053872024010390485e+00,5.383855788986333657e-01
4.334045410299039531e+02,-1.478234111308447674e-01,-1.054767549522278358e+00,5.476098988953512769e-01
4.335083007955323637e+02,-1.510439110048533984e-01,-1.055091653706748289e+00,5.539081745749105945e-01
4.336120605611607743e+02,-1.527255484919714523e-01,-1.056393057998282314e+00,5.663481381778099344e-01
4.337158203267891849e+02,-1.540755516980794326e-01,-1.058309901761058658e+00,5.833457146681060301e-01
4.338195800924175956e+02,-1.571396241959439333e-01,-1.058121974703567059e+00,5.854558128255544780e-01
4.339233398580460062e+02,-1.594483474008411561e-01,-1.060164442697292708e+00,6.046077211720144451e-01
4.340270996236744168e+02,-1.612874459928378967e-01,-1.061022921163553789e+00,6.137076955166543835e-01
4.341308593893028842e+02,-1.634068561075278925e-01,-1.061837171795245505e+00,6.228106245811984021e-01
4.342346191549312948e+02,-1.659441809463931550e-01,-1.064105925650380424e+00,6.440515640878087256e-01
4.343383789205597054e+02,-1.678374446665803765e-01,-1.064642668822068927e+00,6.506909815633034055e-01
4.344421386861881160e+02,-1.696379233598065417e-01,-1.066307221346417755e+00,6.661962357759414477e-01
4.345458984518165266e+02,-1.720723670150968443e-01,-1.066369424411668154e+00,6.697879551165653034e-01
4.346496582174449372e+02,-1.746423702337404071e-01,-1.068091121011237599e+00,6.867503983489270381e-01
4.347534179830733478e+02,-1.776982040726619028e-01,-1.071389550314510331e+00,7.168035225813178535e-01
4.348571777487017584e+02,-1.779519909699388835e-01,-1.072790848577732659e+00,7.281845322384673524e-01
4.349609375143302259e+02,-1.808868432053748754e-01,-1.074196387508126183e+00,7.431090594176231745e-01
4.350646972799586365e+02,-1.820528326168826816e-01,-1.075113666482170993e+00,7.518646772955712709e-01
4.351684570455870471e+02,-1.836167813240462410e-01,-1.076443830107048694e+00,7.643888199246100523e-01
4.352722168112154577e+02,-1.864123460376924668e-01,-1.077358204862678415e+00,7.753151238661771805e-01
4.353759765768438683e+02,-1.890338573283654455e-01,-1.078915730479589774e+00,7.910630666324589555e-01
4.354797363424722789e+02,-1.921301002043933892e-01,-1.079723620657457861e+00,8.016347576682415488e-01
4.355834961081006895e+02,-1.940383279901381763e-01,-1.080944964786178408e+00,8.138075713944212808e-01
4.356872558737291001e+02,-1.964667032948304581e-01,-1.082729631296122541e+00,8.310921886443939366e-01
4.357910156393575676e+02,-1.999472226130750430e-01,-1.084694211831507049e+00,8.512654488846392864e-01
4.358947754049859782e+02,-2.000516860321076840e-01,-1.086529635635879121e+00,8.656173999279817011e-01
4.359985351706143888e+02,-2.021866839341167899e-01,-1.087633149744063887e+00,8.771943544204990895e-01
4.361022949362427994e+02,-2.063225263599868797e-01,-1.088635363586570648e+00,8.909081953607006499e-01
4.362060547018712100e+02,-2.077319964581931799e-01,-1.089490299744888313e+00,8.995513913766837177e-01
4.363098144674996206e+02,-2.083286366770311093e-01,-1.091386605014933231e+00,9.150007996026682244e-01
4.364135742331280312e+02,-2.108757104483938716e-01,-1.093194128132905618e+00,9.326123521513531855e-01
4.365173339987564418e+02,-2.141435489913295631e-01,-1.094796119484833907e+00,9.497256720452179612e-01
4.366210937643849093e+02,-2.158270902746028119e-01,-1.095311112018323652e+00,9.561833150887795174e-01
4.367248535300133199e+02,-2.182124019935974824e-01,-1.096539470547772011e+00,9.691538532021516383e-01
4.368286132956417305e+02,-2.205883514313861649e-01,-1.099767011656658244e+00,9.973128307798583281e-01
4.369323730612701411e+02,-2.234633548328284203e-01,-1.100860184507292949e+00,1.010005101403369077e+00
4.370361328268985517e+02,-2.261127530925494400e-01,-1.102623639798102406e+00,1.027443477480413980e+00
4.371398925925269623e+02,-2.288592572794566349e-01,-1.103560938875048913e+00,1.038800767048248641e+00
4.372436523581553729e+02,-2.304902699016218304e-01,-1.104919225580753395e+00,1.051599714501388227e+00
4.373474121237838403e+02,-2.317617944105338224e-01,-1.107543347416633628e+00,1.073340636967307526e+00
4.374511718894122509e+02,-2.352235602865365149e-01,-1.108717570884211190e+00,1.087627705180060245e+00
4.375549316550406616e+02,-2.376748001761351259e-01,-1.109116899724494232e+00,1.094535411547451265e+00
4.376586914206690722e+02,-2.395177883141874076e-01,-1.110405645303511601e+00,1.107140784833055447e+00
4.377624511862974828e+02,-2.422142412827829328e-01,-1.111870984548878560e+00,1.122445567941964928e+00
4.378662109519258934e+02,-2.443051391236081005e-01,-1.113830235288597148e+00,1.140444957459038955e+00
4.379699707175543040e+02,-2.459707495266980348e-01,-1.115571106191488582e+00,1.156106789332283613e+00
4.380737304831827146e+02,-2.488056681034922502e-01,-1.115529203388194723e+00,1.160461397761329838e+00
4.381774902488111820e+02,-2.516935087071042743e-01,-1.117424905808768631e+00,1.179298768666708019e+00
4.382812500144395926e+02,-2.544651898673832013e-01,-1.119146650824476730e+00,1.196654901653844361e+00
4.383850097800680032e+02,-2.563975085408713439e-01,-1.120870154311198741e+00,1.212608840791707943e+00
4.384887695456964138e+02,-2.595709804888286509e-01,-1.121759379580642424e+00,1.224522011344427064e+00
4.385925293113248244e+02,-2.620617999481121285e-01,-1.123480025103717583e+00,1.241401236276848064e+00
4.386962890769532351e+02,-2.636675589863064495e-01,-1.123569085607833307e+00,1.244807722323290289e+00
4.388000488425816457e+02,-2.652342020801834455e-01,-1.127075189634552332e+00,1.273146561267080479e+00
4.389038086082100563e+02,-2.681396463553031295e-01,-1.128167545456429721e+00,1.286127703847904424e+00
4.390075683738385237e+02,-2.713520726197495847e-01,-1.129253023600698347e+00,1.299618334552437915e+00
4.391113281394669343e+02,-2.738328178821808345e-01,-1.130160144480103934e+00,1.310558224619442491e+00
4.392150879050953449e+02,-2.761712361244616498e-01,-1.133017411963171295e+00,1.335385914227028570e+00
4.393188476707237555e+02,-2.789492106985118625e-01,-1.134190082610703865e+00,1.348779833209900580e+00
4.394226074363521661e+02,-2.818106118871871457e-01,-1.134742683132417884e+00,1.357869972313471507e+00
4.395263672019805767e+02,-2.839397429301645515e-01,-1.135513424772365276e+00,1.367245345779926069e+00
4.396301269676089873e+02,-2.873874054460148209e-01,-1.138438306085644003e+00,1.394487636237171424e+00
4.397338867332374548e+02,-2.885107106811052313e-01,-1.139140851574842461e+00,1.401560370139948386e+00
4.398376464988658654e+02,-2.919175335434878171e-01,-1.142157246084041899e+00,1.429332518323247259e+00
4.399414062644942760e+02,-2.949552746732610475e-01,-1.142574910614789774e+00,1.437877312416893538e+00
4.400451660301226866e+02,-2.961945856855462411e-01,-1.143700872710930128e+00,1.448178792573929119e+00
4.401489257957510972e+02,-3.013211760821246643e-01,-1.145744907105940902e+00,1.472204137682090463e+00
4.402526855613795078e+02,-3.027810972365460040e-01,-1.147166095083372639e+00,1.484997575613829168e+00
4.403564453270079184e+02,-3.043997544711070091e-01,-1.148213797949988235e+00,1.495436761612338294e+00
4.404602050926363290e+02,-3.056169193096133774e-01,-1.150003913739208183e+00,1.510358646360478563e+00
4.405639648582647965e+02,-3.097181835244349757e-01,-1.152130660185143984e+00,1.533057287327602713e+00
4.406677246238932071e+02,-3.123438355425722790e-01,-1.152296701572499860e+00,1.539204109995284897e+00
4.407714843895216177e+02,-3.150034700736856208e-01,-1.154007535301174503e+00,1.556276693101767972e+00
4.408752441551500283e+02,-3.169670530512323503e-01,-1.155250180918614866e+00,1.568734164942413356e+00
4.409790039207784389e+02,-3.205409784091505787e-01,-1.155875120962311264e+00,1.579985619596599999e+00
4.410827636864068495e+02,-3.235313373291370809e-01,-1.157756300586850751e+00,1.598895395699492905e+00
4.411865234520352601e+02,-3.261591482294176614e-01,-1.159121408904440598e+00,1.613506991651374900e+00
4.412902832176636707e+02,-3.279461481677729551e-01,-1.159793890751733780e+00,1.621671307063997425e+00
4.413940429832921382e+02,-3.320553375498250803e-01,-1.163467772307568815e+00,1.655167521071841064e+00
4.414978027489205488e+02,-3.348674046182775199e-01,-1.163684143416971795e+00,1.662219354503287949e+00
4.416015625145489594e+02,-3.363072161782315606e-01,-1.164623238725699172e+00,1.671547635084581485e+00
4.417053222801773700e+02,-3.384269142086663296e-01,-1.166310414551154917e+00,1.687368862516041013e+00
4.418090820458057806e+02,-3.418278531055850000e-01,-1.168940968808053205e+00,1.712199991313605230e+00
4.419128418114341912e+02,-3.442089735784057414e-01,-1.170324524337987837e+00,1.726435888896828974e+00
4.420166015770626018e+02,-3.463180016417209406e-01,-1.171990272477235084e+00,1.742044583944984071e+00
4.421203613426910124e+02,-3.496330087838825373e-01,-1.173392334223861688e+00,1.758285214345189473e+00
4.422241211083194798e+02,-3.524092387753903211e-01,-1.174899947346052853e+00,1.774159074139811443e+00
4.423278808739478904e+02,-3.560151977677920021e-01,-1.175517140480448752e+00,1.785704670494693280e+00
4.424316406395763011e+02,-3.575693281775196297e-01,-1.176755517889799041e+00,1.797267873043723929e+00
4.425354004052047117e+02,-3.594516823569693931e-01,-1.178513532014768384e+00,1.813002821682596188e+00
4.426391601708331223e+02,-3.631223240046263512e-01,-1.179344025552911734e+00,1.826172434409470080e+00
4.427429199364615329e+02,-3.669165997881536634e-01,-1.179609339306807003e+00,1.835846954274532372e+00
4.428466797020899435e+02,-3.705193474864718617e-01,-1.181516805638705314e+00,1.856176608165542641e+00
4.429504394677184109e+02,-3.729433569861876907e-01,-1.182333775828787736e+00,1.866738406525142446e+00
4.430541992333468215e+02,-3.759968233520686876e-01,-1.184398337138016011e+00,1.886959635600706342e+00
4.431579589989752321e+02,-3.776014624731635072e-01,-1.184766531942519796e+00,1.892810045431570831e+00
4.432617187646036427e+02,-3.817068315521471300e-01,-1.185690363496235022e+00,1.907690627167844211e+00
4.433654785302320533e+02,-3.831822975902097195e-01,-1.186972180795370591e+00,1.919346818858515880e+00
4.434692382958604639e+02,-3.862166304188799915e-01,-1.188635010934603553e+00,1.936856101371395855e+00
4.435729980614888746e+02,-3.894994015146108213e-01,-1.190647549045418696e+00,1.957201908101489307e+00
4.436767578271172852e+02,-3.915954943908384056e-01,-1.191864879951445300e+00,1.969740789093676891e+00
4.437805175927457526e+02,-3.947044987929864135e-01,-1.193568117183647415e+00,1.987660569330498284e+00
4.438842773583741632e+02,-3.973354933810602785e-01,-1.194955685850073390e+00,2.002469306581022401e+00
4.439880371240025738e+02,-4.000538872899024878e-01,-1.195732777274973069e+00,2.013479526783135576e+00
4.440917968896309844e+02,-4.030710985435929650e-01,-1.197884629979602655e+00,2.034120208954687037e+00
4.441955566552593950e+02,-4.063678287426619740e-01,-1.198393326098224909e+00,2.044676526100837499e+00
4.442993164208878056e+02,-4.095505423152912550e-01,-1.199861213548820471e+00,2.061235799216790454e+00
4.444030761865162731e+02,-4.117878426189072183e-01,-1.201225127052308883e+00,2.075026948653762027e+00
4.445068359521447405e+02,-4.153693218880106786e-01,-1.202940893132197875e+00,2.094073567379491241e+00
4.446105957177731511e+02,-4.184597455765586282e-01,-1.204806927286613982e+00,2.112990008758061755e+00
4.447143554834015617e+02,-4.213809744073419572e-01,-1.204451418256010875e+00,2.117251262478270668e+00
4.448181152490299723e+02,-4.232668448071308376e-01,-1.205283475830972728e+00,2.126837165999236223e+00
4.449218750146583830e+02,-4.269797586031381931e-01,-1.207996481652116705e+00,2.152586696093332197e+00
4.450256347802867936e+02,-4.300069445531672363e-01,-1.210097152987540614e+00,2.172841470246885898e+00
4.451293945459152042e+02,-4.343149383728389656e-01,-1.211473423531397975e+00,2.191382995667180644e+00
4.452331543115436148e+02,-4.366648772834039183e-01,-1.212176339890487897e+00,2.201205657281515737e+00
4.453369140771720822e+02,-4.388425148638350759e-01,-1.213616089480426430e+00,2.215307554180365734e+00
4.454406738428004928e+02,-4.417885516822096514e-01,-1.215054592241694875e+00,2.231154191808694343e+00
4.455444336084289034e+02,-4.436808462460524183e-01,-1.214818925702069841e+00,2.234018852737530203e+00
4.456481933740573140e+02,-4.472057859740389829e-01,-1.216265600771914368e+00,2.251270017851806138e+00
4.457519531396857246e+02,-4.509224721189010743e-01,-1.217274774036028573e+00,2.266228310636787313e+00
4.458557129053141352e+02,-4.535313930800436988e-01,-1.217746119582456155e+00,2.275258426532737577e+00
4.459594726709425458e+02,-4.563759512168710231e-01,-1.219775032525662217e+00,2.294591712721157251e+00
4.460632324365709565e+02,-4.605445643257332633e-01,-1.220302236056949763e+00,2.307652900613315516e+00
4.461669922021994239e+02,-4.619540299146832618e-01,-1.221022017690738037e+00,2.315450994799256534e+00
4.462707519678278345e+02,-4.651150342072903343e-01,-1.223560728600440628e+00,2.338670893653597815e+00
4.463745117334562451e+02,-4.689917661018223050e-01,-1.226198725718227411e+00,2.364154685482606322e+00
4.464782714990846557e+02,-4.713316291119830637e-01,-1.226608965119961203e+00,2.372226884276814385e+00
4.465820312647130663e+02,-4.752536555126889994e-01,-1.226497199386644699e+00,2.380866229674906798e+00
4.466857910303414769e+02,-4.796654816753638806e-01,-1.227785682989608329e+00,2.399339758830095093e+00
4.467895507959698875e+02,-4.811207464798100686e-01,-1.230692038155029921e+00,2.420641541434422006e+00
4.468933105615983550e+02,-4.858715874471528084e-01,-1.231245001763752178e+00,2.435428902216221658e+00
4.469970703272267656e+02,-4.890432357132640240e-01,-1.231406962858093923e+00,2.444073635256224453e+00
4.471008300928551762e+02,-4.907790432748725395e-01,-1.230545517356401275e+00,2.443034349351793644e+00
4.472045898584835868e+02,-4.944678311245636060e-01,-1.232488891348533011e+00,2.463821878975042345e+00
4.473083496241119974e+02,-4.961637392596649487e-01,-1.234260203784487198e+00,2.478693929802635143e+00
4.474121093897404080e+02,-5.009281553681010912e-01,-1.234462118698522515e+00,2.491557184292357618e+00
4.475158691553688186e+02,-5.039921272345768699e-01,-1.235096452411454049e+00,2.502909906299578324e+00
4.476196289209972292e+02,-5.069004323078781793e-01,-1.238028282701395311e+00,2.527710354881194110e+00
4.477233886866256967e+02,-5.106417005985632862e-01,-1.238452749453569979e+00,2.539483414107839732e+00
4.478271484522541073e+02,-5.150209910539719216e-01,-1.239611499208788548e+00,2.557266578611623764e+00
4.479309082178825179e+02,-5.170211709273407896e-01,-1.241501270983169647e+00,2.573512423328661036e+00
4.480346679835109285e+02,-5.210717869534200464e-01,-1.243136299638247566e+00,2.593319013548027296e+00
4.481384277491393391e+02,-5.243318310059804643e-01,-1.242916408366348868e+00,2.600153239148825790e+00
4.482421875147677497e+02,-5.264789651646154534e-01,-1.242591550626372721e+00,2.603609473478433856e+00
4.483459472803961603e+02,-5.293602176380288737e-01,-1.244482369509062103e+00,2.622038768789964003e+00
4.484497070460245709e+02,-5.326386927459358933e-01,-1.247099386874288784e+00,2.645724853864804160e+00
4.485534668116530383e+02,-5.365715072011824072e-01,-1.247402112905309890e+00,2.657423136355383519e+00
4.486572265772814490e+02,-5.391568554165543370e-01,-1.247899029185943975e+00,2.666883601368985612e+00
4.487609863429098596e+02,-5.421248799683171526e-01,-1.248344748037818919e+00,2.677028849320624460e+00
4.488647461085382702e+02,-5.462640680864792042e-01,-1.249140378936397289e+00,2.692224110771356038e+00
4.489685058741666808e+02,-5.489023814758521302e-01,-1.249691965000421456e+00,2.702184104211051707e+00
4.490722656397950914e+02,-5.529296871936076885e-01,-1.252701010635853818e+00,2.729992015808471617e+00
4.491760254054235020e+02,-5.572976394744456607e-01,-1.253451712223814685e+00,2.745554287248400449e+00
4.492797851710519126e+02,-5.603929865833170432e-01,-1.253486495097239528e+00,2.753732555952089989e+00
4.493835449366803800e+02,-5.645517671207267441e-01,-1.256076835550488546e+00,2.779408736200722707e+00
4.494873047023087906e+02,-5.658954890137545268e-01,-1.257471169190749416e+00,2.790898080485848531e+00
4.495910644679372012e+02,-5.692294135724780269e-01,-1.257852684330980075e+00,2.801719967735174066e+00
4.496948242335656118e+02,-5.720282080262925062e-01,-1.257626656832844247e+00,2.807697725565490021e+00
4.497985839991940225e+02,-5.748374174485310073e-01,-1.259640835482718657e+00,2.826522634484317287e+00
4.499023437648224331e+02,-5.788902147280285959e-01,-1.259633783743213886e+00,2.837061890589441582e+00
4.500061035304508437e+02,-5.814913296197831150e-01,-1.260081904793115326e+00,2.846424314170979741e+00
4.501098632960793111e+02,-5.869076541915700940e-01,-1.263999585449040453e+00,2.882840094593197566e+00
4.502136230617077217e+02,-5.900542095156711131e-01,-1.263322555856731366e+00,2.887292894633755935e+00
4.503173828273361323e+02,-5.930988928065881183e-01,-1.264124596703411818e+00,2.899850082335060808e+00
4.504211425929645429e+02,-5.949759951867881203e-01,-1.264900070575336599e+00,2.909175855864436944e+00
4.505249023585929535e+02,-6.011866143340148794e-01,-1.266913396298799288e+00,2.936928242013692625e+00
4.506286621242213641e+02,-6.030438493524624688e-01,-1.267477596524243966e+00,2.945017931879320816e+00
4.507324218898497747e+02,-6.070157809137404215e-01,-1.268067618608899494e+00,2.958888300574113117e+00
4.508361816554781853e+02,-6.097224465609334398e-01,-1.267679828836661082e+00,2.963961098049526122e+00
4.509399414211066528e+02,-6.125680445861151346e-01,-1.268523025122467063e+00,2.976270898944383347e+00
4.510437011867350634e+02,-6.146263994108370765e-01,-1.270399411795699818e+00,2.992196225594554004e+00
4.511474609523634740e+02,-6.189536584622924442e-01,-1.270949939637328718e+00,3.006861981386331983e+00
4.512512207179918846e+02,-6.232677682791372131e-01,-1.271410987653043057e+00,3.021032455536763361e+00
4.513549804836202952e+02,-6.269948927357610335e-01,-1.272599859624064855e+00,3.037645889105793362e+00
4.514587402492487058e+02,-6.297786781273286838e-01,-1.272515114510084366e+00,3.044724102671144905e+00
4.515625000148771164e+02,-6.336397300580555170e-01,-1.273831676858585560e+00,3.062419308279944907e+00
4.516662597805055270e+02,-6.385313757047277328e-01,-1.275335994769288384e+00,3.083945503568029878e+00
4.517700195461339945e+02,-6.414441481917261267e-01,-1.276422655917457849e+00,3.097803119401866923e+00
4.518737793117624051e+02,-6.456430089059927990e-01,-1.276988772050966281e+00,3.112356227339652559e+00
4.519775390773908157e+02,-6.486434089566613936e-01,-1.277067580090644583e+00,3.121011315140802989e+00
4.520812988430192263e+02,-6.518047231640688999e-01,-1.276664848890790793e+00,3.127531837343926036e+00
4.521850586086476369e+02,-6.560097154686916898e-01,-1.278232688499464142e+00,3.147575705962395887e+00
4.522888183742760475e+02,-6.594974161923179423e-01,-1.280089704659638450e+00,3.167179666294661633e+00
4.523925781399044581e+02,-6.618190977515137075e-01,-1.281125874289688937e+00,3.179146521676938786e+00
4.524963379055329256e+02,-6.642473096689656131e-01,-1.281609405292507553e+00,3.188450201186088240e+00
4.526000976711613362e+02,-6.686363940716149035e-01,-1.281394936269749429e+00,3.199483378264551980e+00
4.527038574367897468e+02,-6.725908020753802452e-01,-1.282526300106584971e+00,3.216506374149429526e+00
4.528076172024181574e+02,-6.755758505077726905e-01,-1.282683412276315105e+00,3.225664810557420825e+00
4.529113769680465680e+02,-6.794495145131546066e-01,-1.283941843903979363e+00,3.243150367205052564e+00
4.530151367336749786e+02,-6.842008882990352481e-01,-1.284320420101977112e+00,3.258459375446213002e+00
4.531188964993033892e+02,-6.879568015139807535e-01,-1.284091812450768533e+00,3.267814690326726446e+00
4.532226562649317998e+02,-6.923387064205803743e-01,-1.285734661027819969e+00,3.288781447616913045e+00
4.533264160305602672e+02,-6.950739090594645342e-01,-1.287441287277462987e+00,3.305421771192050606e+00
4.534301757961886779e+02,-6.969889773127815324e-01,-1.288419065777890671e+00,3.315927471039796348e+00
4.535339355618170885e+02,-7.017681651988801894e-01,-1.287493674278406441e+00,3.324623997882713677e+00
4.536376953274454991e+02,-7.068403201441545436e-01,-1.289888549294224696e+00,3.351439935165077877e+00
4.537414550930739097e+02,-7.104415362923902633e-01,-1.291147127351845336e+00,3.368174453364501275e+00
4.538452148587023203e+02,-7.138223602420368241e-01,-1.290408482414700631e+00,3.373986382297644138e+00
4.539489746243307309e+02,-7.176258722541891677e-01,-1.289408445210513454e+00,3.379703359425369591e+00
4.540527343899591415e+02,-7.213328662192490803e-01,-1.291548891278932132e+00,3.401306041908794597e+00
4.541564941555876089e+02,-7.232124403986227579e-01,-1.291434032104086471e+00,3.406102836229754072e+00
4.542602539212160195e+02,-7.268265090484136159e-01,-1.293586080463917432e+00,3.427466466548470425e+00
4.543640136868444301e+02,-7.330235099372452989e-01,-1.295040081852800062e+00,3.452663259055086531e+00
4.544677734524728407e+02,-7.359377326149638687e-01,-1.296212515127250109e+00,3.466993388634793227e+00
4.545715332181012514e+02,-7.392619168803120644e-01,-1.296053532820161003e+00,3.475764571141391368e+00
4.546752929837296620e+02,-7.423324217198727926e-01,-1.293234715773446064e+00,3.470397616967441756e+00
4.547790527493580726e+02,-7.474961337869315825e-01,-1.294888997710886169e+00,3.493723402984786119e+00
4.548828125149864832e+02,-7.504750745334582973e-01,-1.297669229645609823e+00,3.516336608002910147e+00
4.549865722806149506e+02,-7.551374904575680613e-01,-1.298001853806886485e+00,3.531545275257943484e+00
4.550903320462433612e+02,-7.587239623012975720e-01,-1.298260773219625852e+00,3.543280455842054533e+00
4.551940918118717718e+02,-7.612808717468925179e-01,-1.297387602971910026e+00,3.546390990089464790e+00
4.552978515775001824e+02,-7.652494641742477732e-01,-1.298656249617566205e+00,3.564302700333146667e+00
4.554016113431285930e+02,-7.711777672498518754e-01,-1.301084577712055879e+00,3.593679805911388137e+00
4.555053711087570036e+02,-7.750364044440012368e-01,-1.301383452713908540e+00,3.606464796720323829e+00
4.556091308743854142e+02,-7.775522368482487012e-01,-1.300204791809514537e+00,3.608053940197333720e+00
4.557128906400138817e+02,-7.813378845605529754e-01,-1.301062774731643890e+00,3.623416895609714139e+00
4.558166504056422923e+02,-7.838594623678241113e-01,-1.301515590675854206e+00,3.633070187088495828e+00
4.559204101712707029e+02,-7.883515072976581273e-01,-1.301583662371695871e+00,3.646669410440378734e+00
4.560241699368991135e+02,-7.942070917662672480e-01,-1.302729216587311223e+00,3.669584093563487137e+00
4.561279297025275241e+02,-7.960055917675766812e-01,-1.303461534555844015e+00,3.678471366467129133e+00
4.562316894681559347e+02,-7.994420657453013002e-01,-1.304953746640073353e+00,3.695890969454253661e+00
4.563354492337843453e+02,-8.045007844309831624e-01,-1.304637208301125950e+00,3.709384338460417929e+00
4.564392089994127559e+02,-8.090928841337504673e-01,-1.304831982939195223e+00,3.723997117019821612e+00
4.565429687650412234e+02,-8.116455388590760878e-01,-1.305346266865280214e+00,3.734080955091737763e+00
4.566467285306696340e+02,-8.162465637037530364e-01,-1.305930469058586008e+00,3.750621052874089756e+00
4.567504882962980446e+02,-8.189405726760887738e-01,-1.306349752187656366e+00,3.760681580670730106e+00
4.568542480619264552e+02,-8.218487247135194407e-01,-1.306994763424784489e+00,3.772462468693702498e+00
4.569580078275548658e+02,-8.269612340054681709e-01,-1.307892042872985883e+00,3.792051339601992588e+00
4.570617675931832764e+02,-8.323321419760756346e-01,-1.307915130696008843e+00,3.808294510330501037e+00
4.571655273588116870e+02,-8.364056576508014373e-01,-1.307853725346139084e+00,3.820270962950300664e+00
4.572692871244402113e+02,-8.402283816403850469e-01,-1.308571058948463373e+00,3.835177094024418309e+00
4.573730468900686219e+02,-8.440089345595969128e-01,-1.311180908229729658e+00,3.858825713630615883e+00
4.574768066556970325e+02,-8.472506432338412496e-01,-1.310881680562893559e+00,3.867208597129519365e+00
4.575805664213254431e+02,-8.509441264864801013e-01,-1.308474437637202614e+00,3.867149462050222919e+00
4.576843261869538537e+02,-8.567155781685142912e-01,-1.307617472267704084e+00,3.880701096028471575e+00
4.577880859525822643e+02,-8.602887462057966506e-01,-1.309111475289810311e+00,3.898514770936674090e+00
4.578918457182106749e+02,-8.639048033949404681e-01,-1.311378981426502222e+00,3.920012336534592023e+00
4.579956054838390855e+02,-8.688371066631822570e-01,-1.310486624003056599e+00,3.930929318204561707e+00
4.580993652494675530e+02,-8.714470247041004036e-01,-1.311815545862921706e+00,3.945007013665780882e+00
4.582031250150959636e+02,-8.746258265957397304e-01,-1.311486657228154940e+00,3.953207286152516708e+00
4.583068847807243742e+02,-8.793712309662113924e-01,-1.313041562737959023e+00,3.974832220763607538e+00
4.584106445463527848e+02,-8.848982987431740499e-01,-1.313268324341343218e+00,3.992788168997462250e+00
4.585144043119811954e+02,-8.866741447496014894e-01,-1.314056839678201971e+00,4.001815000725766680e+00
4.586181640776096060e+02,-8.918077697370087042e-01,-1.312983321887158272e+00,4.012706296844827492e+00
4.587219238432380166e+02,-8.963169134875083044e-01,-1.313125874647372404e+00,4.027227058824029093e+00
4.588256836088664272e+02,-9.006809541607962988e-01,-1.314834734236596248e+00,4.048365479958099478e+00
4.589294433744948947e+02,-9.041004636185695498e-01,-1.314530042429592482e+00,4.057538013729430126e+00
4.590332031401233053e+02,-9.078096311697418930e-01,-1.315119344536407331e+00,4.071626005095004608e+00
4.591369629057517159e+02,-9.131948855551279554e-01,-1.315890721519575202e+00,4.091708831012667247e+00
4.592407226713801265e+02,-9.165889660702791764e-01,-1.314607723958823193e+00,4.096506218701137847e+00
4.593444824370085371e+02,-9.190863222858007830e-01,-1.314752130451959378e+00,4.104892103197062880e+00
4.594482422026369477e+02,-9.240949758355386789e-01,-1.316523197798814548e+00,4.128274602244812463e+00
4.595520019682653583e+02,-9.297816455985160600e-01,-1.315186124636309906e+00,4.140048697628880170e+00
4.596557617338938257e+02,-9.337964518752234211e-01,-1.316948735801909187e+00,4.160293673602287967e+00
4.597595214995222364e+02,-9.378755302018162432e-01,-1.315726532357550660e+00,4.167647573713685993e+00
4.598632812651506470e+02,-9.418742353156744906e-01,-1.316055360313661549e+00,4.181568538731131213e+00
4.599670410307790576e+02,-9.448024942993960007e-01,-1.317791270125776126e+00,4.198278497253539854e+00
4.600708007964074682e+02,-9.498965328049915335e-01,-1.315251223495766730e+00,4.203171035113274279e+00
4.601745605620358788e+02,-9.525368730654739657e-01,-1.315568603586992902e+00,4.212825691430188257e+00
4.602783203276642894e+02,-9.580585219207969905e-01,-1.314588272368529598e+00,4.225928692786419028e+00
4.603820800932927000e+02,-9.635802311284985544e-01,-1.316321805133189526e+00,4.250758757206231309e+00
4.604858398589211674e+02,-9.678106747206944860e-01,-1.318743268987786044e+00,4.274441239038649698e+00
4.605895996245495780e+02,-9.709973910719628121e-01,-1.317873336521109495e+00,4.280741934991989517e+00
4.606933593901779886e+02,-9.766623153427144155e-01,-1.318099277360259336e+00,4.299548469817143115e+00
4.607971191558063992e+02,-9.799322487067568810e-01,-1.316613750637628977e+00,4.303555108918964756e+00
4.609008789214348099e+02,-9.839392544331199142e-01,-1.316516011754866655e+00,4.315809962966396185e+00
4.610046386870632205e+02,-9.877067014218238183e-01,-1.317166599967577012e+00,4.330481907040304002e+00
4.611083984526916311e+02,-9.920861839834728135e-01,-1.316680833531594708e+00,4.342308233266599871e+00
4.612121582183200417e+02,-9.978510846771834197e-01,-1.317249412102469153e+00,4.362982913186769451e+00
4.613159179839485091e+02,-1.001193459667379937e+00,-1.318149546292797458e+00,4.377357537715912628e+00
4.614196777495769197e+02,-1.004902893795792229e+00,-1.318127689626670707e+00,4.389045736541213216e+00
4.615234375152053303e+02,-1.009251843988661523e+00,-1.317457264190523780e+00,4.400085501431830970e+00
4.616271972808337409e+02,-1.012136768675371723e+00,-1.318226966454115301e+00,4.412461861503518712e+00
4.617309570464621515e+02,-1.017473510764996814e+00,-1.319001311300651569e+00,4.432656173692931745e+00
4.618347168120905621e+02,-1.023679008226862308e+00,-1.317157742098610251e+00,4.444856199486070913e+00
4.619384765777189727e+02,-1.026614794754477922e+00,-1.318537289522011768e+00,4.459898412716655436e+00
4.620422363433474402e+02,-1.031196589595264390e+00,-1.318929878761396779e+00,4.476141780506006640e+00
4.621459961089758508e+02,-1.033867839645831399e+00,-1.317662254095743890e+00,4.479509067427006386e+00
4.622497558746042614e+02,-1.038496956928690818e+00,-1.317661807211695901e+00,4.494334350748087736e+00
4.623535156402326720e+02,-1.043992928892308214e+00,-1.316746690521023888e+00,4.508251800229407635e+00
4.624572754058610826e+02,-1.047503762405706196e+00,-1.316494172827641140e+00,4.518510438149110797e+00
4.625610351714894932e+02,-1.052092388811333601e+00,-1.316823516160731344e+00,4.534593966765221751e+00
4.626647949371179038e+02,-1.054520354140124017e+00,-1.315503769442411430e+00,4.537101514434274563e+00
4.627685547027463144e+02,-1.059500029091028361e+00,-1.316344935515397774e+00,4.556523995029385432e+00
4.628723144683747819e+02,-1.063076034335514342e+00,-1.316518441521877358e+00,4.568746587045175112e+00
4.629760742340031925e+02,-1.068114456496074727e+00,-1.315982841020110650e+00,4.582871494974058102e+00
4.630798339996316031e+02,-1.072181383583806769e+00,-1.315916073944769948e+00,4.595746169437605388e+00
4.631835937652600137e+02,-1.077024463586699010e+00,-1.315542034629314516e+00,4.609928872515989262e+00
4.632873535308884243e+02,-1.080128420439003589e+00,-1.315934371323259189e+00,4.621524284431925089e+00
4.633911132965168349e+02,-1.084120110805217418e+00,-1.317727957608052725e+00,4.641501144213884267e+00
4.634948730621452455e+02,-1.091553101682013471e+00,-1.314802577767447689e+00,4.654117031556153528e+00
4.635986328277736561e+02,-1.095521681220716914e+00,-1.312948691326653927e+00,4.659776683233554095e+00
4.637023925934021236e+02,-1.098825813909854787e+00,-1.315023057499018710e+00,4.678601468275138231e+00
4.638061523590305342e+02,-1.104191768825771858e+00,-1.315533421818791293e+00,4.698025306268657886e+00
4.639099121246589448e+02,-1.110300094770886981e+00,-1.313800802519184296e+00,4.711213122942906395e+00
4.640136718902873554e+02,-1.111907895994303841e+00,-1.312397247594987215e+00,4.711047047786784070e+00
4.641174316559157660e+02,-1.116476850155572631e+00,-1.313279775685923800e+00,4.729354420881401566e+00
4.642211914215441766e+02,-1.121623814987710466e+00,-1.311962745101064698e+00,4.741122288892477776e+00
4.643249511871725872e+02,-1.124759229687690487e+00,-1.312896702675132810e+00,4.754941048421212457e+00
4.644287109528009978e+02,-1.130060098376418409e+00,-1.313986604904674449e+00,4.776416074880200036e+00
4.645324707184294653e+02,-1.134371958984846662e+00,-1.312908029590858838e+00,4.786425605156977348e+00
4.646362304840578759e+02,-1.139602772532884556e+00,-1.309704057412633071e+00,4.791460141357037017e+00
4.647399902496862865e+02,-1.143263407634469653e+00,-1.309503379190489980e+00,4.802729487219200344e+00
4.648437500153146971e+02,-1.144964620853924808e+00,-1.310481379117414580e+00,4.811996749940162132e+00
4.649475097809431077e+02,-1.151956813248201206e+00,-1.311162383762490391e+00,4.837514700655122013e+00
4.650512695465715183e+02,-1.155637277204586644e+00,-1.308407453124382780e+00,4.839333936858209562e+00
4.651550293121999289e+02,-1.160826648665425065e+00,-1.307768737613834498e+00,4.854058919389877325e+00
4.652587890778283963e+02,-1.163809003830529987e+00,-1.307632781804460187e+00,4.863390604394091987e+00
4.653625488434568069e+02,-1.165840247928141560e+00,-1.305995557052912037e+00,4.864032554214588799e+00
4.654663086090852175e+02,-1.172093779342556319e+00,-1.307575473217377438e+00,4.890520436112065994e+00
4.655700683747136281e+02,-1.177257429846165548e+00,-1.306911626762684131e+00,4.905137199818049076e+00
4.656738281403420388e+02,-1.180608758995014052e+00,-1.306150916654028826e+00,4.913430970713523749e+00
4.657775879059704494e+02,-1.185890648176130213e+00,-1.304319291365519717e+00,4.924230784323077259e+00
4.658813476715988600e+02,-1.189929746719986303e+00,-1.304020890696181212e+00,4.936536535367236134e+00
4.659851074372272706e+02,-1.193990731988487042e+00,-1.301739009662161717e+00,4.941738469449275861e+00
4.660888672028557380e+02,-1.198166578989798836e+00,-1.302458601027572493e+00,4.958219694790856558e+00
4.661926269684841486e+02,-1.202303389071950557e+00,-1.304151572096522438e+00,4.978063089400854402e+00
4.662963867341125592e+02,-1.208007286837628813e+00,-1.302122851464973419e+00,4.989725927826464513e+00
4.664001464997409698e+02,-1.211094852425035784e+00,-1.300153910876494123e+00,4.992953446529845074e+00
4.665039062653693804e+02,-1.216250012469889619e+00,-1.300511273154088432e+00,5.011405874696545304e+00
4.666076660309977910e+02,-1.219586115962301598e+00,-1.299776852295507545e+00,5.019912630100438200e+00
4.667114257966262016e+02,-1.225185410411668840e+00,-1.297385889500159761e+00,5.030125360801046774e+00
4.668151855622546123e+02,-1.229268343783526118e+00,-1.297169278280836835e+00,5.043007539656329641e+00
4.669189453278830797e+02,-1.231695322200352605e+00,-1.296383859055316723e+00,5.048356086388048780e+00
4.670227050935114903e+02,-1.238338053703033514e+00,-1.295959094232107534e+00,5.069095237952415900e+00
4.671264648591399009e+02,-1.242615082017327621e+00,-1.295345737630861915e+00,5.081272643689889179e+00
4.672302246247683115e+02,-1.245501285900022737e+00,-1.293413155110480384e+00,5.084207671463499167e+00
4.673339843903967221e+02,-1.250467568757125170e+00,-1.296142665181203801e+00,5.110346489582349605e+00
4.674377441560251327e+02,-1.255756989794206469e+00,-1.293945816872990706e+00,5.120465441196857981e+00
4.675415039216535433e+02,-1.257772693750856208e+00,-1.292335471725597040e+00,5.121669789872499656e+00
4.676452636872820108e+02,-1.261947978399912129e+00,-1.290099866327359512e+00,5.128004724851623841e+00
4.677490234529104214e+02,-1.267189744915060423e+00,-1.289272681723243164e+00,5.142812368739113182e+00
4.678527832185388320e+02,-1.270751897152794685e+00,-1.290012154693015445e+00,5.157337006717034100e+00
4.679565429841672426e+02,-1.276431747078946577e+00,-1.286744319652574520e+00,5.165339129067656465e+00
4.680603027497956532e+02,-1.278735149661527570e+00,-1.285978218444401078e+00,5.170511390915941696e+00
4.681640625154240638e+02,-1.282620643270134808e+00,-1.285015711716322784e+00,5.180374146180978912e+00
4.682678222810524744e+02,-1.286666054085289668e+00,-1.283949059155182093e+00,5.190446025599940505e+00
4.683715820466808850e+02,-1.291390472133138845e+00,-1.281686132806773903e+00,5.198816139657345126e+00
4.684753418123093525e+02,-1.296000498490193831e+00,-1.281220289719239958e+00,5.212875393819520475e+00
4.685791015779377631e+02,-1.301253901038212701e+00,-1.281021955295242654e+00,5.230019325811227304e+00
4.686828613435661737e+02,-1.304349715706749846e+00,-1.279009346475744158e+00,5.233813355621731667e+00
4.687866211091945843e+02,-1.307948844677932154e+00,-1.277239023463691669e+00,5.240155034466063455e+00
4.688903808748229949e+02,-1.311928599115356198e+00,-1.275328934653904733e+00,5.247362239922409799e+00
4.689941406404514055e+02,-1.318045836914811808e+00,-1.274486701877588946e+00,5.265410199589030782e+00
4.690979004060798161e+02,-1.321085565610417234e+00,-1.272913642452552008e+00,5.270594295165484056e+00
4.692016601717082267e+02,-1.326304437036252892e+00,-1.271427829845433344e+00,5.283525460505814841e+00
4.693054199373366941e+02,-1.328599653677191572e+00,-1.271057861140856282e+00,5.290149998182287483e+00
4.694091797029651048e+02,-1.330624762150520279e+00,-1.270746218377818204e+00,5.296046287183616030e+00
4.695129394685935154e+02,-1.336751887957415619e+00,-1.270176064413482964e+00,5.315112126061498188e+00
4.696166992342219260e+02,-1.339696101796731265e+00,-1.265846291409904456e+00,5.311150402901701817e+00
4.697204589998503366e+02,-1.344766870458357300e+00,-1.264839772875061774e+00,5.325273131445774411e+00
4.698242187654787472e+02,-1.347668374018113679e+00,-1.263843154352175091e+00,5.332011241433139759e+00
4.699279785311071578e+02,-1.352989836794509682e+00,-1.263405307037807956e+00,5.348855224669279984e+00
4.700317382967355684e+02,-1.357853766664173234e+00,-1.261264543633442647e+00,5.358704881678001186e+00
4.701354980623640927e+02,-1.361195008005503082e+00,-1.259228126103687062e+00,5.363699536465888151e+00
4.702392578279925033e+02,-1.363899548710817200e+00,-1.258782678694365220e+00,5.371584414463077550e+00
4.703430175936209139e+02,-1.369114916513696656e+00,-1.258285213536176839e+00,5.387945110490234057e+00
4.704467773592493245e+02,-1.374269146608528613e+00,-1.255346042056623368e+00,5.396417405791806843e+00
4.705505371248777351e+02,-1.377886322003922137e+00,-1.254888217257276617e+00,5.407441911743332774e+00
4.706542968905061457e+02,-1.380837217701769148e+00,-1.254294524384201193e+00,5.415750227447598597e+00
4.707580566561345563e+02,-1.385314547365042337e+00,-1.252989249304018671e+00,5.427107349286819371e+00
4.708618164217630238e+02,-1.388989483148072468e+00,-1.249440404750507883e+00,5.428743426020556484e+00
4.709655761873914344e+02,-1.391380188874907997e+00,-1.245915984361359419e+00,5.426070389183448306e+00
4.710693359530198450e+02,-1.393780703129765985e+00,-1.244745171110749116e+00,5.430761241134663742e+00
4.711730957186482556e+02,-1.395342381954411515e+00,-1.244717245188829757e+00,5.436088620297983454e+00
4.712768554842766662e+02,-1.401838983285951690e+00,-1.242370991459179841e+00,5.451385893264908411e+00
4.713806152499050768e+02,-1.405289352648115386e+00,-1.240282728473765417e+00,5.456953841560199692e+00
4.714843750155334874e+02,-1.409124099017756260e+00,-1.237314638916296117e+00,5.461202846921922038e+00
4.715881347811618980e+02,-1.414843682200784158e+00,-1.237457886907707083e+00,5.481540450038968615e+00
4.716918945467903654e+02,-1.419488651502105014e+00,-1.235877413163380067e+00,5.492903672857639918e+00
4.717956543124187760e+02,-1.421815829982971069e+00,-1.231985032671984559e+00,5.489231892815618075e+00
4.718994140780471866e+02,-1.425542103221399071e+00,-1.228726853004207031e+00,5.492411960213759770e+00
4.720031738436755973e+02,-1.427771281206193565e+00,-1.228480750454282955e+00,5.499463720763865027e+00
4.721069336093040079e+02,-1.433041887038785100e+00,-1.225446330001109141e+00,5.508796435491084331e+00
4.722106933749324185e+02,-1.438849704376446770e+00,-1.224422861816884645e+00,5.526073639470969745e+00
4.723144531405608291e+02,-1.441433032865014230e+00,-1.223707149002149830e+00,5.532989294827300952e+00
4.724182129061892965e+02,-1.442901918368328262e+00,-1.221374032375974528e+00,5.531205801270722588e+00
4.725219726718177071e+02,-1.445243958282138808e+00,-1.218037832717186353e+00,5.529535476134489258e+00
4.726257324374461177e+02,-1.451305856218705115e+00,-1.216430694615679986e+00,5.546093554883526622e+00
4.727294922030745283e+02,-1.456428215479447896e+00,-1.213694152997478959e+00,5.556066675813450928e+00
4.728332519687029389e+02,-1.456956147853367023e+00,-1.212656447164577322e+00,5.554882652635236617e+00
4.729370117343313495e+02,-1.459534533575972626e+00,-1.209023635196239344e+00,5.553338137667908292e+00
4.730407714999597601e+02,-1.465930364339963932e+00,-1.207980620439613739e+00,5.572868723998237073e+00
4.731445312655881708e+02,-1.468671188797960880e+00,-1.205975098718306660e+00,5.576721061986052774e+00
4.732482910312166382e+02,-1.470572783108046400e+00,-1.204649173413582242e+00,5.579597801327187412e+00
4.733520507968450488e+02,-1.474067861688882930e+00,-1.200714282337103533e+00,5.580591447231189051e+00
4.734558105624734594e+02,-1.477251125930919340e+00,-1.199171754643226340e+00,5.587426152705425864e+00
4.735595703281018700e+02,-1.483716866318758099e+00,-1.198290537440461767e+00,5.607810272139445829e+00
4.736633300937302806e+02,-1.486546208416986037e+00,-1.196522309387359151e+00,5.612785571467144408e+00
4.737670898593586912e+02,-1.488954963701447198e+00,-1.193405829738484414e+00,5.612450538936625932e+00
4.738708496249871018e+02,-1.493042895632129108e+00,-1.190612652233751900e+00,5.619042738403312143e+00
4.739746093906155124e+02,-1.497023616047678418e+00,-1.186753184411249551e+00,5.622289444214635168e+00
4.740783691562439799e+02,-1.499312389494399156e+00,-1.184696474931173471e+00,5.624645706556795410e+00
4.741821289218723905e+02,-1.500158238756929885e+00,-1.182221145449708466e+00,5.620693032858158134e+00
4.742858886875008011e+02,-1.504518175775164224e+00,-1.180259449967426599e+00,5.630759477875889374e+00
4.743896484531292117e+02,-1.508358501789266670e+00,-1.177128651905415602e+00,5.635733018403334071e+00
4.744934082187576223e+02,-1.511619127261059736e+00,-1.175196444916385197e+00,5.642018275967829233e+00
4.745971679843860329e+02,-1.515460047781049813e+00,-1.173842399953146876e+00,5.652012226069506262e+00
4.747009277500144435e+02,-1.518969168085135601e+00,-1.172251842490521945e+00,5.660179291642056576e+00
4.748046875156429110e+02,-1.521554423109476861e+00,-1.168042711019834368e+00,5.657830989285326240e+00
4.749084472812713216e+02,-1.524389644562262447e+00,-1.165548996643368307e+00,5.661154235299232340e+00
4.750122070468997322e+02,-1.527671332646643565e+00,-1.162788345891565545e+00,5.665384156827543372e+00
4.751159668125281428e+02,-1.530223349643115460e+00,-1.158428323848201602e+00,5.662653526953270955e+00
4.752197265781565534e+02,-1.532756783141685730e+00,-1.156537727160950491e+00,5.666640523830803744e+00
4.753234863437849640e+02,-1.537866481770800320e+00,-1.154030712243506951e+00,5.678283286349055103e+00
4.754272461094133746e+02,-1.540817625663448931e+00,-1.150911128169560982e+00,5.680509132472111311e+00
4.755310058750417852e+02,-1.541939317173151913e+00,-1.147963217539472058e+00,5.676610321745458876e+00
4.756347656406702527e+02,-1.544111588497427912e+00,-1.144470919491509253e+00,5.675079756174030265e+00
4.757385254062986633e+02,-1.547318226818893860e+00,-1.141908219868645658e+00,5.679842967686836275e+00
4.758422851719270739e+02,-1.549714844349226350e+00,-1.141275997630487815e+00,5.686858687044948013e+00
4.759460449375554845e+02,-1.554707217282243814e+00,-1.139226795261032210e+00,5.699532327308879154e+00
4.760498047031838951e+02,-1.557246872840001517e+00,-1.135691220346577435e+00,5.699368831511691269e+00
4.761535644688123057e+02,-1.559134569542979909e+00,-1.133921749791333866e+00,5.701550702471099186e+00
4.762573242344407163e+02,-1.561273994204002369e+00,-1.129974837556091405e+00,5.698909644817291564e+00
4.763610840000691269e+02,-1.563702500418061359e+00,-1.128192556628086596e+00,5.703075111958860965e+00
4.764648437656975943e+02,-1.567182637057787042e+00,-1.122308890014613425e+00,5.700334732139708649e+00
4.765686035313260049e+02,-1.569552744036482483e+00,-1.119527811847547127e+00,5.701736720661999769e+00
4.766723632969544155e+02,-1.570294406283166078e+00,-1.116283539944848524e+00,5.695978429335520232e+00
4.767761230625828262e+02,-1.575702805439224807e+00,-1.113093655862657849e+00,5.707549940015129941e+00
4.768798828282112368e+02,-1.578324469300748989e+00,-1.111354346300876150e+00,5.712680978187457015e+00
4.769836425938396474e+02,-1.580260728743396070e+00,-1.107020968199790678e+00,5.708603019008489099e+00
4.770874023594680580e+02,-1.581572258080756965e+00,-1.104131519005316919e+00,5.705986496118154783e+00
4.771911621250964686e+02,-1.583367640326398318e+00,-1.099978650132862334e+00,5.701932755932067387e+00
4.772949218907249360e+02,-1.585451762296623546e+00,-1.098894333779475430e+00,5.706860522168886618e+00
4.773986816563533466e+02,-1.590663792770983909e+00,-1.094537709062472830e+00,5.715020092836711640e+00
4.775024414219817572e+02,-1.593122541377278045e+00,-1.091876509813094698e+00,5.717360464942689013e+00
4.776062011876101678e+02,-1.594684496124242790e+00,-1.089495811841437289e+00,5.717111332372227572e+00
4.777099609532385784e+02,-1.596005856232138198e+00,-1.087344865327715793e+00,5.716568471738716184e+00
4.778137207188669890e+02,-1.599215128491518367e+00,-1.083462886348282916e+00,5.718695787221429683e+00
4.779174804844953997e+02,-1.603038540995237904e+00,-1.080480680578758790e+00,5.725429776713953700e+00
4.780212402501238671e+02,-1.605036625707654707e+00,-1.076554740786093589e+00,5.723037080162259649e+00
4.781250000157522777e+02,-1.605893915815962192e+00,-1.071225934547297864e+00,5.712918337561204929e+00
4.782287597813806883e+02,-1.608581909239609642e+00,-1.069130762872677609e+00,5.717759323240012570e+00
4.783325195470090989e+02,-1.609610857189299304e+00,-1.066783687142527359e+00,5.715777723188830706e+00
4.784362793126375095e+02,-1.610976878336679352e+00,-1.062652308844649784e+00,5.710652304635246423e+00
4.785400390782659201e+02,-1.614990444580506779e+00,-1.059878944483803709e+00,5.718878119291275652e+00
4.786437988438943307e+02,-1.618497093444868362e+00,-1.057691433496204647e+00,5.726676460876175767e+00
4.787475586095227413e+02,-1.618072976566071741e+00,-1.055139558167949909e+00,5.718810768778301856e+00
4.788513183751512088e+02,-1.618207437292267237e+00,-1.050331698387132251e+00,5.707520964859362778e+00
4.789550781407796194e+02,-1.621197120336707265e+00,-1.042839782206071764e+00,5.700517359920784344e+00
4.790588379064080300e+02,-1.623766564837779258e+00,-1.039661947636959516e+00,5.702527088133949817e+00
4.791625976720364406e+02,-1.626330858809589497e+00,-1.038167630153691290e+00,5.708631829136459501e+00
4.792663574376648512e+02,-1.626993919123928212e+00,-1.035851387522306766e+00,5.705543002579877232e+00
4.793701172032932618e+02,-1.630173230501452686e+00,-1.032560311326566005e+00,5.709683351601224643e+00
4.794738769689216724e+02,-1.631489052517195004e+00,-1.029630414641045322e+00,5.707641541475412694e+00
4.795776367345500830e+02,-1.635423823641917185e+00,-1.024713876041254634e+00,5.710854235802674594e+00
4.796813965001785505e+02,-1.636597234731149486e+00,-1.021994423734923219e+00,5.708840668744322500e+00
4.797851562658069611e+02,-1.638634657520643856e+00,-1.017104772992796669e+00,5.704992350579122018e+00
4.798889160314353717e+02,-1.639587190407148176e+00,-1.013713326705708129e+00,5.700594439481294629e+00
4.799926757970637823e+02,-1.640363717927544762e+00,-1.011208682092894939e+00,5.697642627159279272e+00
4.800964355626921929e+02,-1.641140001119963721e+00,-1.007730309295779225e+00,5.692405431217693490e+00
4.802001953283206035e+02,-1.643439301882744452e+00,-1.002470505797760314e+00,5.688866475675814272e+00
4.803039550939490141e+02,-1.645518466373735000e+00,-9.992422382967305339e-01,5.689307352739621848e+00
4.804077148595774815e+02,-1.648358552892846829e+00,-9.961088783527944912e-01,5.692941625993103827e+00
4.805114746252058922e+02,-1.647849070000843907e+00,-9.908929962304238170e-01,5.678818114698994890e+00
4.806152343908343028e+02,-1.648772743930416285e+00,-9.873881239980907276e-01,5.674248007656555792e+00
4.807189941564627134e+02,-1.650751205162353852e+00,-9.841633096204459585e-01,5.674448010173220425e+00
4.808227539220911240e+02,-1.652363521671847524e+00,-9.803997872972070038e-01,5.672015728359419917e+00
4.809265136877195346e+02,-1.653881347613737507e+00,-9.791598505779616213e-01,5.675060054281889421e+00
4.810302734533479452e+02,-1.654614110528526139e+00,-9.739961296236125943e-01,5.666043795048673282e+00
4.811340332189763558e+02,-1.655850725340116014e+00,-9.686086081505551615e-01,5.658530420237194214e+00
4.812377929846048232e+02,-1.658740424327228569e+00,-9.633494245081405394e-01,5.657843113257036372e+00
4.813415527502332338e+02,-1.659391089761065530e+00,-9.625099633021048096e-01,5.658483164873225668e+00
4.814453125158616444e+02,-1.660145842780313075e+00,-9.595233227008921340e-01,5.654663720572728813e+00
4.815490722814900550e+02,-1.662569316117391782e+00,-9.542232413954868653e-01,5.652193750059600674e+00
4.816528320471184657e+02,-1.662581892597536637e+00,-9.509957926135674811e-01,5.644969934215912311e+00
4.817565918127468763e+02,-1.664851188223786860e+00,-9.476669280807642481e-01,5.646426431378133159e+00
4.818603515783752869e+02,-1.666261544618723223e+00,-9.430720349379929646e-01,5.641702357135324419e+00
4.819641113440036975e+02,-1.666456194314812622e+00,-9.383537000705315378e-01,5.631942986994186384e+00
4.820678711096321649e+02,-1.666611457779477057e+00,-9.357834232773787342e-01,5.626834783952194385e+00
4.821716308752605755e+02,-1.668166529290070921e+00,-9.306815826052069474e-01,5.621676479513179281e+00
4.822753906408889861e+02,-1.669402939806277519e+00,-9.248956902410847558e-01,5.613802702158842806e+00
4.823791504065173967e+02,-1.670638375632764738e+00,-9.226977751533170791e-01,5.613880863804462606e+00
4.824829101721458073e+02,-1.671085037859754596e+00,-9.202664096132966431e-01,5.610316366093986318e+00
4.825866699377742179e+02,-1.672550659561813591e+00,-9.138922788195654734e-01,5.602205442814483405e+00
4.826904297034026285e+02,-1.671833522982360876e+00,-9.096736094152836349e-01,5.590123988934443844e+00
4.827941894690310392e+02,-1.670885944364381981e+00,-9.068375495209619608e-01,5.580138855144383569e+00
4.828979492346595066e+02,-1.676822162101950786e+00,-9.005673637972081425e-01,5.590388614313218874e+00
4.830017090002879740e+02,-1.674731154365839192e+00,-8.985623960471351701e-01,5.577644324400202969e+00
4.831054687659163847e+02,-1.676695185813277922e+00,-8.956162365816728865e-01,5.579202696098435332e+00
4.832092285315447953e+02,-1.676939532944273559e+00,-8.913406963530371430e-01,5.570997164571057425e+00
4.833129882971732059e+02,-1.676785873575970864e+00,-8.887152750612123953e-01,5.564744601155419801e+00
4.834167480628016165e+02,-1.676525843209815569e+00,-8.861514768124109098e-01,5.558200867769993891e+00
4.835205078284300271e+02,-1.678746272247483295e+00,-8.805053082233325057e-01,5.555150682412493879e+00
4.836242675940584945e+02,-1.678656049989066590e+00,-8.762323488016175999e-01,5.545702284026395645e+00
4.837280273596869051e+02,-1.679717681683088548e+00,-8.718338558223562851e-01,5.540705046206304552e+00
4.838317871253153157e+02,-1.678954491245690406e+00,-8.666727635027525745e-01,5.526694159155334241e+00
4.839355468909437263e+02,-1.679461292521809757e+00,-8.624964548950322385e-01,5.519974454697557320e+00
4.840393066565721369e+02,-1.681153739613850728e+00,-8.584324415153067322e-01,5.518382681847957549e+00
4.841430664222005475e+02,-1.680675719005133351e+00,-8.527464959702103497e-01,5.504543058663198707e+00
4.842468261878289582e+02,-1.680969915485272637e+00,-8.495699641435594529e-01,5.499137096740264852e+00
4.843505859534574256e+02,-1.682835341291890163e+00,-8.484761842611104887e-01,5.504542034403526074e+00
4.844543457190858362e+02,-1.683344378431488542e+00,-8.413855865382532384e-01,5.491968113765275383e+00
4.845581054847142468e+02,-1.682614171763889166e+00,-8.392696923624540783e-01,5.484587114503174377e+00
4.846618652503426574e+02,-1.681840498145013463e+00,-8.360748516945907260e-01,5.474803950231814653e+00
4.847656250159710680e+02,-1.681087234045159695e+00,-8.291580951919915732e-01,5.457470572403964937e+00
4.848693847815994786e+02,-1.683616450155714261e+00,-8.263350594691242224e-01,5.462210161741648307e+00
4.849731445472278892e+02,-1.685456011274739208e+00,-8.220535424214415743e-01,5.461148198741083704e+00
4.850769043128562998e+02,-1.686138403929538843e+00,-8.190665206886278416e-01,5.457934373270171058e+00
4.851806640784847673e+02,-1.685770328271208207e+00,-8.160653432288698106e-01,5.450328730409451872e+00
4.852844238441131779e+02,-1.685895302088772807e+00,-8.086445203887275834e-01,5.435899245579189909e+00
4.853881836097415885e+02,-1.685864088801808158e+00,-8.032658836150640136e-01,5.424985011609542163e+00
4.854919433753699991e+02,-1.686424488788027753e+00,-7.992714334210720972e-01,5.419363143957215634e+00
4.855957031409984097e+02,-1.684829151434644068e+00,-7.936917979515042409e-01,5.401537113736708307e+00
4.856994629066268203e+02,-1.684778526120572328e+00,-7.914086034525376068e-01,5.396789553410559215e+00
4.858032226722552309e+02,-1.686349797348546620e+00,-7.894392779261498738e-01,5.399525905745821142e+00
4.859069824378836415e+02,-1.685595460254545097e+00,-7.852051115777192170e-01,5.387972478220090622e+00
4.860107422035121090e+02,-1.685018353132322400e+00,-7.792280146291017395e-01,5.373761594476570203e+00
4.861145019691405196e+02,-1.686972365507322769e+00,-7.743415990932988047e-01,5.372498182711572312e+00
4.862182617347689302e+02,-1.686491527959202097e+00,-7.718737138458934277e-01,5.365638338501228510e+00
4.863220215003973408e+02,-1.686048215667957706e+00,-7.682870016157595794e-01,5.356767766070876569e+00
4.864257812660257514e+02,-1.684947038810272524e+00,-7.619204213763991484e-01,5.339714033616075106e+00
4.865295410316541620e+02,-1.684296231739706773e+00,-7.565255849042084035e-01,5.326505379592124889e+00
4.866333007972825726e+02,-1.684074585193477303e+00,-7.544894550749776663e-01,5.321632276242917570e+00
4.867370605629109832e+02,-1.682192624876255760e+00,-7.487716728029261137e-01,5.302549160917973126e+00
4.868408203285394507e+02,-1.682294991966366782e+00,-7.452587950422369101e-01,5.296262960137311460e+00
4.869445800941678613e+02,-1.682379779661291819e+00,-7.412360967180892102e-01,5.288952001244831891e+00
4.870483398597962719e+02,-1.680819278942163875e+00,-7.350642699013943959e-01,5.270461015986057873e+00
4.871520996254246825e+02,-1.681794241390128564e+00,-7.298686877622320157e-01,5.264866245038768433e+00
4.872558593910530931e+02,-1.681876671802640111e+00,-7.271744256675766183e-01,5.260149586598412697e+00
4.873596191566815037e+02,-1.681302240124761260e+00,-7.249621179341579902e-01,5.253490041489809137e+00
4.874633789223099143e+02,-1.683020932640445944e+00,-7.210280458742092113e-01,5.253611307795007512e+00
4.875671386879383817e+02,-1.681115089812370789e+00,-7.138792671471437812e-01,5.231963007915714670e+00
4.876708984535667923e+02,-1.679819613804693024e+00,-7.116224890794395908e-01,5.222094817532997979e+00
4.877746582191952029e+02,-1.679708411031947568e+00,-7.077653367710584620e-01,5.214456590641120215e+00
4.878784179848236136e+02,-1.677325525528353456e+00,-7.011779354819011045e-01,5.191808481335710823e+00
4.879821777504520242e+02,-1.678223764806277662e+00,-6.961504564998290956e-01,5.186534790227289804e+00
4.880859375160804348e+02,-1.678236779108958521e+00,-6.932057444325318007e-01,5.181206451783404887e+00
4.881896972817088454e+02,-1.674942433684660115e+00,-6.907252430292353251e-01,5.162091693076309440e+00
4.882934570473372560e+02,-1.676655295665657519e+00,-6.846800540261762658e-01,5.158685152120781048e+00
4.883972168129657234e+02,-1.675252756970364354e+00,-6.782810539032430031e-01,5.140875801794571487e+00
4.885009765785941340e+02,-1.676775902591082890e+00,-6.760333621218791444e-01,5.143615816132456331e+00
4.886047363442225446e+02,-1.674019472541268705e+00,-6.736457419769473765e-01,5.127030400858888726e+00
4.887084961098509552e+02,-1.674038776221903557e+00,-6.678854304228484251e-01,5.116797657832209190e+00
4.888122558754793658e+02,-1.673998143239825653e+00,-6.643984801366541459e-01,5.110400279694068182e+00
4.889160156411077764e+02,-1.673055611590285707e+00,-6.607745712924688597e-01,5.099733644709003144e+00
4.890197754067361871e+02,-1.672531333345500748e+00,-6.567032822984096851e-01,5.090169679609898523e+00
4.891235351723645977e+02,-1.672797801039972443e+00,-6.514808122750801456e-01,5.082171477189488584e+00
4.892272949379930651e+02,-1.671461027943035971e+00,-6.479775703913718266e-01,5.069995082278365928e+00
4.893310547036214757e+02,-1.671503855676823136e+00,-6.429413571846342990e-01,5.061394120704268751e+00
4.894348144692498863e+02,-1.671039129964362990e+00,-6.373530729580568766e-01,5.049586720164189302e+00
4.895385742348782969e+02,-1.669308749237337741e+00,-6.314303969653589643e-01,5.031498025686787834e+00
4.896423340005067075e+02,-1.668213662140063835e+00,-6.293694521652256624e-01,5.022963653547943608e+00
4.897460937661351181e+02,-1.667428185377076266e+00,-6.262664961855299861e-01,5.014052553664347656e+00
4.898498535317635287e+02,-1.666100024228444942e+00,-6.214456515231159273e-01,4.999734011025596558e+00
4.899536132973919962e+02,-1.665421315330472440e+00,-6.182969698261424618e-01,4.991258893992559287e+00
4.900573730630204068e+02,-1.664555569986197137e+00,-6.137934807071971921e-01,4.979640392026477791e+00
4.901611328286488174e+02,-1.662491589904339984e+00,-6.083516879535056932e-01,4.960948435526241873e+00
4.902648925942772280e+02,-1.661241105018742781e+00,-6.036541430191576518e-01,4.947277534766956641e+00
4.903686523599056386e+02,-1.660968594636881290e+00,-6.020727077047424158e-01,4.943366557692944419e+00
4.904724121255340492e+02,-1.659778334788577503e+00,-5.977634730353076353e-01,4.930654456993349477e+00
4.905761718911624598e+02,-1.657467136556375120e+00,-5.935265108253788835e-01,4.912875811560422079e+00
4.906799316567908704e+02,-1.655272208968296521e+00,-5.885424566528312251e-01,4.894393080647443384e+00
4.907836914224193379e+02,-1.656386399700626288e+00,-5.830641471620341409e-01,4.890551786146649427e+00
4.908874511880477485e+02,-1.655530915915571999e+00,-5.784437704527234381e-01,4.878987587528579084e+00
4.909912109536761591e+02,-1.652892664012206803e+00,-5.744775274873558102e-01,4.860163326854083365e+00
4.910949707193045697e+02,-1.651496563971826204e+00,-5.704160025685814928e-01,4.847005320019097674e+00
4.911987304849329803e+02,-1.650425527067955755e+00,-5.655443876787831226e-01,4.834082472785999229e+00
4.913024902505613909e+02,-1.647485381273981586e+00,-5.612358531428791597e-01,4.813270541525487722e+00
4.914062500161898015e+02,-1.646788943575749231e+00,-5.581010158205403915e-01,4.804942539613442420e+00
4.915100097818182121e+02,-1.648272352844846633e+00,-5.528091802393285681e-01,4.803519030611687946e+00
4.916137695474466796e+02,-1.648155187249958908e+00,-5.508341010405891636e-01,4.799830313861662034e+00
4.917175293130750902e+02,-1.645573111307720104e+00,-5.447590468632008687e-01,4.777972554543616468e+00
4.918212890787035008e+02,-1.642922006424151871e+00,-5.424933308880102167e-01,4.761780631469620495e+00
4.919250488443319114e+02,-1.642355286409705739e+00,-5.379182834683866599e-01,4.751897067516825501e+00
4.920288086099603220e+02,-1.640067204380393218e+00,-5.318908202464739388e-01,4.731552145912345964e+00
4.921325683755887326e+02,-1.639354917724773264e+00,-5.293502560605650720e-01,4.724194464372024171e+00
4.922363281412171432e+02,-1.639551779518320096e+00,-5.253985341949490850e-01,4.719036433914940432e+00
4.923400879068455538e+02,-1.637643599373011183e+00,-5.212364692428741453e-01,4.703463881781901890e+00
4.924438476724740212e+02,-1.637468517916325750e+00,-5.167805817026560611e-01,4.695812937180349422e+00
4.925476074381024318e+02,-1.636063258247868690e+00,-5.131494682260319129e-01,4.683510768106523336e+00
4.926513672037308424e+02,-1.633486371234138979e+00,-5.088041632094357780e-01,4.664463730350604465e+00
4.927551269693592531e+02,-1.632836850094032233e+00,-5.035380328272968109e-01,4.653392308512046327e+00
4.928588867349876637e+02,-1.632741726672148452e+00,-5.003659021055758549e-01,4.648190304704479914e+00
4.929626465006160743e+02,-1.631127514172863169e+00,-4.972524615560457995e-01,4.635700550298586187e+00
4.930664062662444849e+02,-1.626810326507972748e+00,-4.935239798968584779e-01,4.609095275502945732e+00
4.931701660318729523e+02,-1.626259076421979533e+00,-4.882797116068340881e-01,4.598650777618114915e+00
4.932739257975013629e+02,-1.623930536560116877e+00,-4.831293358063043497e-01,4.579672858706429928e+00
4.933776855631297735e+02,-1.623311636795990109e+00,-4.804871841476609506e-01,4.572774898955684897e+00
4.934814453287581841e+02,-1.619726835221708017e+00,-4.770486071874184275e-01,4.550109869159149945e+00
4.935852050943865947e+02,-1.620775694893236585e+00,-4.703303082391301904e-01,4.545589623658512934e+00
4.936889648600150053e+02,-1.620342757268342870e+00,-4.657269109202143986e-01,4.536870595397106243e+00
4.937927246256434159e+02,-1.618142817590188853e+00,-4.632484282373185991e-01,4.522443186334507814e+00
4.938964843912718266e+02,-1.617192674392988749e+00,-4.600812648203645439e-01,4.513237985246954409e+00
4.940002441569002940e+02,-1.616331214581856468e+00,-4.549745327485094082e-01,4.501764766093828918e+00
4.941040039225287046e+02,-1.614021735966052917e+00,-4.510976115447885015e-01,4.484829670075561658e+00
4.942077636881571152e+02,-1.612701106144514007e+00,-4.476974704702338381e-01,4.473499909412290698e+00
4.943115234537855258e+02,-1.610144217779880593e+00,-4.448582956743050154e-01,4.456763158979785366e+00
4.944152832194139364e+02,-1.608508811492707302e+00,-4.410105151963080727e-01,4.443244775921840528e+00
4.945190429850423470e+02,-1.607658638611843660e+00,-4.369819779519041880e-01,4.433442903167139626e+00
4.946228027506707576e+02,-1.608130734028604625e+00,-4.320233577501079725e-01,4.429073682466993844e+00
4.947265625162991682e+02,-1.603481414104683367e+00,-4.260078453944696197e-01,4.397486796890098582e+00
4.948303222819276357e+02,-1.601295477659465671e+00,-4.242376407068721433e-01,4.384038559951171088e+00
4.949340820475560463e+02,-1.598364144465097114e+00,-4.208796749128647652e-01,4.364660125344388852e+00
4.950378418131844569e+02,-1.597865291471849414e+00,-4.148822187905839010e-01,4.354144349635024724e+00
4.951416015788128675e+02,-1.597606523606359241e+00,-4.108732146671464358e-01,4.347546214577675094e+00
4.952453613444412781e+02,-1.595178657248803367e+00,-4.081372622026706032e-01,4.331569061592199787e+00
4.953491211100696887e+02,-1.595000456765044650e+00,-4.043523863191000878e-01,4.325728458192642734e+00
4.954528808756980993e+02,-1.591561182874048352e+00,-4.007662980951249843e-01,4.303461024371521226e+00
4.955566406413265099e+02,-1.591586467199153754e+00,-3.969937228614943692e-01,4.298735908197686584e+00
4.956604004069549774e+02,-1.588139626311934061e+00,-3.936419742369199892e-01,4.276713225722776457e+00
4.957641601725833880e+02,-1.587264478701965853e+00,-3.888188292924276701e-01,4.266069919848771264e+00
4.958679199382118554e+02,-1.585900835315120050e+00,-3.840557243633827555e-01,4.253027076989241984e+00
4.959716797038402660e+02,-1.584061698785337979e+00,-3.819881661911229687e-01,4.240917476585753576e+00
4.960754394694686766e+02,-1.581210769327455745e+00,-3.768692225306462529e-01,4.219752063607541182e+00
4.961791992350970872e+02,-1.578754608546445670e+00,-3.746564476340464855e-01,4.204234064331489940e+00
4.962829590007254978e+02,-1.576794751740611567e+00,-3.712038753999675755e-01,4.189760791958166308e+00
4.963867187663539653e+02,-1.574490562990743969e+00,-3.666698057107952713e-01,4.172170670971115491e+00
4.964904785319823759e+02,-1.574272995957030297e+00,-3.592621619510942832e-01,4.162084551601171079e+00
4.965942382976107865e+02,-1.574929572678902101e+00,-3.576138952269303228e-01,4.163560190110315418e+00
4.966979980632391971e+02,-1.572165849140373162e+00,-3.546230258201626406e-01,4.145493611385361987e+00
4.968017578288676077e+02,-1.569792893298515235e+00,-3.518568552373352309e-01,4.129731615895206431e+00
4.969055175944960183e+02,-1.567627966900452474e+00,-3.485983981776939467e-01,4.114476855314869397e+00
4.970092773601244289e+02,-1.565576732145309347e+00,-3.431204445313188467e-01,4.097238923296950830e+00
4.971130371257528964e+02,-1.563379772722457872e+00,-3.404388228861192078e-01,4.082492797913504390e+00
4.972167968913813070e+02,-1.561311506820355577e+00,-3.362376563403713381e-01,4.066677902510952514e+00
4.973205566570097176e+02,-1.560313363228688521e+00,-3.336695670034612315e-01,4.058435879198865948e+00
4.974243164226381282e+02,-1.557613740969708838e+00,-3.302531741729402559e-01,4.040169756284373470e+00
4.975280761882665388e+02,-1.555921613052106744e+00,-3.263466543903835726e-01,4.026729853369840129e+00
4.976318359538949494e+02,-1.554133261285266077e+00,-3.229876994408087398e-01,4.013404329928455638e+00
4.977355957195233600e+02,-1.551383462510757205e+00,-3.187121755693550496e-01,3.993912687870134093e+00
4.978393554851517706e+02,-1.550972223811896145e+00,-3.138673118367081849e-01,3.986390990588950967e+00
4.979431152507802381e+02,-1.548759285740013425e+00,-3.111245361745169080e-01,3.971495342719176591e+00
4.980468750164086487e+02,-1.547389881684553270e+00,-3.076237721756183152e-01,3.960332423714454375e+00
4.981506347820370593e+02,-1.546498230794531414e+00,-3.039101409070915638e-01,3.951547650590993221e+00
4.982543945476654699e+02,-1.542607051530950013e+00,-3.015085850265501466e-01,3.927925828637755856e+00
4.983581543132938805e+02,-1.542082200008434434e+00,-2.959060468020456303e-01,3.919187286503377887e+00
4.984619140789222911e+02,-1.541276713144990262e+00,-2.933700690863015326e-01,3.912174662880014253e+00
4.985656738445507017e+02,-1.538800900903060098e+00,-2.910162362970937777e-01,3.896264870724810425e+00
4.986694336101791123e+02,-1.535520634340150847e+00,-2.881215664848471025e-01,3.875388946814386060e+00
4.987731933758075797e+02,-1.534388190388489281e+00,-2.825336888593149021e-01,3.863513345829707291e+00
4.988769531414359903e+02,-1.533120459833914984e+00,-2.776266393137649668e-01,3.851654815014442956e+00
4.989807129070644010e+02,-1.532285352207532592e+00,-2.747745735714458015e-01,3.844250080122639801e+00
4.990844726726928116e+02,-1.528441196893643772e+00,-2.711398520249750366e-01,3.819538421317463683e+00
4.991882324383212222e+02,-1.526481746390813354e+00,-2.678884738962271639e-01,3.805568670656684915e+00
4.992919922039496328e+02,-1.523473414965923478e+00,-2.654968766678588721e-01,3.786630916922552714e+00
4.993957519695780434e+02,-1.523108132701614270e+00,-2.609104539499962350e-01,3.780220734492459211e+00
4.994995117352064540e+02,-1.522742642126728940e+00,-2.567210592860851848e-01,3.774248017305227521e+00
4.996032715008349214e+02,-1.518032383208021363e+00,-2.538683651023668220e-01,3.745414962196385034e+00
4.997070312664633320e+02,-1.514920790892481772e+00,-2.500350457141746752e-01,3.724521668850381939e+00
4.998107910320917426e+02,-1.515724186635497794e+00,-2.477904766165790751e-01,3.726947885828944429e+00
4.999145507977201532e+02,-1.511878841704907828e+00,-2.430951169219852659e-01,3.701193015155564758e+00
5.000183105633485638e+02,-1.511375394426059726e+00,-2.405552395370699204e-01,3.696095888252676875e+00
5.001220703289769745e+02,-1.510193420625832950e+00,-2.369176945883283425e-01,3.686241759126573481e+00
5.002258300946053851e+02,-1.507162565988469538e+00,-2.332390420438284206e-01,3.665984049681247470e+00
5.003295898602338525e+02,-1.506503386505313458e+00,-2.307970861182466193e-01,3.660155097298121163e+00
5.004333496258622631e+02,-1.504198381062814116e+00,-2.262830131555743085e-01,3.643289647200535164e+00
5.005371093914906737e+02,-1.500421541294452377e+00,-2.238525344544790019e-01,3.619873454874366736e+00
5.006408691571190843e+02,-1.497230619469564150e+00,-2.202826449942421327e-01,3.598779560767799257e+00
5.007446289227474949e+02,-1.497510599142492849e+00,-2.170263263481933547e-01,3.597669040785380190e+00
5.008483886883759055e+02,-1.494919199165617441e+00,-2.151225604388421198e-01,3.581369236880331375e+00
5.009521484540043161e+02,-1.494213371097631970e+00,-2.117200551540487363e-01,3.574581911652314314e+00
5.010559082196327267e+02,-1.492402445860947946e+00,-2.059145871047586840e-01,3.559619284718174903e+00
5.011596679852611942e+02,-1.489457092691707896e+00,-2.041332823317010547e-01,3.541378064396695891e+00
5.012634277508896048e+02,-1.487669129061826911e+00,-2.015253831640361759e-01,3.529099632053048108e+00
5.013671875165180154e+02,-1.484893683101122575e+00,-1.983012157075537962e-01,3.510678710020733284e+00
5.014709472821464260e+02,-1.483099246521293324e+00,-1.930465826453505451e-01,3.496369314261476458e+00
5.015747070477748366e+02,-1.480569369020332759e+00,-1.914894599173194989e-01,3.480621102408737677e+00
5.016784668134032472e+02,-1.478372232607313874e+00,-1.869462317951070540e-01,3.464573005279794948e+00
5.017822265790316578e+02,-1.478139329488012521e+00,-1.843756474740017581e-01,3.461358231595239143e+00
5.018859863446600684e+02,-1.474828668897821382e+00,-1.795981944175362721e-01,3.438761420040195027e+00
5.019897461102885359e+02,-1.472749425165164938e+00,-1.774786279407233602e-01,3.425193070496465708e+00
5.020935058759169465e+02,-1.470622901223178403e+00,-1.740400102147267869e-01,3.410429177166597992e+00
5.021972656415453571e+02,-1.467822735984154914e+00,-1.724540503672909453e-01,3.393011481730209944e+00
5.023010254071737677e+02,-1.466769929934713890e+00,-1.685970818530686810e-01,3.384244190495730553e+00
5.024047851728021783e+02,-1.465134884596779097e+00,-1.657823345095323642e-01,3.372803175668796172e+00
5.025085449384305889e+02,-1.461319897997455541e+00,-1.623530164948619459e-01,3.348183945840123688e+00
5.026123047040589995e+02,-1.460277571799595719e+00,-1.593511349153879930e-01,3.340118672125563570e+00
5.027160644696874670e+02,-1.457993154297537508e+00,-1.560701603314225416e-01,3.324590496166273113e+00
5.028198242353158776e+02,-1.455647401442681010e+00,-1.533757227096900766e-01,3.309073443803889791e+00
5.029235840009442882e+02,-1.454078013735537578e+00,-1.500714705770126722e-01,3.297769468020979478e+00
5.030273437665726988e+02,-1.453101646762116728e+00,-1.469922619120815621e-01,3.290134798892234702e+00
5.031311035322011094e+02,-1.451084625413937346e+00,-1.433766889118250343e-01,3.276048215768962102e+00
5.032348632978295200e+02,-1.448738234559789007e+00,-1.413948646291628419e-01,3.260971341256474254e+00
5.033386230634579306e+02,-1.446966272015812294e+00,-1.386136564382062231e-01,3.248841100741123977e+00
5.034423828290863412e+02,-1.443843726513860615e+00,-1.319216405412702020e-01,3.226508983404769548e+00
5.035461425947148086e+02,-1.442198698753929031e+00,-1.301250258467284704e-01,3.215714252982358801e+00
5.036499023603432192e+02,-1.440201015329849232e+00,-1.280162076650346037e-01,3.202641143711043803e+00
5.037536621259716298e+02,-1.439453326998684446e+00,-1.257540081964641510e-01,3.196972036303840525e+00
5.038574218916000405e+02,-1.435628614661844438e+00,-1.229629984274609317e-01,3.172586060032508648e+00
5.039611816572284511e+02,-1.432148030593349164e+00,-1.185824827027041756e-01,3.149431448574883774e+00
5.040649414228568617e+02,-1.431150175117221091e+00,-1.163729152778016779e-01,3.142325232092326726e+00
5.041687011884852723e+02,-1.429319416447821567e+00,-1.131280855336904007e-01,3.129707125689018099e+00
5.042724609541136829e+02,-1.428166946490938560e+00,-1.097323941869108449e-01,3.121142871763516347e+00
5.043762207197421503e+02,-1.425895674220622134e+00,-1.066830658943615506e-01,3.105998069180495147e+00
5.044799804853705609e+02,-1.423736726960475485e+00,-1.051279084903593009e-01,3.092208318892623709e+00
5.045837402509989715e+02,-1.422792609918401396e+00,-1.015569467948969073e-01,3.084902729048605075e+00
5.046875000166273821e+02,-1.420146525927742376e+00,-9.858666236091663537e-02,3.067542127400546992e+00
5.047912597822557927e+02,-1.417513765108116219e+00,-9.694679946680474780e-02,3.050812394676956529e+00
5.048950195478842033e+02,-1.415304788573450212e+00,-9.304515148074885000e-02,3.035729402684656630e+00
5.049987793135126140e+02,-1.414433791717443656e+00,-8.954941460163999556e-02,3.029025499496555973e+00
5.051025390791410246e+02,-1.411572861076697327e+00,-8.735813460939574615e-02,3.010667757679431844e+00
5.052062988447694920e+02,-1.409083718133849583e+00,-8.410757144760727666e-02,2.994181662002683098e+00
5.053100586103979026e+02,-1.407343188473995088e+00,-8.191643358244442286e-02,2.982689291474456716e+00
5.054138183760263132e+02,-1.405548762085280678e+00,-7.822540417353371356e-02,2.970349588005420483e+00
5.055175781416547238e+02,-1.403583626585189092e+00,-7.620000958569189686e-02,2.957547270393741101e+00
5.056213379072831344e+02,-1.401153090015094138e+00,-7.199483461531155926e-02,2.941162770664826898e+00
5.057250976729115450e+02,-1.398896741321453474e+00,-7.039237653184408916e-02,2.926696018515113629e+00
5.058288574385399556e+02,-1.395112283622718330e+00,-6.617656612103382796e-02,2.901944071896602306e+00
5.059326172041684231e+02,-1.393777287038844293e+00,-6.322971438050442594e-02,2.892796467458922383e+00
5.060363769697968337e+02,-1.392519906662935902e+00,-6.042275139535151912e-02,2.884197341580327922e+00
5.061401367354252443e+02,-1.391462653711656561e+00,-6.007140824567980264e-02,2.877517811247318313e+00
5.062438965010536549e+02,-1.389624666682985010e+00,-5.767834400842414277e-02,2.865425803280228667e+00
5.063476562666820655e+02,-1.386476881703421871e+00,-5.198701589391897804e-02,2.844354249485144148e+00
5.064514160323104761e+02,-1.383812157971924695e+00,-4.957450423699748254e-02,2.827113006066757084e+00
5.065551757979388867e+02,-1.382306639700749296e+00,-4.825047113210362976e-02,2.817376158906741423e+00
5.066589355635672973e+02,-1.380199332852888539e+00,-4.457925029045173987e-02,2.803364610632655740e+00
5.067626953291957648e+02,-1.378374126117983156e+00,-4.154508068163834111e-02,2.791285838009533560e+00
5.068664550948241754e+02,-1.373919025351135081e+00,-3.860050505707905005e-02,2.762649453956243395e+00
5.069702148604525860e+02,-1.372161120387795696e+00,-3.700065516915505143e-02,2.751258905068356686e+00
5.070739746260809966e+02,-1.371691563624447552e+00,-3.517359463338092657e-02,2.747984062637889302e+00
5.071777343917094072e+02,-1.369299760894896467e+00,-3.197208886546387685e-02,2.732337715377995302e+00
5.072814941573378178e+02,-1.366822444207737686e+00,-2.886955844919282879e-02,2.716179094319155052e+00
5.073852539229662284e+02,-1.363991977419247936e+00,-2.640140893331271998e-02,2.697863116513658177e+00
5.074890136885946390e+02,-1.363255480808256204e+00,-2.364613590960561521e-02,2.692851473939259943e+00
5.075927734542231065e+02,-1.360210601834422661e+00,-1.963304883952660118e-02,2.673027805687679503e+00
5.076965332198515171e+02,-1.357779377015962963e+00,-1.684542804574966357e-02,2.657252590870968767e+00
5.078002929854799277e+02,-1.355893991374523821e+00,-1.440976951040207933e-02,2.645005204572401070e+00
5.079040527511083383e+02,-1.353170986065493686e+00,-1.237086507585236431e-02,2.627416508158096242e+00
5.080078125167367489e+02,-1.351274476829552373e+00,-1.080218111795687615e-02,2.615149003463097532e+00
5.081115722823651595e+02,-1.349520338951674336e+00,-9.127940085139885779e-03,2.603787369173222288e+00
5.082153320479935701e+02,-1.346795002074066661e+00,-5.926030513783347130e-03,2.586114003597783650e+00
5.083190918136220375e+02,-1.344253734538623402e+00,-1.281826684164922214e-03,2.569628982658866079e+00
5.084228515792504481e+02,-1.342289158362181656e+00,1.307017451973591961e-03,2.556925766010802459e+00
5.085266113448788587e+02,-1.340502139099021495e+00,2.086440342450035512e-03,2.545360747939597879e+00
5.086303711105072693e+02,-1.338750804258725502e+00,4.729408025256533026e-03,2.534049094425006921e+00
5.087341308761357368e+02,-1.335223394417996756e+00,7.383275865446591903e-03,2.511211450829983427e+00
5.088378906417641474e+02,-1.332600499095629276e+00,8.603331653722793432e-03,2.494180444281875353e+00
5.089416504073925580e+02,-1.330861696162323859e+00,1.212061616523975836e-02,2.483018719326338442e+00
5.090454101730209686e+02,-1.329480124303817679e+00,1.496582881916138155e-02,2.474187274311296925e+00
5.091491699386494361e+02,-1.327933310323249794e+00,1.717167998110790197e-02,2.464251441697184575e+00
5.092529297042778467e+02,-1.325543553885251136e+00,1.992873180034550676e-02,2.448861578354246227e+00
5.093566894699062573e+02,-1.323046567968825249e+00,2.181063819339128240e-02,2.432682691904365591e+00
5.094604492355346679e+02,-1.321163379195810839e+00,2.503818246720028104e-02,2.420690091462600169e+00
5.095642090011630785e+02,-1.317666429232557501e+00,2.726456189357822149e-02,2.397968618996482171e+00
5.096679687667914891e+02,-1.315392667755784561e+00,3.028008915580336635e-02,2.383409101327448099e+00
5.097717285324198997e+02,-1.313119168940543702e+00,3.294761084694960984e-02,2.368816123815320474e+00
5.098754882980483671e+02,-1.310755476881007464e+00,3.515952778302042225e-02,2.353557331863444624e+00
5.099792480636767777e+02,-1.309109898792416349e+00,3.728898799626094440e-02,2.343044361126945141e+00
5.100830078293051884e+02,-1.307219585174561605e+00,3.893353794321288697e-02,2.330821643629359841e+00
5.101867675949335990e+02,-1.304791124483204445e+00,4.261976216165861558e-02,2.315451069250697547e+00
5.102905273605620096e+02,-1.303084191465825104e+00,4.515840445006557430e-02,2.304662140119702052e+00
5.103942871261904202e+02,-1.299975512159849744e+00,4.672064032573782638e-02,2.284309405942905435e+00
5.104980468918188308e+02,-1.297600982188060748e+00,4.982656146598951619e-02,2.269222189948721269e+00
5.106018066574472414e+02,-1.296683406518945203e+00,5.154731340461582434e-02,2.263536876902016992e+00
5.107055664230757088e+02,-1.295357965844425419e+00,5.269032882890797853e-02,2.254975722986818365e+00
5.108093261887041194e+02,-1.292483772147855703e+00,5.543627415579067269e-02,2.236484187264776935e+00
5.109130859543325300e+02,-1.288547876709271289e+00,5.858758260311681260e-02,2.210980229873892089e+00
5.110168457199609406e+02,-1.286777054001774889e+00,6.031950234758422236e-02,2.199598869913583332e+00
5.111206054855893512e+02,-1.283381246797683506e+00,6.356209774122424661e-02,2.177753672187924927e+00
5.112243652512177619e+02,-1.281466864267215788e+00,6.662066967629258485e-02,2.165869605451740565e+00
5.113281250168461725e+02,-1.279854959630584377e+00,6.824541910800253908e-02,2.155545967849899824e+00
5.114318847824745831e+02,-1.277204650421657206e+00,6.955369966573876628e-02,2.138070405240025451e+00
5.115356445481030505e+02,-1.272879286132023280e+00,7.235353559411629443e-02,2.109754079463738830e+00
5.116394043137314611e+02,-1.271144162923099286e+00,7.528623072850236519e-02,2.099103908597250268e+00
5.117431640793598717e+02,-1.268294469088333765e+00,7.730023154191986712e-02,2.080504730686545845e+00
5.118469238449882823e+02,-1.267009286455302197e+00,7.879525119737931793e-02,2.072360295014182174e+00
5.119506836106166929e+02,-1.265142423009639083e+00,8.109701604508964823e-02,2.060596760070505962e+00
5.120544433762451035e+02,-1.262238694415737550e+00,8.360771108177668387e-02,2.041842456217688007e+00
5.121582031418735141e+02,-1.259376238953690441e+00,8.586996330496921015e-02,2.023254020564670519e+00
5.122619629075019247e+02,-1.257171584961355837e+00,8.792869497653280075e-02,2.009084319096675841e+00
5.123657226731303354e+02,-1.256360658945600894e+00,9.026586882161544145e-02,2.004647215507892710e+00
5.124694824387587460e+02,-1.253638840466755999e+00,9.234201934863296712e-02,1.986948499291610215e+00
5.125732422043871566e+02,-1.251685526192641174e+00,9.512509432526697339e-02,1.974915712289697867e+00
5.126770019700156809e+02,-1.248511708997504410e+00,9.731444838887963467e-02,1.954157363521300983e+00
5.127807617356440915e+02,-1.246839688633385457e+00,9.806929917424905829e-02,1.942997214652352866e+00
5.128845215012725021e+02,-1.243548428914337034e+00,1.004870768157982014e-01,1.921520122126873620e+00
5.129882812669009127e+02,-1.241603086513663579e+00,1.015566941601136614e-01,1.908614905887260793e+00
5.130920410325293233e+02,-1.239449003306023700e+00,1.037283751369743878e-01,1.894884629902949147e+00
5.131958007981577339e+02,-1.237662770818890312e+00,1.055530453782651951e-01,1.883520159368998970e+00
5.132995605637861445e+02,-1.234832041808922254e+00,1.080498324301119722e-01,1.865283072041108881e+00
5.134033203294145551e+02,-1.232939807009564737e+00,1.116039197878093830e-01,1.854276884776173917e+00
5.135070800950429657e+02,-1.230099317541606618e+00,1.131625217854943660e-01,1.835403284146656100e+00
5.136108398606713763e+02,-1.228283750509074235e+00,1.144429426722073928e-01,1.823513466585373610e+00
5.137145996262997869e+02,-1.227144828510388752e+00,1.163971988250351447e-01,1.816814795741159339e+00
5.138183593919281975e+02,-1.226062290682022438e+00,1.199287643666573644e-01,1.811606515286697583e+00
5.139221191575566081e+02,-1.221698113874819080e+00,1.198081024155301794e-01,1.780845086335182792e+00
5.140258789231850187e+02,-1.219107724688631045e+00,1.220701559046940138e-01,1.764167905265659142e+00
5.141296386888134293e+02,-1.218259582882721848e+00,1.243049698347092197e-01,1.759777882196475574e+00
5.142333984544418399e+02,-1.215527461193926850e+00,1.263654447881591703e-01,1.741980253424756375e+00
5.143371582200703642e+02,-1.212986623966487931e+00,1.293558756697354983e-01,1.726232131326096653e+00
5.144409179856987748e+02,-1.209683315040763540e+00,1.317868870073234944e-01,1.704675181814582885e+00
5.145446777513271854e+02,-1.207088221217139212e+00,1.328494349229553950e-01,1.687069038467324589e+00
5.146484375169555960e+02,-1.205827868149752291e+00,1.346189219792116865e-01,1.679500282654956544e+00
5.147521972825840066e+02,-1.202862043958676352e+00,1.371020213049523040e-01,1.660374019360603803e+00
5.148559570482124172e+02,-1.200951711558600365e+00,1.388561026795678555e-01,1.648184407274747576e+00
5.149597168138408279e+02,-1.198564935218304983e+00,1.404228535167001690e-01,1.632438358892766894e+00
5.150634765794692385e+02,-1.194884845462623968e+00,1.433882650455665930e-01,1.608615258619410016e+00
5.151672363450976491e+02,-1.192442989717335200e+00,1.461750687438128360e-01,1.593528305832661474e+00
5.152709961107260597e+02,-1.191817127473179916e+00,1.465892624340031369e-01,1.589401046677540563e+00
5.153747558763544703e+02,-1.189946337965151368e+00,1.474183728676078109e-01,1.576696211718362939e+00
5.154785156419828809e+02,-1.185964534608557885e+00,1.497026121813427313e-01,1.550087505562612655e+00
5.155822754076112915e+02,-1.183581553110274465e+00,1.512748237312938893e-01,1.534335434376409069e+00
5.156860351732397021e+02,-1.181499739101825597e+00,1.531592860669840628e-01,1.521046174348431368e+00
5.157897949388681127e+02,-1.180691715382163220e+00,1.560079995194008085e-01,1.517899725260589472e+00
5.158935547044966370e+02,-1.177720322598722502e+00,1.580136260120004466e-01,1.498326864897727262e+00
5.159973144701250476e+02,-1.174826808494848107e+00,1.597643665077258246e-01,1.479058315777964872e+00
5.161010742357534582e+02,-1.172114634240732034e+00,1.613353654119253355e-01,1.460913722108722723e+00
5.162048340013818688e+02,-1.170187322986055767e+00,1.633539087049189487e-01,1.448925331815454687e+00
5.163085937670102794e+02,-1.168820017782749687e+00,1.653766952980524063e-01,1.441037583910330433e+00
5.164123535326386900e+02,-1.166163780138025796e+00,1.682583821804952140e-01,1.424673209064867940e+00
5.165161132982671006e+02,-1.163210105301217157e+00,1.690407295366789520e-01,1.403925459876184112e+00
5.166198730638955112e+02,-1.161216110063737261e+00,1.714411113223631711e-01,1.391908798122391655e+00
5.167236328295239218e+02,-1.159192757810609153e+00,1.724535080524063346e-01,1.378185650514433647e+00
5.168273925951523324e+02,-1.155585044888616908e+00,1.746859342069105592e-01,1.354163523455435669e+00
5.169311523607807430e+02,-1.153554102918198598e+00,1.759425078483287386e-01,1.340632049488243105e+00
5.170349121264091536e+02,-1.151435623092678773e+00,1.771800855431497068e-01,1.326428195832285661e+00
5.171386718920375642e+02,-1.148979298091849399e+00,1.798455116299746692e-01,1.311365787453918630e+00
5.172424316576659749e+02,-1.147205757010345106e+00,1.813681987392285755e-01,1.300040532416189887e+00
5.173461914232943855e+02,-1.145290623387993589e+00,1.831188427905457716e-01,1.287943236542175018e+00
5.174499511889227961e+02,-1.142705989017638757e+00,1.845798380887047063e-01,1.270551089814628609e+00
5.175537109545513204e+02,-1.138344148002765399e+00,1.866782128720784473e-01,1.240723744477786994e+00
5.176574707201797310e+02,-1.136628030367857090e+00,1.890888665941834745e-01,1.230927193159784272e+00
5.177612304858081416e+02,-1.135350197840351294e+00,1.905808420171888617e-01,1.223276755628427193e+00
5.178649902514365522e+02,-1.133388890973468843e+00,1.915815421822920361e-01,1.209928448231174736e+00
5.179687500170649628e+02,-1.130813440345511456e+00,1.930625166629121037e-01,1.192599062213772987e+00
5.180725097826933734e+02,-1.127998055019214130e+00,1.952256435021313685e-01,1.174345941572599417e+00
5.181762695483217840e+02,-1.126206061913854972e+00,1.953757450436157672e-01,1.161133283945108063e+00
5.182800293139501946e+02,-1.124464743436737635e+00,1.979444060836155206e-01,1.151453336293578822e+00
5.183837890795786052e+02,-1.122546166177919247e+00,1.994642818897076897e-01,1.139085722614982865e+00
5.184875488452070158e+02,-1.119287846009223930e+00,2.009296716316893439e-01,1.116583127248129914e+00
5.185913086108354264e+02,-1.117135272294071280e+00,2.035504549486049919e-01,1.103957509098199008e+00
5.186950683764638370e+02,-1.114499719134417699e+00,2.053096796969012539e-01,1.086535270847808876e+00
5.187988281420922476e+02,-1.112456661812885050e+00,2.060554743489738383e-01,1.072163085777921632e+00
5.189025879077206582e+02,-1.111030664105223220e+00,2.076704597695650245e-01,1.063664012605045173e+00
5.190063476733490688e+02,-1.109399238360852413e+00,2.098847365167235690e-01,1.054482798371375374e+00
5.191101074389775931e+02,-1.106432526784780990e+00,2.123384814834326506e-01,1.035576309614782531e+00
5.192138672046060037e+02,-1.103837321242541192e+00,2.132049593165297185e-01,1.017172448778076221e+00
5.193176269702344143e+02,-1.101318171903515442e+00,2.148698263180875145e-01,1.000501375400433046e+00
5.194213867358628249e+02,-1.099178461566439058e+00,2.165994356891658978e-01,9.868130741682383800e-01
5.195251465014912355e+02,-1.096606736534429416e+00,2.170178369564095822e-01,9.678598726022834553e-01
5.196289062671196461e+02,-1.095492996227641402e+00,2.181250188244464594e-01,9.610440694621442681e-01
5.197326660327480568e+02,-1.093929100708217916e+00,2.197306907093398154e-01,9.515625396472310316e-01
5.198364257983764674e+02,-1.090913053247378084e+00,2.212599921945082870e-01,9.308787651207760527e-01
5.199401855640048780e+02,-1.087828047248542651e+00,2.232386607022976144e-01,9.103540367926309385e-01
5.200439453296332886e+02,-1.086579590530942552e+00,2.258573722886635382e-01,9.049322063046840725e-01
5.201477050952616992e+02,-1.085360921627108954e+00,2.278461198222332118e-01,8.987763509343340562e-01
5.202514648608901098e+02,-1.083247829441986720e+00,2.286144690303785754e-01,8.838079713508413260e-01
5.203552246265185204e+02,-1.079507326560704250e+00,2.308484907163766420e-01,8.587082957501713798e-01
5.204589843921469310e+02,-1.077672275810958258e+00,2.320978017098350166e-01,8.466453033424049535e-01
5.205627441577753416e+02,-1.076505447542138949e+00,2.337846911913511461e-01,8.404667364627533832e-01
5.206665039234037522e+02,-1.073929960145795448e+00,2.362206262358453324e-01,8.247146785307645223e-01
5.207702636890322765e+02,-1.071952110727633301e+00,2.372159948705781785e-01,8.111416519134404535e-01
5.208740234546606871e+02,-1.069149393452862640e+00,2.379154763722227672e-01,7.906693896425966983e-01
5.209777832202890977e+02,-1.067633648254854295e+00,2.390131091920487394e-01,7.808285688023948179e-01
5.210815429859175083e+02,-1.065180365946706953e+00,2.402801899897237525e-01,7.640149111679253036e-01
5.211853027515459189e+02,-1.062878844618433627e+00,2.427930519162034839e-01,7.505761343114083495e-01
5.212890625171743295e+02,-1.060330472246638234e+00,2.439716314353334303e-01,7.328672476826635362e-01
5.213928222828027401e+02,-1.058165606126127756e+00,2.455190126388826777e-01,7.187981210959706324e-01
5.214965820484311507e+02,-1.057439744107826485e+00,2.465474835735282921e-01,7.150071862729211469e-01
5.216003418140596750e+02,-1.055829650136307141e+00,2.464369100378441257e-01,7.022536769206877416e-01
5.217041015796880856e+02,-1.052044725853149121e+00,2.480713362671228273e-01,6.756831384436169374e-01
5.218078613453164962e+02,-1.049909455482705312e+00,2.516275889540205979e-01,6.655934091727511159e-01
5.219116211109449068e+02,-1.047507831540861911e+00,2.520517508115263094e-01,6.475842538804564841e-01
5.220153808765733174e+02,-1.047081653738916485e+00,2.538353222449538649e-01,6.476202385404740136e-01
5.221191406422017280e+02,-1.045183851435353306e+00,2.555527708499661377e-01,6.360222373095320014e-01
5.222229004078301386e+02,-1.042185799786653488e+00,2.572110503918528246e-01,6.156886561617460618e-01
5.223266601734585493e+02,-1.040716035300255804e+00,2.578055155301193779e-01,6.052920693568599741e-01
5.224304199390869599e+02,-1.038528642825151227e+00,2.603586039136518981e-01,5.930903109011884666e-01
5.225341797047153705e+02,-1.036059196483375411e+00,2.604391685000058132e-01,5.737973229213512161e-01
5.226379394703437811e+02,-1.033997030200877632e+00,2.626970736149348840e-01,5.620317005043697911e-01
5.227416992359721917e+02,-1.032736581984994295e+00,2.640138670450377645e-01,5.547319668076069465e-01
5.228454590016006023e+02,-1.031322968903925164e+00,2.666185918539402677e-01,5.488585427864686173e-01
5.229492187672290129e+02,-1.028729161459523311e+00,2.679650503188925059e-01,5.311263065632515490e-01
5.230529785328575372e+02,-1.027257527042960472e+00,2.685471613123288082e-01,5.206863288602657791e-01
5.231567382984859478e+02,-1.025370652191798460e+00,2.700121601355794376e-01,5.087894310909908402e-01
5.232604980641143584e+02,-1.023294950465257314e+00,2.714629512501008368e-01,4.953768903078669683e-01
5.233642578297427690e+02,-1.021565179775973720e+00,2.741198606192216669e-01,4.872804619967208706e-01
5.234680175953711796e+02,-1.019756093747872683e+00,2.740724140338063330e-01,4.728194802872903724e-01
5.235717773609995902e+02,-1.016989358430695711e+00,2.757482726294352982e-01,4.544208630616040079e-01
5.236755371266280008e+02,-1.015464684017361563e+00,2.771876878533274247e-01,4.454036353764191380e-01
5.237792968922564114e+02,-1.013400471533415725e+00,2.787697170228736754e-01,4.324162991292892499e-01
5.238830566578848220e+02,-1.012308123354264566e+00,2.799000074671900706e-01,4.261951089231566514e-01
5.239868164235132326e+02,-1.011137859690582008e+00,2.820685909966575977e-01,4.216680039921421042e-01
5.240905761891416432e+02,-1.008738014130196925e+00,2.834382425426420493e-01,4.055867846401662868e-01
5.241943359547700538e+02,-1.007176927772346353e+00,2.850596040526090502e-01,3.967752780298636206e-01
5.242980957203984644e+02,-1.005641154391748948e+00,2.860682442904615708e-01,3.867943008160790175e-01
5.244018554860268750e+02,-1.004257325706712001e+00,2.875547925995554088e-01,3.791253009988766465e-01
5.245056152516552856e+02,-1.001184836542526657e+00,2.892217263035455899e-01,3.583793676172576381e-01
5.246093750172836963e+02,-9.997668094220767410e-01,2.899888934363697435e-01,3.487991031303262490e-01
5.247131347829122205e+02,-9.981370115958515532e-01,2.906456984815575240e-01,3.372621504850209506e-01
5.248168945485406311e+02,-9.976195295353871284e-01,2.930601986952405813e-01,3.387751925497543004e-01
5.249206543141690418e+02,-9.963138183088799948e-01,2.944970726663420080e-01,3.317024267598600584e-01
5.250244140797974524e+02,-9.937294794944808718e-01,2.958690393032094579e-01,3.142331761006083579e-01
5.251281738454258630e+02,-9.916417525105923891e-01,2.972922740331632729e-01,3.008784399661317277e-01
5.252319336110542736e+02,-9.918491061379630658e-01,2.972705786159678398e-01,3.024924954192167448e-01
5.253356933766826842e+02,-9.885225451669671370e-01,2.986015889282490066e-01,2.789559107485756750e-01
5.254394531423110948e+02,-9.872492224789074511e-01,3.018309428676504980e-01,2.766061653682829191e-01
5.255432129079395054e+02,-9.852552768643567660e-01,3.025110572505094741e-01,2.622301940793531072e-01
5.256469726735679160e+02,-9.832134143598209031e-01,3.036252639219316762e-01,2.485368469808288128e-01
5.257507324391963266e+02,-9.818947286549416509e-01,3.054940628562617944e-01,2.425732830039022403e-01
5.258544922048247372e+02,-9.810897862458807239e-01,3.071465420173461469e-01,2.402410446807963784e-01
5.259582519704531478e+02,-9.798217887023240591e-01,3.076735726779931679e-01,2.313461397161259703e-01
5.260620117360815584e+02,-9.782198703010441809e-01,3.091351085496186757e-01,2.221328648230044556e-01
5.261657715017099690e+02,-9.771357346464999427e-01,3.101332192174314217e-01,2.159315300859576958e-01
5.262695312673384933e+02,-9.748198463109277734e-01,3.112209986021204911e-01,2.000153235916490857e-01
5.263732910329669039e+02,-9.736686325459270597e-01,3.135998859560465979e-01,1.968756016722662816e-01
5.264770507985953145e+02,-9.717311959086738504e-01,3.146867088430921333e-01,1.840472905339815002e-01
5.265808105642237251e+02,-9.700769480213825569e-01,3.157475613545512871e-01,1.734467010229104045e-01
5.266845703298521357e+02,-9.689731788646021027e-01,3.169167573820106387e-01,1.675983661900125599e-01
5.267883300954805463e+02,-9.679273925296203451e-01,3.186448523779045194e-01,1.637219889071100387e-01
5.268920898611089569e+02,-9.665333164485521156e-01,3.203145657713349359e-01,1.568999245679673082e-01
5.269958496267373675e+02,-9.653231677821627610e-01,3.222399902606402633e-01,1.522870512852859681e-01
5.270996093923657781e+02,-9.638426330196827596e-01,3.240702801523013266e-01,1.452648935139395081e-01
5.272033691579941888e+02,-9.630418631249839656e-01,3.251551368155405908e-01,1.417409617997716365e-01
5.273071289236225994e+02,-9.615138380257853834e-01,3.265255010424032434e-01,1.331248057478804647e-01
5.274108886892510100e+02,-9.593125070417957145e-01,3.283193760030987396e-01,1.202441772486839977e-01
5.275146484548794206e+02,-9.587584100083145211e-01,3.295540095867784958e-01,1.191855747034403223e-01
5.276184082205078312e+02,-9.580588879465502528e-01,3.304565711602472922e-01,1.160358665409829404e-01
5.277221679861362418e+02,-9.567407462760572079e-01,3.319923225235339448e-01,1.096605273564054406e-01
5.278259277517647661e+02,-9.559217970174072043e-01,3.336516979380746428e-01,1.077044364640049462e-01
5.279296875173931767e+02,-9.533926237197507536e-01,3.340173834610592474e-01,8.823693891578773818e-02
5.280334472830215873e+02,-9.519810741082721517e-01,3.362227571700135975e-01,8.307864715301482850e-02
5.281372070486499979e+02,-9.515645095556090061e-01,3.369762023149195374e-01,8.186107452042248878e-02
5.282409668142784085e+02,-9.508095161660369277e-01,3.399658221126691249e-01,8.436427306174486274e-02
5.283447265799068191e+02,-9.501445896967679605e-01,3.402720977282351900e-01,7.986549497009443055e-02
5.284484863455352297e+02,-9.478899404824211450e-01,3.412162489524149800e-01,6.433465867875935718e-02
5.285522461111636403e+02,-9.464288340006939970e-01,3.430903088497165299e-01,5.797397969464206102e-02
5.286560058767920509e+02,-9.449211331191572638e-01,3.449298717181174534e-01,5.117236603635898218e-02
5.287597656424204615e+02,-9.435528120614848913e-01,3.467059598463084757e-01,4.534999167993453845e-02
5.288635254080488721e+02,-9.427941386597213924e-01,3.479277781732989516e-01,4.284619182150360001e-02
5.289672851736772827e+02,-9.425883816614174515e-01,3.487831559107105739e-01,4.374065165307934600e-02
5.290710449393056933e+02,-9.417019432534650125e-01,3.507124159588335122e-01,4.236118411248734894e-02
5.291748047049341039e+02,-9.392211340676802633e-01,3.529480424695607410e-01,2.903804279575745648e-02
5.292785644705625145e+02,-9.381848387186275673e-01,3.541679040938002232e-01,2.436361974433468025e-02
5.293823242361909251e+02,-9.381342458580983479e-01,3.547788490945162354e-01,2.582393765180062556e-02
5.294860840018194494e+02,-9.376622339153536378e-01,3.561335012951221679e-01,2.615911469172550047e-02
5.295898437674478600e+02,-9.363578157243896971e-01,3.578716807069993178e-01,2.096093189626435649e-02
5.296936035330762707e+02,-9.349455768308326808e-01,3.596375530964451284e-01,1.501104533459735914e-02
5.297973632987046813e+02,-9.343808215514474158e-01,3.618066159220509892e-01,1.721404888218908136e-02
5.299011230643330919e+02,-9.343550550939062616e-01,3.625976414687229199e-01,1.948392657697108413e-02
5.300048828299615025e+02,-9.334920544605668224e-01,3.645875285517242714e-01,1.877076275569708116e-02
5.301086425955899131e+02,-9.320623588649458169e-01,3.646942707889263002e-01,7.559486847878460827e-03
5.302124023612183237e+02,-9.306579998212543003e-01,3.666012444031607753e-01,2.261151908645198019e-03
5.303161621268467343e+02,-9.303000626018815833e-01,3.689525457663020980e-01,6.874595027870919819e-03
5.304199218924751449e+02,-9.300340960810845603e-01,3.696256925771702062e-01,6.884936478020598286e-03
5.305236816581035555e+02,-9.292971028908060260e-01,3.718901563439381830e-01,8.223799590165599069e-03
5.306274414237319661e+02,-9.279695322902836718e-01,3.737144195288275017e-01,3.429225710002935072e-03
5.307312011893603767e+02,-9.265626980513208544e-01,3.754959949881185866e-01,-2.103903356814601153e-03
5.308349609549887873e+02,-9.266298922870758181e-01,3.765468753887550868e-01,1.869264266948526690e-03
5.309387207206171979e+02,-9.264151555226024515e-01,3.785214583424478807e-01,6.611592381889186409e-03
5.310424804862457222e+02,-9.242711763448130391e-01,3.798198259399674370e-01,-6.343994818542239567e-03
5.311462402518741328e+02,-9.233405888528538608e-01,3.820927994051265819e-01,-6.289877847688393579e-03
5.312500000175025434e+02,-9.234067909405064833e-01,3.830089672087710340e-01,-2.710971559586778344e-03
5.313537597831309540e+02,-9.225514028933239352e-01,3.830258597174610036e-01,-9.521913391636174784e-03
5.314575195487593646e+02,-9.216976507881142755e-01,3.858546398095429319e-01,-6.909200829000698707e-03
5.315612793143877752e+02,-9.213361765195853259e-01,3.876585840808399741e-01,-3.738591228992379188e-03
5.316650390800161858e+02,-9.205506960498736069e-01,3.903116333387593451e-01,-1.056527604987493509e-03
5.317687988456445964e+02,-9.205330431381665290e-01,3.909523730754425608e-01,9.763645658557067652e-04
5.318725586112730070e+02,-9.195213911360415882e-01,3.919800044092976998e-01,-3.615213899912519437e-03
5.319763183769014177e+02,-9.186475463344299097e-01,3.932909301874826236e-01,-6.123219181817110036e-03
5.320800781425298283e+02,-9.183951467790139045e-01,3.956869218962556500e-01,7.724200451420920035e-05
5.321838379081582389e+02,-9.185574182353789530e-01,3.977952921202155823e-01,8.628779627351014503e-03
5.322875976737866495e+02,-9.185289517143329086e-01,3.999409133079906975e-01,1.581496752116113430e-02
5.323913574394150601e+02,-9.178625314581252415e-01,4.015339658040780191e-01,1.604422763481469852e-02
5.324951172050434707e+02,-9.178038813038273958e-01,4.029396121021565635e-01,2.046904190708715571e-02
5.325988769706718813e+02,-9.172367861378674103e-01,4.038131055589439522e-01,1.901664944181106001e-02
5.327026367363004056e+02,-9.164799683862054902e-01,4.056056740013014306e-01,1.928969595668348844e-02
5.328063965019288162e+02,-9.159397633030242902e-01,4.074698970976696200e-01,2.156281179242292706e-02
5.329101562675572268e+02,-9.148941377894737048e-01,4.085027103612361987e-01,1.692940736807384272e-02
5.330139160331856374e+02,-9.144181324091567031e-01,4.107784892590400361e-01,2.122625000963009739e-02
5.331176757988140480e+02,-9.153463918464573856e-01,4.114029339321119139e-01,3.077508161197001560e-02
5.332214355644424586e+02,-9.147141447709323803e-01,4.145775691806194430e-01,3.708856654015835891e-02
5.333251953300708692e+02,-9.134769477066088106e-01,4.162211277067581205e-01,3.322708405664127201e-02
5.334289550956992798e+02,-9.142936117314141020e-01,4.180215636537567558e-01,4.611452734632362493e-02
5.335327148613276904e+02,-9.130602738839965760e-01,4.208417142881491491e-01,4.659567029974754498e-02
5.336364746269561010e+02,-9.125135410990889984e-01,4.226796954102587933e-01,4.896792765709065409e-02
5.337402343925845116e+02,-9.125736107021651389e-01,4.235004471282929339e-01,5.241971839268141919e-02
5.338439941582129222e+02,-9.118093851579263109e-01,4.245252103548757816e-01,5.016552165375025296e-02
5.339477539238413328e+02,-9.122536744811796661e-01,4.268761215737149062e-01,6.222079852463210242e-02
5.340515136894697434e+02,-9.128291547415284812e-01,4.291349699053433886e-01,7.497661644242897827e-02
5.341552734550981540e+02,-9.120055687980876957e-01,4.307878959425062160e-01,7.462862812525739020e-02
5.342590332207266783e+02,-9.104323038714593475e-01,4.324816240801485634e-01,6.862645847697938783e-02
5.343627929863550889e+02,-9.113305939595282013e-01,4.353290578485212170e-01,8.615005685571458516e-02
5.344665527519834995e+02,-9.117260686244711421e-01,4.371520089456099600e-01,9.598030891841075052e-02
5.345703125176119102e+02,-9.106170817166618914e-01,4.373390179159366564e-01,8.808279283165335038e-02
5.346740722832403208e+02,-9.107071439104712507e-01,4.390107613261698960e-01,9.501015474275326111e-02
5.347778320488687314e+02,-9.103330224213581623e-01,4.426601263512007223e-01,1.057732419190156592e-01
5.348815918144971420e+02,-9.111768473338256458e-01,4.430607454443166171e-01,1.137844523093854837e-01
5.349853515801256663e+02,-9.116036129738505078e-01,4.444345686099570036e-01,1.222255120083400870e-01
5.350891113457540769e+02,-9.103448024185749610e-01,4.477685097604757192e-01,1.251003035535857011e-01
5.351928711113824875e+02,-9.094993741675052590e-01,4.487162819977473793e-01,1.221924941313868029e-01
5.352966308770108981e+02,-9.102014206919667449e-01,4.511977309384220258e-01,1.369906278836098834e-01
5.354003906426393087e+02,-9.109983941027888221e-01,4.528960541940712514e-01,1.495415886332453759e-01
5.355041504082677193e+02,-9.101459575451021911e-01,4.551989828613834388e-01,1.518020629428410151e-01
5.356079101738961299e+02,-9.100247984818392588e-01,4.567313556036831090e-01,1.567348482253336506e-01
5.357116699395245405e+02,-9.104107048386951284e-01,4.587150996214561793e-01,1.672721840165097285e-01
5.358154297051529511e+02,-9.107808085281534627e-01,4.615820646092468338e-01,1.810925770286553604e-01
5.359191894707813617e+02,-9.101358657355863579e-01,4.631497561407890706e-01,1.822392385120256142e-01
5.360229492364097723e+02,-9.095109486024610668e-01,4.647047072824349034e-01,1.835118820706041209e-01
5.361267090020381829e+02,-9.088920170837032630e-01,4.660012983591015345e-01,1.838502508169793659e-01
5.362304687676665935e+02,-9.097792657811414330e-01,4.683186951189565739e-01,1.995527317613871587e-01
5.363342285332950041e+02,-9.096332812662902834e-01,4.710225463966833392e-01,2.089758089383882966e-01
5.364379882989234147e+02,-9.110044167181102770e-01,4.722306843761314710e-01,2.239985716542567118e-01
5.365417480645518253e+02,-9.107372921031827717e-01,4.744074478452933175e-01,2.304857815948184174e-01
5.366455078301803496e+02,-9.102549909895653046e-01,4.767733392790323155e-01,2.361331569385939633e-01
5.367492675958087602e+02,-9.101403478742078335e-01,4.784700688198773033e-01,2.419373832016540049e-01
5.368530273614371708e+02,-9.102783362458944927e-01,4.806800970536088680e-01,2.516654302291381762e-01
5.369567871270655814e+02,-9.106335972988299776e-01,4.832897397643215465e-01,2.646074848745428865e-01
5.370605468926939920e+02,-9.116786045557729867e-01,4.860626790912969675e-01,2.833322256717504262e-01
5.371643066583224027e+02,-9.109045060751058687e-01,4.878967041481901412e-01,2.848593598875894806e-01
5.372680664239508133e+02,-9.101483203912301700e-01,4.884319577915379185e-01,2.813826430105351162e-01
5.373718261895792239e+02,-9.103368186349721780e-01,4.914935276938564579e-01,2.949700871076590958e-01
5.374755859552076345e+02,-9.111578927632381086e-01,4.939709093029195919e-01,3.109160248496121715e-01
5.375793457208360451e+02,-9.121061031555165455e-01,4.965346845333525883e-01,3.281380162892952868e-01
5.376831054864644557e+02,-9.122521082329907438e-01,4.977165539451227083e-01,3.339386737652058068e-01
5.377868652520928663e+02,-9.121730070868424578e-01,5.005729317057334704e-01,3.448120255188062977e-01
5.378906250177212769e+02,-9.123092476181041688e-01,5.031801202658203742e-01,3.562918633851035466e-01
5.379943847833496875e+02,-9.129418570910404762e-01,5.048951916790006544e-01,3.678134628435850706e-01
5.380981445489780981e+02,-9.124903018718086845e-01,5.066820915073403375e-01,3.717353455231048875e-01
5.382019043146066224e+02,-9.129186653300788157e-01,5.096012839452830345e-01,3.866543989761928035e-01
5.383056640802350330e+02,-9.121472047665799554e-01,5.108904009702311955e-01,3.862871463254566873e-01
5.384094238458634436e+02,-9.133591273527983390e-01,5.138779537515957285e-01,4.071918317956372269e-01
5.385131836114918542e+02,-9.135578973463235330e-01,5.160785213064076338e-01,4.175776225725505442e-01
5.386169433771202648e+02,-9.139887719024381019e-01,5.179466348960656275e-01,4.282908203454113827e-01
5.387207031427486754e+02,-9.143835936715779544e-01,5.200014461922523035e-01,4.395097098399673996e-01
5.388244629083770860e+02,-9.147047904155710674e-01,5.215101006828327668e-01,4.479745366182185662e-01
5.389282226740054966e+02,-9.146233683578395279e-01,5.250672395449458296e-01,4.619519544266244004e-01
5.390319824396339072e+02,-9.151456520019005669e-01,5.267700130536642211e-01,4.726638045892103679e-01
5.391357422052623178e+02,-9.158612951630561438e-01,5.297504379125369534e-01,4.899982735071584106e-01
5.392395019708907284e+02,-9.157901794180230981e-01,5.323960923473814999e-01,5.003823943130842888e-01
5.393432617365191390e+02,-9.161381968684817467e-01,5.343965319678550818e-01,5.110961170100485340e-01
5.394470215021475497e+02,-9.156733174818800780e-01,5.360376783408207224e-01,5.145893626519125741e-01
5.395507812677759603e+02,-9.168258310166987890e-01,5.385474350054904047e-01,5.331011205928194441e-01
5.396545410334043709e+02,-9.170857461353001394e-01,5.417320191265415641e-01,5.481209746041240116e-01
5.397583007990327815e+02,-9.172259553024066925e-01,5.429639873234607395e-01,5.542166102586996157e-01
5.398620605646613058e+02,-9.176176264225959223e-01,5.456921679061429442e-01,5.682943390824666263e-01
5.399658203302897164e+02,-9.182449331014059801e-01,5.484297439312545430e-01,5.840664067014829097e-01
5.400695800959181270e+02,-9.201993717298384556e-01,5.500557488959111341e-01,6.044406672935930258e-01
5.401733398615465376e+02,-9.194026473009000444e-01,5.541108737897737502e-01,6.158067065128287609e-01
5.402770996271749482e+02,-9.191981007259180103e-01,5.557664719298387457e-01,6.213110664211090040e-01
5.403808593928033588e+02,-9.190139892840711866e-01,5.575114960165108435e-01,6.273453605952072909e-01
5.404846191584317694e+02,-9.201813011006377829e-01,5.594946585801934269e-01,6.437108415002232853e-01
5.405883789240601800e+02,-9.205878379525016530e-01,5.630510555258212424e-01,6.614264742025959265e-01
5.406921386896885906e+02,-9.216673174040906913e-01,5.645843162097708978e-01,6.752690263024891948e-01
5.407958984553170012e+02,-9.215806461358108104e-01,5.675190978363497951e-01,6.870107238639472369e-01
5.408996582209454118e+02,-9.215534266927570828e-01,5.712584099522785008e-01,7.025842819230267988e-01
5.410034179865738224e+02,-9.221608829733178858e-01,5.737559266425490412e-01,7.172613292514775640e-01
5.411071777522022330e+02,-9.222074635871554404e-01,5.756434374980342605e-01,7.255573511296886657e-01
5.412109375178306436e+02,-9.230776724861662341e-01,5.773834031736290173e-01,7.388103689411003039e-01
5.413146972834590542e+02,-9.230349027056861111e-01,5.800027880804016212e-01,7.496142466198065790e-01
5.414184570490875785e+02,-9.226621360462506916e-01,5.829438505139804549e-01,7.595878021086168719e-01
5.415222168147159891e+02,-9.253104210072964353e-01,5.861273607978751965e-01,7.908882497183116200e-01
5.416259765803443997e+02,-9.251247145330916410e-01,5.885719094563445219e-01,8.000296042618970649e-01
5.417297363459728103e+02,-9.258568825602807584e-01,5.906236188061926295e-01,8.136431412471688551e-01
5.418334961116012209e+02,-9.268302166653956675e-01,5.933400829743838978e-01,8.316806439548535268e-01
5.419372558772296316e+02,-9.264690060990051768e-01,5.959201565696596870e-01,8.402748792666724365e-01
5.420410156428580422e+02,-9.270224554080697121e-01,5.977462407280506040e-01,8.517322833219270750e-01
5.421447754084864528e+02,-9.268424856863924921e-01,6.007251340453357846e-01,8.632696542342354062e-01
5.422485351741148634e+02,-9.276905996380732100e-01,6.032332987399900981e-01,8.795888215948026723e-01
5.423522949397432740e+02,-9.270831934498516835e-01,6.058049426371222568e-01,8.866148905535042868e-01
5.424560547053716846e+02,-9.265668392751980065e-01,6.087752956107355118e-01,8.959904427894462842e-01
5.425598144710000952e+02,-9.268880585304620778e-01,6.107513095636351030e-01,9.065957560954812644e-01
5.426635742366285058e+02,-9.271873377472342748e-01,6.141812163943843883e-01,9.233280790597285792e-01
5.427673340022569164e+02,-9.294839848321494458e-01,6.172237550309950249e-01,9.513643513955372111e-01
5.428710937678853270e+02,-9.294216221629219010e-01,6.199038723165528619e-01,9.625124919982395166e-01
5.429748535335137376e+02,-9.302547984607966169e-01,6.237830609697703199e-01,9.846349850777411650e-01
5.430786132991422619e+02,-9.309428019739094395e-01,6.242516030080863532e-01,9.910876511577588754e-01
5.431823730647706725e+02,-9.303841220274847723e-01,6.268481111659820471e-01,9.987156753046916302e-01
5.432861328303990831e+02,-9.306713462484544896e-01,6.296095392381878542e-01,1.012511064523394122e+00
5.433898925960274937e+02,-9.306170111656254518e-01,6.326362640551776995e-01,1.025286034312451688e+00
5.434936523616559043e+02,-9.319623414235077563e-01,6.347511183301218773e-01,1.043036541855273835e+00
5.435974121272843149e+02,-9.321055560897513192e-01,6.381044301100027294e-01,1.058500043660580703e+00
5.437011718929127255e+02,-9.325354335843126785e-01,6.416081169355352110e-01,1.076451692682191208e+00
5.438049316585411361e+02,-9.335291269074820208e-01,6.440614723270450259e-01,1.093395047438885159e+00
5.439086914241695467e+02,-9.334778534417348395e-01,6.457093139130338777e-01,1.100242278732252110e+00
5.440124511897979573e+02,-9.349629885613105484e-01,6.495819065359127453e-01,1.126426800662003735e+00
5.441162109554263679e+02,-9.342597979876696712e-01,6.515491356812932455e-01,1.130597158080471232e+00
5.442199707210547786e+02,-9.354747331892623308e-01,6.541051877952175353e-01,1.149332742784061168e+00
5.443237304866831892e+02,-9.353841599690272401e-01,6.574406266745081995e-01,1.163326383397116581e+00
5.444274902523115998e+02,-9.357558686918154844e-01,6.601348918096162643e-01,1.177408492889976621e+00
5.445312500179400104e+02,-9.370000080712579393e-01,6.637365197307841802e-01,1.200851350748648239e+00
5.446350097835685347e+02,-9.369302893581091807e-01,6.663006567787241874e-01,1.211640824861388133e+00
5.447387695491969453e+02,-9.363512165736687098e-01,6.681790614102437464e-01,1.216310255175296007e+00
5.448425293148253559e+02,-9.376177848596716213e-01,6.707512251973000161e-01,1.235361948725728798e+00
5.449462890804537665e+02,-9.394490748544030989e-01,6.725447527777547174e-01,1.254425544245330482e+00
5.450500488460821771e+02,-9.389163441655418163e-01,6.769821510882713111e-01,1.270622529987137650e+00
5.451538086117105877e+02,-9.384441130971212797e-01,6.796823082032125152e-01,1.279613261569851890e+00
5.452575683773389983e+02,-9.388015299331602392e-01,6.832058893799435317e-01,1.297281006646634705e+00
5.453613281429674089e+02,-9.396395547244283941e-01,6.849973314296451399e-01,1.310228929633056261e+00
5.454650879085958195e+02,-9.395281590884831946e-01,6.875665275528709541e-01,1.320869916050539938e+00
5.455688476742242301e+02,-9.403695615081307801e-01,6.912078238638786898e-01,1.341972491844820592e+00
5.456726074398526407e+02,-9.401165225599209530e-01,6.935907090154025401e-01,1.350967442772271099e+00
5.457763672054810513e+02,-9.404227978552525125e-01,6.981461509040467472e-01,1.372917757466489697e+00
5.458801269711094619e+02,-9.419900324462752161e-01,7.008810881163385353e-01,1.394318226689583273e+00
5.459838867367378725e+02,-9.420610672024859467e-01,7.031928781824269281e-01,1.404952460155391769e+00
5.460876465023662831e+02,-9.409110776493545547e-01,7.060655634825033777e-01,1.410865814869821877e+00
5.461914062679948074e+02,-9.408375044803433118e-01,7.093924521676385764e-01,1.425186279381170706e+00
5.462951660336232180e+02,-9.426162753735521926e-01,7.120812769388031871e-01,1.447563512944668229e+00
5.463989257992516286e+02,-9.428805110641180764e-01,7.138517158430810472e-01,1.456959864384441916e+00
5.465026855648800392e+02,-9.439444046802970556e-01,7.178258782025825901e-01,1.480795302957713888e+00
5.466064453305084498e+02,-9.434749207048858111e-01,7.196072955258607795e-01,1.485963580373773851e+00
5.467102050961368604e+02,-9.438390708175085075e-01,7.252894929152043924e-01,1.513321628035759536e+00
5.468139648617652711e+02,-9.442990444050066712e-01,7.273331965475593464e-01,1.525067408280689651e+00
5.469177246273936817e+02,-9.456261974395830938e-01,7.289737795682158517e-01,1.540012438297026831e+00
5.470214843930220923e+02,-9.451107241143723581e-01,7.320614160434949502e-01,1.550772659528216524e+00
5.471252441586505029e+02,-9.458926963040051872e-01,7.351544679236555746e-01,1.569018601082888598e+00
5.472290039242789135e+02,-9.468747195462601240e-01,7.379315693724626257e-01,1.586985589201493019e+00
5.473327636899073241e+02,-9.477923994485215609e-01,7.418937987979475901e-01,1.609835087669341913e+00
5.474365234555358484e+02,-9.460681892693253436e-01,7.451237799064043266e-01,1.614442115727285465e+00
5.475402832211642590e+02,-9.460689585237594956e-01,7.468320129551512254e-01,1.622071853130075514e+00
5.476440429867926696e+02,-9.461540327153699081e-01,7.498891483755248943e-01,1.636208362781393033e+00
5.477478027524210802e+02,-9.466354642106747930e-01,7.533609090576330880e-01,1.654435753879772708e+00
5.478515625180494908e+02,-9.468814525898598955e-01,7.562472131056199309e-01,1.668722747742404255e+00
5.479553222836779014e+02,-9.473235528091189517e-01,7.599964190569258315e-01,1.687968698655109234e+00
5.480590820493063120e+02,-9.475710500760854416e-01,7.624769603165028053e-01,1.700451039496264194e+00
5.481628418149347226e+02,-9.477469988789487543e-01,7.646208191832111201e-01,1.711028948266377192e+00
5.482666015805631332e+02,-9.481142461301106383e-01,7.692439372083591520e-01,1.733776826567125617e+00
5.483703613461915438e+02,-9.482461744663673864e-01,7.723373471358120357e-01,1.748374625317046238e+00
5.484741211118199544e+02,-9.483576457606863741e-01,7.755670537984556967e-01,1.763478452632906812e+00
5.485778808774484787e+02,-9.471850073698689920e-01,7.779080899752028877e-01,1.767567928923395870e+00
5.486816406430768893e+02,-9.489307615369496629e-01,7.819008941314016248e-01,1.795054290284421539e+00
5.487854004087052999e+02,-9.500815108872247006e-01,7.842007085693285529e-01,1.811646520183636033e+00
5.488891601743337105e+02,-9.501177249789727330e-01,7.883150744028661894e-01,1.830317987070583907e+00
5.489929199399621211e+02,-9.504337764386004972e-01,7.903540508686238697e-01,1.841187751144985452e+00
5.490966797055905317e+02,-9.510229449727366502e-01,7.939762024317015277e-01,1.860639159371773488e+00
5.492004394712189423e+02,-9.510429971512738279e-01,7.962350977545150643e-01,1.870899108298747171e+00
5.493041992368473529e+02,-9.505424740005037343e-01,7.997910424130076912e-01,1.884212877355607496e+00
5.494079590024757636e+02,-9.505384255621208700e-01,8.018116611848540298e-01,1.893289289951968213e+00
5.495117187681041742e+02,-9.499364184753532614e-01,8.045420310759379134e-01,1.902384069957118840e+00
5.496154785337325848e+02,-9.505167338675845068e-01,8.095228695607212810e-01,1.927929986739173041e+00
5.497192382993609954e+02,-9.511475322924742848e-01,8.118552984083863278e-01,1.941786131669469562e+00
5.498229980649894060e+02,-9.519085599245271645e-01,8.153345282114570214e-01,1.961486224584626292e+00
5.499267578306178166e+02,-9.514249757273621766e-01,8.185870236273301570e-01,1.973616739159063327e+00
5.500305175962462272e+02,-9.504303668210006828e-01,8.214172133492820826e-01,1.981191414898447967e+00
5.501342773618746378e+02,-9.511125540879962204e-01,8.240483700724062777e-01,1.996649110511827363e+00
5.502380371275030484e+02,-9.525366376354345022e-01,8.282912792077983255e-01,2.023227657069297081e+00
5.503417968931314590e+02,-9.531427440451752942e-01,8.313478632596418283e-01,2.040169232794714738e+00
5.504455566587598696e+02,-9.525074689654795534e-01,8.355384885881250723e-01,2.055819180303092963e+00
5.505493164243882802e+02,-9.525164307508781070e-01,8.384099413040363435e-01,2.068848876596963482e+00
5.506530761900166908e+02,-9.517917133020880049e-01,8.408271948454473232e-01,2.076068595229158653e+00
5.507568359556451014e+02,-9.524124247051286574e-01,8.433735577215369927e-01,2.090773857480675346e+00
5.508605957212735120e+02,-9.540622518370792671e-01,8.471913242846208503e-01,2.116458427130581743e+00
5.509643554869019226e+02,-9.520583391489404468e-01,8.518856604311479952e-01,2.127532201044024962e+00
5.510681152525304469e+02,-9.529593928870756514e-01,8.535511962999227098e-01,2.139641069048089150e+00
5.511718750181588575e+02,-9.536240413484367018e-01,8.560759416932324228e-01,2.154431923774314583e+00
5.512756347837872681e+02,-9.515619703237495619e-01,8.590743876650401845e-01,2.157641556777375236e+00
5.513793945494156787e+02,-9.500846064436824223e-01,8.635315660736843091e-01,2.170487803474047794e+00
5.514831543150440893e+02,-9.512710669772534988e-01,8.670175791799846765e-01,2.192271275791400242e+00
5.515869140806724999e+02,-9.531521140637790879e-01,8.697841716554036706e-01,2.214203564754726461e+00
5.516906738463009106e+02,-9.530775921612719692e-01,8.722424364735479330e-01,2.224989481839631633e+00
5.517944336119293212e+02,-9.534528386785061649e-01,8.780103505020625532e-01,2.253026874240920296e+00
5.518981933775577318e+02,-9.518060147990661246e-01,8.793042893147851036e-01,2.250793350951551641e+00
5.520019531431861424e+02,-9.507001152933785004e-01,8.816741854467503581e-01,2.256142350998171953e+00
5.521057129088145530e+02,-9.515015473077548247e-01,8.868835975285596085e-01,2.283792364092306570e+00
5.522094726744429636e+02,-9.506280578185001273e-01,8.895865653011605367e-01,2.291845532286863385e+00
5.523132324400713742e+02,-9.508466850986948549e-01,8.934694921921650934e-01,2.310608840796030350e+00
5.524169922056997848e+02,-9.508677842924686541e-01,8.973204154115952402e-01,2.328267967988165044e+00
5.525207519713281954e+02,-9.514447371045385848e-01,8.998082315408749698e-01,2.342392919797512185e+00
5.526245117369567197e+02,-9.511219989218864246e-01,9.024089581133425408e-01,2.352695566372845271e+00
5.527282715025851303e+02,-9.517270604654542998e-01,9.047448502574505502e-01,2.366248274093424531e+00
5.528320312682135409e+02,-9.513553651661610377e-01,9.077752230194465755e-01,2.378283707143610926e+00
5.529357910338419515e+02,-9.511305435926888929e-01,9.117755667148497167e-01,2.395457168603281506e+00
5.530395507994703621e+02,-9.511391304554647208e-01,9.140411926072194992e-01,2.405834282261155366e+00
5.531433105650987727e+02,-9.508754164626463945e-01,9.190242444415502865e-01,2.427325998914154237e+00
5.532470703307271833e+02,-9.501089409690385290e-01,9.239852126851278991e-01,2.446371941352162072e+00
5.533508300963555939e+02,-9.496197312170072680e-01,9.263671255862383491e-01,2.454963038039197798e+00
5.534545898619840045e+02,-9.504546807907958694e-01,9.288047898588083218e-01,2.470011354392453562e+00
5.535583496276124151e+02,-9.505351195525986174e-01,9.322169988739702484e-01,2.485974034241924091e+00
5.536621093932408257e+02,-9.516964973711767861e-01,9.350833482039296873e-01,2.504461302396947531e+00
5.537658691588692363e+02,-9.511445970087056834e-01,9.377610436008730899e-01,2.514123332822907564e+00
5.538696289244977606e+02,-9.498734416751050125e-01,9.414617158471003666e-01,2.525155859661853963e+00
5.539733886901261712e+02,-9.481751362881212231e-01,9.453065057621158340e-01,2.534931988310040740e+00
5.540771484557545818e+02,-9.490107010993229508e-01,9.499428287558476791e-01,2.559987830815106946e+00
5.541809082213831061e+02,-9.502218702676272777e-01,9.527072371628680925e-01,2.578159635442419884e+00
5.542846679870115167e+02,-9.492883466305277462e-01,9.554585701496216554e-01,2.586491201568626330e+00
5.543884277526399273e+02,-9.484166751199069045e-01,9.575995105490603398e-01,2.592332533739656775e+00
5.544921875182683380e+02,-9.482583229499013111e-01,9.611039318626284356e-01,2.607663268269522661e+00
5.545959472838967486e+02,-9.477877733126552906e-01,9.661459049087788298e-01,2.628637279944849414e+00
5.546997070495251592e+02,-9.477157746859244947e-01,9.688995635971268117e-01,2.640929743213197955e+00
5.548034668151535698e+02,-9.479270111528118603e-01,9.727604032549755919e-01,2.659559805516145570e+00
5.549072265807819804e+02,-9.486894252250885895e-01,9.763838208454298506e-01,2.679543940016893444e+00
5.550109863464103910e+02,-9.486127974765488080e-01,9.791710050770824347e-01,2.691957693393672635e+00
5.551147461120388016e+02,-9.470281928771205893e-01,9.839934429831584950e-01,2.707034013669042949e+00
5.552185058776672122e+02,-9.451199441297325476e-01,9.871349309012718010e-01,2.713041146382970226e+00
5.553222656432956228e+02,-9.458104101747449866e-01,9.904521944328896765e-01,2.731293136474786110e+00
5.554260254089240334e+02,-9.455143244109244227e-01,9.923224029081706421e-01,2.738576871078157282e+00
5.555297851745524440e+02,-9.457761265751654101e-01,9.969738152734951564e-01,2.761053227188400960e+00
5.556335449401808546e+02,-9.436349952283308307e-01,1.001044795479703486e+00,2.770445365188173970e+00
5.557373047058093789e+02,-9.432610627604446352e-01,1.003620642210250491e+00,2.780663753002087901e+00
5.558410644714377895e+02,-9.444850793592224347e-01,1.007270627868950719e+00,2.802701083208729127e+00
5.559448242370662001e+02,-9.431300517018007534e-01,1.010422652475378102e+00,2.811352737594296158e+00
5.560485840026946107e+02,-9.421346093141709233e-01,1.015786828327283509e+00,2.831746547382667956e+00
5.561523437683230213e+02,-9.419965598400721341e-01,1.017811364539868091e+00,2.840464654004943856e+00
5.562561035339514319e+02,-9.406817003051188841e-01,1.018489824010103684e+00,2.837993824211370697e+00
5.563598632995798425e+02,-9.416498234902166420e-01,1.024703403462310369e+00,2.870671637280798993e+00
5.564636230652082531e+02,-9.424272115044560749e-01,1.027535667197915892e+00,2.886959470107453463e+00
5.565673828308366637e+02,-9.410967815823325644e-01,1.031401654732565731e+00,2.899126634367807043e+00
5.566711425964650743e+02,-9.407192102721493310e-01,1.035611552808412883e+00,2.916893287381902677e+00
5.567749023620934850e+02,-9.399424221008041425e-01,1.039322976480826055e+00,2.930716029219317065e+00
5.568786621277218956e+02,-9.400455527917750409e-01,1.042330445765131453e+00,2.944967358187853268e+00
5.569824218933503062e+02,-9.390252422590734671e-01,1.043971758185014309e+00,2.948288181166705435e+00
5.570861816589787168e+02,-9.379994505322271081e-01,1.047544299849900939e+00,2.960488510211444435e+00
5.571899414246071274e+02,-9.375301368751179920e-01,1.052580311493862109e+00,2.981734020450772515e+00
5.572937011902356517e+02,-9.373161619618333162e-01,1.055769848193339078e+00,2.995533972404447631e+00
5.573974609558640623e+02,-9.357816295973060416e-01,1.059333118305203936e+00,3.005680763545573342e+00
5.575012207214924729e+02,-9.357368356314553770e-01,1.062363954484508932e+00,3.019455210561272196e+00
5.576049804871208835e+02,-9.354243784392046734e-01,1.066419646343943040e+00,3.036861726693777630e+00
5.577087402527492941e+02,-9.360312976567736198e-01,1.069942102694368957e+00,3.055514198840926898e+00
5.578125000183777047e+02,-9.344869624942515607e-01,1.074042045652676691e+00,3.068177950138263999e+00
5.579162597840061153e+02,-9.332174693127491816e-01,1.076763771263490543e+00,3.075634369272562285e+00
5.580200195496345259e+02,-9.334812085602391951e-01,1.080148504091545281e+00,3.092271846554935699e+00
5.581237793152629365e+02,-9.327075877388451008e-01,1.084317212118069085e+00,3.108392406544706166e+00
5.582275390808913471e+02,-9.320952312296678643e-01,1.087755667211996569e+00,3.121803007501706251e+00
5.583312988465197577e+02,-9.312460964102626804e-01,1.092346994539621807e+00,3.139602355602633565e+00
5.584350586121481683e+02,-9.313089141807171512e-01,1.095054733640180800e+00,3.152314508894180634e+00
5.585388183777765789e+02,-9.317185184953276078e-01,1.098758911311200626e+00,3.170956482128577836e+00
5.586425781434049895e+02,-9.289957170586374824e-01,1.102350261032251533e+00,3.176892505901061092e+00
5.587463379090334001e+02,-9.278057548301352764e-01,1.104670501692182949e+00,3.182972138871731360e+00
5.588500976746618107e+02,-9.271611680636261399e-01,1.107375059549812413e+00,3.192950152572461953e+00
5.589538574402903350e+02,-9.287820675556610617e-01,1.112057858337832439e+00,3.220763282022334195e+00
5.590576172059187456e+02,-9.267507339356231277e-01,1.114331484227574220e+00,3.223436877255668520e+00
5.591613769715471562e+02,-9.263906571791549194e-01,1.118549428195942053e+00,3.241491564583238727e+00
5.592651367371755669e+02,-9.257194946714774053e-01,1.121851143382964544e+00,3.254143785800775568e+00
5.593688965028039775e+02,-9.252708767595649864e-01,1.126911995187980242e+00,3.275748712357659631e+00
5.594726562684323881e+02,-9.234546514963495323e-01,1.130620855677521908e+00,3.285981255348694674e+00
5.595764160340607987e+02,-9.228713228958445036e-01,1.134298295992108851e+00,3.300735312934928167e+00
5.596801757996892093e+02,-9.225309901689696668e-01,1.137885945825789946e+00,3.315989260573283914e+00
5.597839355653176199e+02,-9.221090461284204842e-01,1.142107761490465112e+00,3.333858505969735653e+00
5.598876953309460305e+02,-9.220601348102258621e-01,1.146939327226446537e+00,3.355912201734510880e+00
5.599914550965744411e+02,-9.208216183719325487e-01,1.149477481728295114e+00,3.363017848210239080e+00
5.600952148622028517e+02,-9.202785199228268320e-01,1.152446064776738277e+00,3.374681440596192239e+00
5.601989746278312623e+02,-9.198540802686601126e-01,1.156438014374443712e+00,3.391492998371461454e+00
5.603027343934596729e+02,-9.186683204604945141e-01,1.160084009151278295e+00,3.403938192994368617e+00
5.604064941590880835e+02,-9.198156432780648650e-01,1.164272428593833508e+00,3.427366620153480703e+00
5.605102539247166078e+02,-9.162500233005864692e-01,1.168095191818356415e+00,3.432038032231751856e+00
5.606140136903450184e+02,-9.155406607662174290e-01,1.171552881368422394e+00,3.445398017195466789e+00
5.607177734559734290e+02,-9.127083942268695571e-01,1.174966422981144287e+00,3.450957535423067046e+00
5.608215332216018396e+02,-9.121439340850844291e-01,1.178134843559138778e+00,3.463545915287197019e+00
5.609252929872302502e+02,-9.132753167763556501e-01,1.182859517396771976e+00,3.489331503359474063e+00
5.610290527528586608e+02,-9.124403338039580591e-01,1.185520284054105256e+00,3.498611895944998995e+00
5.611328125184870714e+02,-9.099978296141632006e-01,1.190279417504011672e+00,3.511894824055934450e+00
5.612365722841154820e+02,-9.095280414245829892e-01,1.193877504889194752e+00,3.526811405422570100e+00
5.613403320497438926e+02,-9.094190153002590371e-01,1.197175217647074241e+00,3.541605988443072839e+00
5.614440918153723032e+02,-9.087847973319603812e-01,1.201114553062866186e+00,3.557514145131770888e+00
5.615478515810007138e+02,-9.097757357000757494e-01,1.204606452416548956e+00,3.577002254671892700e+00
5.616516113466291245e+02,-9.083840040465376298e-01,1.208304559912949383e+00,3.589168811080202026e+00
5.617553711122575351e+02,-9.048886843943856340e-01,1.212842900346913000e+00,3.597997192897869567e+00
5.618591308778859457e+02,-9.032364420522553949e-01,1.217992266518137301e+00,3.616034271118019561e+00
5.619628906435143563e+02,-9.033417060280544142e-01,1.219682847072493193e+00,3.624169647238455028e+00
5.620666504091427669e+02,-9.024386610953000210e-01,1.223293132800608030e+00,3.637701820003030662e+00
5.621704101747712912e+02,-9.027119645233173673e-01,1.226802889087106996e+00,3.654756708889570493e+00
5.622741699403997018e+02,-9.010818661488814163e-01,1.231428935028466176e+00,3.670512025214805352e+00
5.623779297060281124e+02,-8.994699130274269594e-01,1.235901323780975503e+00,3.685654520073834206e+00
5.624816894716565230e+02,-8.995389528321137140e-01,1.239583252600605423e+00,3.702793121948319666e+00
5.625854492372849336e+02,-8.976489705617975989e-01,1.243096619447212614e+00,3.712642445702410310e+00
5.626892090029133442e+02,-8.963851246665245354e-01,1.247719402818400880e+00,3.729690463605135342e+00
5.627929687685417548e+02,-8.951718095181976365e-01,1.249403544706303437e+00,3.733427320033316121e+00
5.628967285341701654e+02,-8.944458960611243459e-01,1.253548136123315615e+00,3.750078172615387118e+00
5.630004882997985760e+02,-8.941547486752473572e-01,1.255175147571910621e+00,3.756594750069833566e+00
5.631042480654269866e+02,-8.916365628275543243e-01,1.257940485992491197e+00,3.761077434579546797e+00
5.632080078310553972e+02,-8.914580532979695660e-01,1.264371894163448529e+00,3.790032646846598574e+00
5.633117675966838078e+02,-8.894857972562223436e-01,1.269488671029098237e+00,3.807151776764166495e+00
5.634155273623122184e+02,-8.895231103762722968e-01,1.272053562265313298e+00,3.819037921311915440e+00
5.635192871279406290e+02,-8.878467273752949085e-01,1.276034573680849826e+00,3.831932773677321880e+00
5.636230468935690396e+02,-8.874567179874145451e-01,1.279958807437454826e+00,3.848682353733598127e+00
5.637268066591975639e+02,-8.874535655402824297e-01,1.285248198182542101e+00,3.872895642788012793e+00
5.638305664248259745e+02,-8.844374780339264719e-01,1.287655180094178009e+00,3.874406421163488101e+00
5.639343261904543851e+02,-8.827503270255274703e-01,1.291787368704282901e+00,3.888048042360670475e+00
5.640380859560827957e+02,-8.809399808835506329e-01,1.295749228129923658e+00,3.900552665996167789e+00
5.641418457217112064e+02,-8.790669012436896912e-01,1.298508868428194907e+00,3.907380230289791978e+00
5.642456054873396170e+02,-8.791896142914812362e-01,1.302968237909233107e+00,3.928201219061702165e+00
5.643493652529680276e+02,-8.780152303908990152e-01,1.307202766850912745e+00,3.943973588279244158e+00
5.644531250185964382e+02,-8.774002687174897730e-01,1.310367042770064661e+00,3.956571031022215301e+00
5.645568847842248488e+02,-8.753253480506679729e-01,1.314606499521643768e+00,3.969634363420931678e+00
5.646606445498532594e+02,-8.745584680605753558e-01,1.319267708575949882e+00,3.988631708907252715e+00
5.647644043154816700e+02,-8.731051723851460666e-01,1.322231162030780061e+00,3.997788889682611480e+00
5.648681640811100806e+02,-8.703588428138517852e-01,1.327586497009745958e+00,4.014023369486094062e+00
5.649719238467384912e+02,-8.700273734923448243e-01,1.331077133609757324e+00,4.028997071985093825e+00
5.650756836123669018e+02,-8.705963543838434182e-01,1.335422685333983894e+00,4.050545284187133888e+00
5.651794433779953124e+02,-8.679234904256981631e-01,1.339028523557508565e+00,4.059076209135829671e+00
5.652832031436237230e+02,-8.658238818695219718e-01,1.342632490686546554e+00,4.069339324331922469e+00
5.653869629092522473e+02,-8.653072217570531022e-01,1.346643992585482064e+00,4.086141507770979509e+00
5.654907226748806579e+02,-8.639261899773651443e-01,1.349997759002260045e+00,4.097408439602644670e+00
5.655944824405090685e+02,-8.631545288330830790e-01,1.356414225784889904e+00,4.124429556365964089e+00
5.656982422061374791e+02,-8.622974085974212111e-01,1.357907714725354431e+00,4.128753537833719456e+00
5.658020019717658897e+02,-8.587662839085489219e-01,1.362183699697005812e+00,4.138065300971539351e+00
5.659057617373943003e+02,-8.570427356346568271e-01,1.367250633153464623e+00,4.156237252809101612e+00
5.660095215030227109e+02,-8.576678633184880995e-01,1.369472766927905427e+00,4.168151589552516079e+00
5.661132812686511215e+02,-8.553550502919643472e-01,1.372179408196011474e+00,4.173900731038584055e+00
5.662170410342795321e+02,-8.547331206137376292e-01,1.377837446640266528e+00,4.197913686019382418e+00
5.663208007999079427e+02,-8.527154702445914891e-01,1.381704796223150344e+00,4.209835972956145866e+00
5.664245605655363534e+02,-8.491461034373422034e-01,1.387158873409411131e+00,4.224681752300194049e+00
5.665283203311647640e+02,-8.492921016119484579e-01,1.389971111826985295e+00,4.237891012181600026e+00
5.666320800967931746e+02,-8.494303209129444587e-01,1.392144855002890091e+00,4.248161883210054057e+00
5.667358398624215852e+02,-8.471619986325046314e-01,1.397990629026423681e+00,4.268464091057981413e+00
5.668395996280499958e+02,-8.449089438451126144e-01,1.402573233722431034e+00,4.283102264196431364e+00
5.669433593936785201e+02,-8.437226260392354238e-01,1.405848050680942540e+00,4.294739535848870027e+00
5.670471191593069307e+02,-8.418978592070200939e-01,1.409061828594950549e+00,4.304374469810604786e+00
5.671508789249353413e+02,-8.394807738509847406e-01,1.414936594942434622e+00,4.324519219753247157e+00
5.672546386905637519e+02,-8.383167033878136110e-01,1.417367840310260751e+00,4.332426805105316525e+00
5.673583984561921625e+02,-8.373980784935870503e-01,1.423143630603806775e+00,4.356171831676425299e+00
5.674621582218205731e+02,-8.349142400513648310e-01,1.425058847643210669e+00,4.358243872602377778e+00
5.675659179874489837e+02,-8.325923996714914566e-01,1.427455080719818525e+00,4.362959552177319900e+00
5.676696777530773943e+02,-8.307959957913683136e-01,1.431147747186752417e+00,4.374978156339484947e+00
5.677734375187058049e+02,-8.298069224938056099e-01,1.435349470823608753e+00,4.391443479632141766e+00
5.678771972843342155e+02,-8.289625117919744435e-01,1.440376114512193384e+00,4.412020057115900507e+00
5.679809570499626261e+02,-8.286494125224922458e-01,1.445021033905002694e+00,4.432231772318678154e+00
5.680847168155910367e+02,-8.269845553800266869e-01,1.448280740802584399e+00,4.442666604395873797e+00
5.681884765812194473e+02,-8.235853960294553522e-01,1.452606374535060585e+00,4.453485611392268950e+00
5.682922363468478579e+02,-8.210114447447418584e-01,1.456182537824687095e+00,4.463083684267536988e+00
5.683959961124762685e+02,-8.201065019281956747e-01,1.458539655061475981e+00,4.471444749218087544e+00
5.684997558781047928e+02,-8.182171426493610733e-01,1.463846738607250675e+00,4.490657494424203477e+00
5.686035156437332034e+02,-8.183578902214528883e-01,1.467327960202135628e+00,4.506741052899818634e+00
5.687072754093616140e+02,-8.156969328179056733e-01,1.471602223464679948e+00,4.519359713306188908e+00
5.688110351749900246e+02,-8.127231452790479871e-01,1.475506691657263447e+00,4.529571302893826257e+00
5.689147949406184352e+02,-8.108493131998394388e-01,1.478493033189860917e+00,4.538407477455850270e+00
5.690185547062468459e+02,-8.090245515743902383e-01,1.484242596186315710e+00,4.559857541442468687e+00
5.691223144718752565e+02,-8.077066124075519271e-01,1.488554867516414859e+00,4.576072458079667449e+00
5.692260742375036671e+02,-8.055492346203038112e-01,1.491934402925764847e+00,4.586042872686774352e+00
5.693298340031320777e+02,-8.041642103343855652e-01,1.495224811739956028e+00,4.597508311000552794e+00
5.694335937687604883e+02,-8.029379568111505439e-01,1.499003528843333877e+00,4.611563801823593600e+00
5.695373535343888989e+02,-8.009354259227690065e-01,1.500979556789410196e+00,4.615641291673528990e+00
5.696411133000173095e+02,-7.985928113349752833e-01,1.504754555040808350e+00,4.627029077183958172e+00
5.697448730656457201e+02,-7.968611573974502260e-01,1.509687394741666466e+00,4.645109686241696068e+00
5.698486328312741307e+02,-7.946244773419433027e-01,1.513879342035187481e+00,4.658672541755078278e+00
5.699523925969025413e+02,-7.935298209419228144e-01,1.518108540476758250e+00,4.675108952188137934e+00
5.700561523625309519e+02,-7.917971831142565087e-01,1.522120524610086401e+00,4.689073671979412161e+00
5.701599121281594762e+02,-7.897626821014894771e-01,1.526173639646733138e+00,4.702533097389110850e+00
5.702636718937878868e+02,-7.874142504569933143e-01,1.529794723471185502e+00,4.713347125616781597e+00
5.703674316594162974e+02,-7.845332783880216709e-01,1.534045767180296282e+00,4.725793147377927994e+00
5.704711914250447080e+02,-7.826564992837152790e-01,1.536734498341847166e+00,4.733561677701084491e+00
5.705749511906731186e+02,-7.819590543453206477e-01,1.541286108027918322e+00,4.752385418796664318e+00
5.706787109563015292e+02,-7.813021142991209977e-01,1.545306521983174530e+00,4.768903282797337440e+00
5.707824707219299398e+02,-7.793695646810172573e-01,1.549260530573329575e+00,4.782237019895897667e+00
5.708862304875583504e+02,-7.753433256356113690e-01,1.553177160033289095e+00,4.790735828038931388e+00
5.709899902531867610e+02,-7.719636895816900379e-01,1.556797556779311309e+00,4.799417321715401030e+00
5.710937500188151716e+02,-7.709889343219837876e-01,1.560309483178657919e+00,4.812977850787053313e+00
5.711975097844435822e+02,-7.697112620218922174e-01,1.562749641409925117e+00,4.821074454397159315e+00
5.713012695500719929e+02,-7.679154080550935069e-01,1.567740581319519100e+00,4.839443704336394703e+00
5.714050293157004035e+02,-7.661104793606796637e-01,1.571873517912018459e+00,4.853965240818148175e+00
5.715087890813288141e+02,-7.643800911376567031e-01,1.575297638662046751e+00,4.865494258265236738e+00
5.716125488469572247e+02,-7.601189800757672810e-01,1.579543890552875363e+00,4.875257809032086165e+00
5.717163086125857490e+02,-7.583911098874056567e-01,1.584373715334219890e+00,4.893110733786562250e+00
5.718200683782141596e+02,-7.566136166242403149e-01,1.586667301927605633e+00,4.899552878219536112e+00
5.719238281438425702e+02,-7.549622931575480367e-01,1.590604360425238450e+00,4.913603342793610551e+00
5.720275879094709808e+02,-7.513789473691017129e-01,1.594262862072590048e+00,4.922356225547022568e+00
5.721313476750993914e+02,-7.489235875160183964e-01,1.598780055413818069e+00,4.937346016127711401e+00
5.722351074407278020e+02,-7.463342645746392501e-01,1.601925231526760474e+00,4.945969150327893971e+00
5.723388672063562126e+02,-7.431613921131632328e-01,1.604929512551307003e+00,4.952789059882927170e+00
5.724426269719846232e+02,-7.418956701235821516e-01,1.610245511893524828e+00,4.973858040645619205e+00
5.725463867376130338e+02,-7.387126408653995613e-01,1.612167745599944579e+00,4.975904353295269367e+00
5.726501465032414444e+02,-7.384253574615197158e-01,1.617115723730266241e+00,4.997331583346174888e+00
5.727539062688698550e+02,-7.375018582125943967e-01,1.622562068871530983e+00,5.019648090135016005e+00
5.728576660344982656e+02,-7.335762903824473158e-01,1.625539219839564398e+00,5.024970288105102156e+00
5.729614258001266762e+02,-7.314248058501346961e-01,1.628156805748384617e+00,5.032289815173233372e+00
5.730651855657550868e+02,-7.301975529763965467e-01,1.631022669859909735e+00,5.042565054570254723e+00
5.731689453313834974e+02,-7.276120299500680177e-01,1.635990871453155915e+00,5.059479933528532314e+00
5.732727050970119080e+02,-7.248405065271453784e-01,1.637313243455110312e+00,5.059890408193288280e+00
5.733764648626404323e+02,-7.206196819102821394e-01,1.642148092078903554e+00,5.073083537354010630e+00
5.734802246282688429e+02,-7.186169483103480582e-01,1.645670597516067701e+00,5.084815108105171788e+00
5.735839843938972535e+02,-7.167175716168069366e-01,1.648234332690235782e+00,5.092509902417125645e+00
5.736877441595256641e+02,-7.133066931777793940e-01,1.652214392890480443e+00,5.103598377815111498e+00
5.737915039251540748e+02,-7.111015821681430094e-01,1.657144913493553640e+00,5.121231221497051678e+00
5.738952636907824854e+02,-7.080818428446158386e-01,1.660513120111166030e+00,5.130422106970520701e+00
5.739990234564108960e+02,-7.055397631525701652e-01,1.663453025342450653e+00,5.138648723515566452e+00
5.741027832220393066e+02,-7.053369687647907949e-01,1.667124196243338963e+00,5.154503756695615557e+00
5.742065429876677172e+02,-7.017556438983514333e-01,1.669800818723332192e+00,5.159659570641968784e+00
5.743103027532961278e+02,-6.968990193303590264e-01,1.673575295943090735e+00,5.167366117625292077e+00
5.744140625189245384e+02,-6.944277253473942757e-01,1.677724962707568990e+00,5.181177505888481249e+00
5.745178222845529490e+02,-6.934029800574038616e-01,1.679597905148183745e+00,5.187582362537427549e+00
5.746215820501813596e+02,-6.904300904974796094e-01,1.682740967041629565e+00,5.196063121445363642e+00
5.747253418158097702e+02,-6.873691475265070183e-01,1.686482728045350266e+00,5.207062348957843589e+00
5.748291015814381808e+02,-6.846418299328388413e-01,1.691084949712343466e+00,5.222489191140175180e+00
5.749328613470667051e+02,-6.799036104629478938e-01,1.695289131723383580e+00,5.232617317544315583e+00
5.750366211126951157e+02,-6.752312336755561528e-01,1.697928143490587072e+00,5.236030478577131220e+00
5.751403808783235263e+02,-6.754651049888915626e-01,1.699957438399192444e+00,5.245400062451590628e+00
5.752441406439519369e+02,-6.741468559226192481e-01,1.702804574922233583e+00,5.255653117950366493e+00
5.753479004095803475e+02,-6.723812239121702561e-01,1.705848112345474732e+00,5.265995553887441005e+00
5.754516601752087581e+02,-6.681047238940637234e-01,1.711243772890716830e+00,5.282376388042173687e+00
5.755554199408371687e+02,-6.657064150212003151e-01,1.715308117418933298e+00,5.296160151830849649e+00
5.756591797064655793e+02,-6.631627838366408456e-01,1.715832167304846889e+00,5.294130161514988053e+00
5.757629394720939899e+02,-6.593256203009771887e-01,1.719108511941823458e+00,5.302053797903094612e+00
5.758666992377224005e+02,-6.564829301844732345e-01,1.723352145361698895e+00,5.315954525746557024e+00
5.759704590033508111e+02,-6.549418815100837010e-01,1.725953473802513072e+00,5.324822881229796856e+00
5.760742187689792217e+02,-6.536325417136691351e-01,1.730121084969002743e+00,5.340965104361517390e+00
5.761779785346076324e+02,-6.513303429382538701e-01,1.735268503645479576e+00,5.359757937201630185e+00
5.762817383002360430e+02,-6.476964701704379657e-01,1.737908426624676927e+00,5.365377899644237836e+00
5.763854980658644536e+02,-6.440883040867879661e-01,1.741798945675250510e+00,5.376570932389136637e+00
5.764892578314928642e+02,-6.399284541696936834e-01,1.741760623338221681e+00,5.369671050974432980e+00
5.765930175971213885e+02,-6.388436552189606932e-01,1.744973973539888590e+00,5.382035441286924460e+00
5.766967773627497991e+02,-6.348209366527237663e-01,1.748601393729255493e+00,5.391519626296533474e+00
5.768005371283782097e+02,-6.314026655384187281e-01,1.750338554599175200e+00,5.393715170831504757e+00
5.769042968940066203e+02,-6.289613700412719499e-01,1.754257160891618650e+00,5.407061077685732187e+00
5.770080566596350309e+02,-6.252912376142056861e-01,1.756577724032735155e+00,5.411490335226182502e+00
5.771118164252634415e+02,-6.221449748371474797e-01,1.758997368873806755e+00,5.417210046550352764e+00
5.772155761908918521e+02,-6.214692674900212932e-01,1.761711682729704798e+00,5.428070223762448521e+00
5.773193359565202627e+02,-6.164251176214323724e-01,1.767108922762262946e+00,5.443972228040322214e+00
5.774230957221486733e+02,-6.137792884437180962e-01,1.769653832070319455e+00,5.451090652353643762e+00
5.775268554877770839e+02,-6.100553881180548199e-01,1.773243114536676046e+00,5.461178736995037752e+00
5.776306152534054945e+02,-6.074446600527337869e-01,1.775335331299046748e+00,5.466419172441865371e+00
5.777343750190339051e+02,-6.055935029576775541e-01,1.777329776184207066e+00,5.472385344082568714e+00
5.778381347846623157e+02,-6.014650453745419290e-01,1.781536480109843668e+00,5.484671088336671829e+00
5.779418945502907263e+02,-5.970815128504416425e-01,1.783544185321081610e+00,5.487008919996421596e+00
5.780456543159191369e+02,-5.957025421270477628e-01,1.786749235537284708e+00,5.499021242632178286e+00
5.781494140815476612e+02,-5.922713313119236656e-01,1.788495739889120362e+00,5.501674670007422385e+00
5.782531738471760718e+02,-5.891392233443744075e-01,1.791492972810756479e+00,5.510267323652140448e+00
5.783569336128044824e+02,-5.870899539539581324e-01,1.794203946233326796e+00,5.519184922409058558e+00
5.784606933784328930e+02,-5.820398949831652180e-01,1.796342745957793641e+00,5.521347769920375903e+00
5.785644531440613036e+02,-5.778349529412126762e-01,1.799463190220186304e+00,5.529067091585022631e+00
5.786682129096897143e+02,-5.752235187870523569e-01,1.800868908021081793e+00,5.531558751648137928e+00
5.787719726753181249e+02,-5.718189151409336368e-01,1.802635891603735052e+00,5.534549543288163953e+00
5.788757324409465355e+02,-5.687130268767753849e-01,1.805162033172926339e+00,5.541309735387430990e+00
5.789794922065749461e+02,-5.655515141018216951e-01,1.808118340614806918e+00,5.549904532991265071e+00
5.790832519722033567e+02,-5.626012255271801710e-01,1.810047154993636775e+00,5.554319350743810446e+00
5.791870117378317673e+02,-5.623118952046194385e-01,1.812724847426197661e+00,5.565637275225434166e+00
5.792907715034601779e+02,-5.553171685394522328e-01,1.814875103065434647e+00,5.565616486710914579e+00
5.793945312690885885e+02,-5.513140729196929213e-01,1.817355360749507875e+00,5.571133569940611707e+00
5.794982910347169991e+02,-5.467155399311129926e-01,1.821285505151932771e+00,5.582258723429534442e+00
5.796020508003456371e+02,-5.449042495924807383e-01,1.821842206306132139e+00,5.582319847692653880e+00
5.797058105659740477e+02,-5.435066429072186178e-01,1.825644104325696349e+00,5.597122696533668673e+00
5.798095703316024583e+02,-5.412231702583936155e-01,1.827978774251011629e+00,5.604361794998219182e+00
5.799133300972308689e+02,-5.351174326651689794e-01,1.830569477250242105e+00,5.607833347582291239e+00
5.800170898628592795e+02,-5.298459963058550493e-01,1.831461163497398070e+00,5.605028349099261398e+00
5.801208496284876901e+02,-5.284750755165890101e-01,1.833533973321493482e+00,5.612365113410885620e+00
5.802246093941161007e+02,-5.258360019555459175e-01,1.836178400655020360e+00,5.620613321180948141e+00
5.803283691597445113e+02,-5.197312448965460963e-01,1.838703817844348221e+00,5.624061584974537453e+00
5.804321289253729219e+02,-5.176944847108732040e-01,1.839741638931803980e+00,5.626088774682024507e+00
5.805358886910013325e+02,-5.130750535853982885e-01,1.841503585097862938e+00,5.628138794417432145e+00
5.806396484566297431e+02,-5.107646400294353350e-01,1.843235448120000397e+00,5.632908838429271370e+00
5.807434082222581537e+02,-5.068041710468758065e-01,1.845357587038084279e+00,5.637414762431763648e+00
5.808471679878865643e+02,-5.024103488513937954e-01,1.847616372993308609e+00,5.642045937377927700e+00
5.809509277535149749e+02,-4.993378175852697942e-01,1.849565097795964785e+00,5.646931987692465071e+00
5.810546875191433855e+02,-4.977929711492136700e-01,1.851333999673957731e+00,5.652851634306261808e+00
5.811584472847717961e+02,-4.926443380183613274e-01,1.853254320363241670e+00,5.655231589676467330e+00
5.812622070504003204e+02,-4.880355632819332046e-01,1.856966535293016918e+00,5.666146416357792148e+00
5.813659668160287310e+02,-4.853982255846077676e-01,1.858546419926371929e+00,5.670035600887262106e+00
5.814697265816571417e+02,-4.817853143228812973e-01,1.859558571894339263e+00,5.670352133658229654e+00
5.815734863472855523e+02,-4.800969473279503852e-01,1.861919506570058891e+00,5.678773290791911066e+00
5.816772461129139629e+02,-4.767331732384170184e-01,1.863280564296696307e+00,5.680947781795257612e+00
5.817810058785423735e+02,-4.722709197507053980e-01,1.863752672523367293e+00,5.678040858668555124e+00
5.818847656441707841e+02,-4.681569091630002344e-01,1.863570268366483429e+00,5.672693426374726400e+00
5.819885254097991947e+02,-4.646124298362263039e-01,1.868312973631802043e+00,5.689590923149987489e+00
5.820922851754276053e+02,-4.605240112876638481e-01,1.870156486303434340e+00,5.693232953488863046e+00
5.821960449410560159e+02,-4.561820901554198282e-01,1.869910302276824199e+00,5.687491343620482809e+00
5.822998047066844265e+02,-4.520955837513236375e-01,1.871818018845074150e+00,5.691506310134927027e+00
5.824035644723128371e+02,-4.498648767372502855e-01,1.872512899130263531e+00,5.692197094265468493e+00
5.825073242379412477e+02,-4.440688536409204690e-01,1.873817014594599151e+00,5.691850910597429092e+00
5.826110840035696583e+02,-4.409458383275434157e-01,1.875542761678576253e+00,5.696189515043167617e+00
5.827148437691980689e+02,-4.367287083862562702e-01,1.877405987639783946e+00,5.700038476171501500e+00
5.828186035348265932e+02,-4.331775909521305978e-01,1.880112418526726836e+00,5.708306850663711352e+00
5.829223633004550038e+02,-4.283257569724081559e-01,1.878713829126351653e+00,5.697282951214248214e+00
5.830261230660834144e+02,-4.243587262636460133e-01,1.879303875783040034e+00,5.695919837754357395e+00
5.831298828317118250e+02,-4.233460450035816947e-01,1.881922506243506543e+00,5.706426519418192456e+00
5.832336425973402356e+02,-4.201914907676467248e-01,1.883767197413346528e+00,5.711425692882921901e+00
5.833374023629686462e+02,-4.156347960081998583e-01,1.887154887718711427e+00,5.721866251048069785e+00
5.834411621285970568e+02,-4.120426080161268545e-01,1.887563138379035887e+00,5.720200281825164268e+00
5.835449218942254674e+02,-4.065973630202138756e-01,1.887923128893171709e+00,5.716593632254005186e+00
5.836486816598538780e+02,-4.026213551236627053e-01,1.887327831601993022e+00,5.710225352987428060e+00
5.837524414254822887e+02,-3.992551178403774825e-01,1.886848193649368843e+00,5.704963271921931423e+00
5.838562011911106993e+02,-3.961195298879689464e-01,1.887490038420342797e+00,5.704879873071196705e+00
5.839599609567391099e+02,-3.926167298368253844e-01,1.889760955174778267e+00,5.711664243544793962e+00
5.840637207223675205e+02,-3.885536525650625239e-01,1.890676012144713480e+00,5.711996898269684486e+00
5.841674804879959311e+02,-3.848666587644849479e-01,1.893060120862172679e+00,5.719182400557590640e+00
5.842712402536243417e+02,-3.816651772173139112e-01,1.893886709374088539e+00,5.719969279299554010e+00
5.843750000192527523e+02,-3.779335792820426865e-01,1.894047845361598315e+00,5.717380590613052149e+00
5.844787597848812766e+02,-3.749120934623829671e-01,1.894706334554621341e+00,5.717636882397000520e+00
5.845825195505096872e+02,-3.695415495128246408e-01,1.894191146841702977e+00,5.710704340188134331e+00
5.846862793161380978e+02,-3.668135342077749050e-01,1.896956367089289719e+00,5.720574812347269500e+00
5.847900390817665084e+02,-3.623099882974396002e-01,1.899036850505221530e+00,5.725939234700092584e+00
5.848937988473949190e+02,-3.581876749077437250e-01,1.897012553978302929e+00,5.713541537356271682e+00
5.849975586130233296e+02,-3.532898182637150830e-01,1.897970116849787336e+00,5.713715416595893437e+00
5.851013183786517402e+02,-3.489380650572173059e-01,1.899001385805039632e+00,5.714717140870964940e+00
5.852050781442801508e+02,-3.431020035838034943e-01,1.899651954740709581e+00,5.712890672459010055e+00
5.853088379099085614e+02,-3.410095464975190227e-01,1.899799065857603608e+00,5.711873656553807521e+00
5.854125976755369720e+02,-3.381928835794685839e-01,1.900671426100043471e+00,5.713508042533926634e+00
5.855163574411653826e+02,-3.355896145802877983e-01,1.902067703842416524e+00,5.717649417571665005e+00
5.856201172067937932e+02,-3.281890620322551189e-01,1.901283454880226209e+00,5.708448372662616954e+00
5.857238769724222038e+02,-3.252269374979205874e-01,1.901613997967672498e+00,5.707656756072939430e+00
5.858276367380506144e+02,-3.225805021583220689e-01,1.900211642358651698e+00,5.699427396827799086e+00
5.859313965036790250e+02,-3.196830685873700006e-01,1.903125559112575527e+00,5.710194867509470029e+00
5.860351562693075493e+02,-3.173544819675807038e-01,1.904628742584540291e+00,5.715137064281571533e+00
5.861389160349359599e+02,-3.115315813760662356e-01,1.904331977467698556e+00,5.709551146151280676e+00
5.862426758005643705e+02,-3.053491229522174444e-01,1.903666831386996439e+00,5.702142334282036984e+00
5.863464355661927812e+02,-3.004817161864083985e-01,1.902623858328179374e+00,5.694051411767641291e+00
5.864501953318211918e+02,-2.962024230727721141e-01,1.902589135207825688e+00,5.690906821945440619e+00
5.865539550974496024e+02,-2.917502956333923869e-01,1.901475585537735435e+00,5.682871234826704310e+00
5.866577148630780130e+02,-2.908469435248431378e-01,1.901046676203750785e+00,5.680338907781137259e+00
5.867614746287064236e+02,-2.855176683321760667e-01,1.902768532931783163e+00,5.684420957358132576e+00
5.868652343943348342e+02,-2.820471159198744693e-01,1.902269372695084559e+00,5.679879682903493432e+00
5.869689941599632448e+02,-2.769041972733929935e-01,1.901651046900820541e+00,5.673737379498339450e+00
5.870727539255916554e+02,-2.742334242869249317e-01,1.901986156893156865e+00,5.673505315435436458e+00
5.871765136912200660e+02,-2.699950565609551267e-01,1.900874463241275514e+00,5.665813754668025837e+00
5.872802734568484766e+02,-2.655003421023212629e-01,1.902147961720626945e+00,5.668683083411999668e+00
5.873840332224768872e+02,-2.630274155475629261e-01,1.901893771334698613e+00,5.666004945446819541e+00
5.874877929881052978e+02,-2.581972965088812355e-01,1.901318294323319780e+00,5.660456962462968811e+00
5.875915527537337084e+02,-2.546514719174800545e-01,1.901905340830417179e+00,5.660945526538517569e+00
5.876953125193622327e+02,-2.498234961441776203e-01,1.902102397396301381e+00,5.658956485501253297e+00
5.877990722849906433e+02,-2.463861196733700132e-01,1.901534137284097037e+00,5.654390821774883058e+00
5.879028320506190539e+02,-2.414910085365878922e-01,1.902138138743654672e+00,5.654283574917172928e+00
5.880065918162474645e+02,-2.370439167130449498e-01,1.901091821288763528e+00,5.647062886401013060e+00
5.881103515818758751e+02,-2.323229532817404908e-01,1.899235965271482751e+00,5.636081758213934201e+00
5.882141113475042857e+02,-2.291154222021055675e-01,1.897748035775670639e+00,5.627615880664564862e+00
5.883178711131326963e+02,-2.269196224141750706e-01,1.897612195220066189e+00,5.625812542648550796e+00
5.884216308787611069e+02,-2.223440822482874724e-01,1.896816365128987991e+00,5.619773466488617863e+00
5.885253906443895175e+02,-2.195852751057451868e-01,1.896051628874631856e+00,5.614865265696864505e+00
5.886291504100179282e+02,-2.160162659970676913e-01,1.897575699223720491e+00,5.619901284666037000e+00
5.887329101756463388e+02,-2.101503614659279706e-01,1.896282801709584076e+00,5.611075446791382149e+00
5.888366699412747494e+02,-2.069855071178151040e-01,1.893925620734665749e+00,5.598823681184192935e+00
5.889404297069031600e+02,-2.003304912512627045e-01,1.894641268456259908e+00,5.598824380916505028e+00
5.890441894725315706e+02,-1.970962333552619683e-01,1.894141324148447936e+00,5.595018464108868272e+00
5.891479492381599812e+02,-1.939846671962774383e-01,1.892472871893172037e+00,5.585986179619505165e+00
5.892517090037885055e+02,-1.907968199497765416e-01,1.892114526037880884e+00,5.582885662408049399e+00
5.893554687694169161e+02,-1.873617443644097769e-01,1.890998204897271107e+00,5.576249187544569885e+00
5.894592285350453267e+02,-1.837363991522434348e-01,1.891089896589870367e+00,5.575048032169508616e+00
5.895629883006737373e+02,-1.784751763988180473e-01,1.888632387865306628e+00,5.561559843143156989e+00
5.896667480663021479e+02,-1.756078470797657887e-01,1.887495244876602474e+00,5.555147988517177282e+00
5.897705078319305585e+02,-1.693611576332378910e-01,1.887721663880562506e+00,5.553576410300193444e+00
5.898742675975589691e+02,-1.657299295479067736e-01,1.886996420599383661e+00,5.548792926099947564e+00
5.899780273631873797e+02,-1.612560065291553102e-01,1.885994232763771317e+00,5.542441107150633428e+00
5.900817871288157903e+02,-1.569858030914658142e-01,1.883931995148497851e+00,5.531356284507220167e+00
5.901855468944442009e+02,-1.533660980559767295e-01,1.883087351216703453e+00,5.526121474287919000e+00
5.902893066600726115e+02,-1.494978962142854417e-01,1.883461843393178903e+00,5.526412253301023370e+00
5.903930664257010221e+02,-1.449232402675248166e-01,1.881059092535749988e+00,5.513750946467586900e+00
5.904968261913294327e+02,-1.407647677656305440e-01,1.878810327290653781e+00,5.501969072563356988e+00
5.906005859569578433e+02,-1.368253862577471502e-01,1.880052661124349767e+00,5.506342219470276689e+00
5.907043457225862539e+02,-1.336056796337702357e-01,1.877735030629075208e+00,5.494617677303358150e+00
5.908081054882147782e+02,-1.304166045329645807e-01,1.876349069171100448e+00,5.487203043166005045e+00
5.909118652538431888e+02,-1.245643634177695663e-01,1.876126301862701684e+00,5.484344032043027006e+00
5.910156250194715994e+02,-1.200149246202760617e-01,1.873730823829690140e+00,5.471924815380687868e+00
5.911193847851000100e+02,-1.186393949798571351e-01,1.871530145285944524e+00,5.461353696861829476e+00
5.912231445507284207e+02,-1.141352182987669245e-01,1.871105408755518340e+00,5.458094565773042639e+00
5.913269043163568313e+02,-1.106615370444710006e-01,1.869232464556025208e+00,5.448460968366072521e+00
5.914306640819852419e+02,-1.064458650650423471e-01,1.866981729832595915e+00,5.436896092373999068e+00
5.915344238476136525e+02,-1.006530874062572106e-01,1.865844644383900963e+00,5.430129520297221291e+00
5.916381836132420631e+02,-9.557783350602255812e-02,1.863747695422558470e+00,5.419148930366127104e+00
5.917419433788704737e+02,-9.371595122317517845e-02,1.862709668378986771e+00,5.413882606701399425e+00
5.918457031444988843e+02,-9.044365457297254274e-02,1.862022008345914914e+00,5.409930519288641548e+00
5.919494629101272949e+02,-8.722809628610288246e-02,1.860894991183402514e+00,5.403969177388990630e+00
5.920532226757557055e+02,-8.295628464126801604e-02,1.858630752650558549e+00,5.392505371530651459e+00
5.921569824413841161e+02,-7.809027944509450148e-02,1.856704272492998742e+00,5.382530275849672030e+00
5.922607422070125267e+02,-7.481138474116572068e-02,1.854471495011236204e+00,5.371465219779959277e+00
5.923645019726409373e+02,-7.192462142645622558e-02,1.853195327307591400e+00,5.364960805173025982e+00
5.924682617382694616e+02,-6.596317763847320270e-02,1.849261881962114273e+00,5.345490586396602239e+00
5.925720215038978722e+02,-6.339233808514399549e-02,1.849902619390021874e+00,5.348074236553694405e+00
5.926757812695262828e+02,-5.951209065674520349e-02,1.849421351378350620e+00,5.345212018552759403e+00
5.927795410351546934e+02,-5.578103651851771400e-02,1.846693015628829482e+00,5.331854815273617376e+00
5.928833008007831040e+02,-5.189263016719660587e-02,1.844859765027976550e+00,5.322701953143239351e+00
5.929870605664115146e+02,-4.749041511891557987e-02,1.842155096696539207e+00,5.309409196918988272e+00
5.930908203320399252e+02,-4.587242188741297300e-02,1.840191391292208545e+00,5.299957799105877498e+00
5.931945800976683358e+02,-4.150629538712102828e-02,1.839345263456912072e+00,5.295476096944538469e+00
5.932983398632967464e+02,-3.690185300998605200e-02,1.837321686556581346e+00,5.285455574501989773e+00
5.934020996289251570e+02,-3.322036513998288115e-02,1.835528118413667809e+00,5.276643165266762026e+00
5.935058593945535677e+02,-2.825256132060927072e-02,1.831503671122162391e+00,5.257189185235581874e+00
5.936096191601819783e+02,-2.467916007477606241e-02,1.831328400836225834e+00,5.256113242538294372e+00
5.937133789258103889e+02,-2.121344875739356733e-02,1.829244571198569869e+00,5.246019524913473120e+00
5.938171386914387995e+02,-1.763531702979571555e-02,1.826159205850018008e+00,5.231177737393560179e+00
5.939208984570672101e+02,-1.182823664389912564e-02,1.823780800848017858e+00,5.219635461690389278e+00
5.940246582226957344e+02,-1.016633254987215143e-02,1.821577749381763756e+00,5.209089527311223655e+00
5.941284179883241450e+02,-8.521104433408172030e-03,1.820380814375442524e+00,5.203340151901087118e+00
5.942321777539525556e+02,-3.005699894766424279e-03,1.819265066040200551e+00,5.197931457884511275e+00
5.943359375195809662e+02,2.072576612324752553e-03,1.817408322609377791e+00,5.189055898510837928e+00
5.944396972852093768e+02,4.653663209347652652e-03,1.814546435480889341e+00,5.175390296572299320e+00
5.945434570508377874e+02,1.016414704282135942e-02,1.812457327752088121e+00,5.165492386821290971e+00
5.946472168164661980e+02,1.410836852465229864e-02,1.810003202891687035e+00,5.153850722937443507e+00
5.947509765820946086e+02,1.572451633867186921e-02,1.807339531696767976e+00,5.141123691998785716e+00
5.948547363477230192e+02,1.998370665085383649e-02,1.804693820920054481e+00,5.128603106454519889e+00
5.949584961133514298e+02,2.409647165733620061e-02,1.801380344706047909e+00,5.112885431539925030e+00
5.950622558789798404e+02,2.825860091494878171e-02,1.800475034530014451e+00,5.108811766020590284e+00
5.951660156446082510e+02,3.084170370243111137e-02,1.797335060216071367e+00,5.093859534257409116e+00
5.952697754102366616e+02,3.399704458993894202e-02,1.794595768118961931e+00,5.080891101603674187e+00
5.953735351758650722e+02,3.796112343432049563e-02,1.792639779515458054e+00,5.071807646373947875e+00
5.954772949414934828e+02,4.188079636606752143e-02,1.791110509854083155e+00,5.064821480834854839e+00
5.955810547071218934e+02,4.695009941031706019e-02,1.789772959658808338e+00,5.058946375910787552e+00
5.956848144727504177e+02,5.069476891575141336e-02,1.787072990241021841e+00,5.046339243469388336e+00
5.957885742383788283e+02,5.294332549365910606e-02,1.783623574673506962e+00,5.029888881352269969e+00
5.958923340040072389e+02,5.510656644845578905e-02,1.781155350084630884e+00,5.018191076898902203e+00
5.959960937696356496e+02,5.828545351229129368e-02,1.779210382133624258e+00,5.009204271799154284e+00
5.960998535352640602e+02,6.208617855983537132e-02,1.775636899170184968e+00,4.992389635054991004e+00
5.962036133008924708e+02,6.439567596987819109e-02,1.774135759307671867e+00,4.985454911863265615e+00
5.963073730665208814e+02,6.939989327378026651e-02,1.770888501754980915e+00,4.970489148009572311e+00
5.964111328321492920e+02,7.438878422970753024e-02,1.768133115801688859e+00,4.957979589449292845e+00
5.965148925977777026e+02,7.664378949802941321e-02,1.765906638805076367e+00,4.947528021365473094e+00
5.966186523634061132e+02,7.958100318469217560e-02,1.764139341281404816e+00,4.939486383158565808e+00
5.967224121290345238e+02,8.359494624772506599e-02,1.762889327456821364e+00,4.934255503169539203e+00
5.968261718946629344e+02,8.778357296324472425e-02,1.759996422846825226e+00,4.921026352366925316e+00
5.969299316602913450e+02,9.089137991567033947e-02,1.757223125529093322e+00,4.908141876681573201e+00
5.970336914259197556e+02,9.307071994964494221e-02,1.753075707907695069e+00,4.888236999100171509e+00
5.971374511915481662e+02,9.741464376373001888e-02,1.751871168830861469e+00,4.883451118898684662e+00
5.972412109571766905e+02,1.003968965466743163e-01,1.748852594718571574e+00,4.869353179624829941e+00
5.973449707228051011e+02,1.043309815215699432e-01,1.744349848813658177e+00,4.848180276776700381e+00
5.974487304884335117e+02,1.084265291967442119e-01,1.742259961089218434e+00,4.839046772285651166e+00
5.975524902540619223e+02,1.112122774158769423e-01,1.741930605160585843e+00,4.838283246743234400e+00
5.976562500196903329e+02,1.158378432420965054e-01,1.737296247603671073e+00,4.816742847240932157e+00
5.977600097853187435e+02,1.198843458674413304e-01,1.734617424411190711e+00,4.804769152383365771e+00
5.978637695509471541e+02,1.237068496862494260e-01,1.731417061852858819e+00,4.790147600454830012e+00
5.979675293165755647e+02,1.270927356254174800e-01,1.727074325573971780e+00,4.769675291796805716e+00
5.980712890822039753e+02,1.292734725922995986e-01,1.725539239795518487e+00,4.762804142277138553e+00
5.981750488478323859e+02,1.325823419423189931e-01,1.722642306467115469e+00,4.749551880979533180e+00
5.982788086134607966e+02,1.361168224527247173e-01,1.720319187102886005e+00,4.739284697592753837e+00
5.983825683790892072e+02,1.391305550140673197e-01,1.719872447517480474e+00,4.738253028472497519e+00
5.984863281447176178e+02,1.431151363109827435e-01,1.714640393363600968e+00,4.713611956683020132e+00
5.985900879103460284e+02,1.460393749650844841e-01,1.713301459768352464e+00,4.708115783858938919e+00
5.986938476759744390e+02,1.495693365351159210e-01,1.708457051157172168e+00,4.685240378470767020e+00
5.987976074416028496e+02,1.524231825598694745e-01,1.705287363565824110e+00,4.670510553044388224e+00
5.989013672072313739e+02,1.547303860436829992e-01,1.703125720894110851e+00,4.660633146699114882e+00
5.990051269728597845e+02,1.570021893653624767e-01,1.698496654709194198e+00,4.638244178053029465e+00
5.991088867384881951e+02,1.606779372611143175e-01,1.697438879095422015e+00,4.634623834509909557e+00
5.992126465041166057e+02,1.644850924565804673e-01,1.696611791460277630e+00,4.632278924885070204e+00
5.993164062697450163e+02,1.674178659550234483e-01,1.693634493327506929e+00,4.618625180981540623e+00
5.994201660353734269e+02,1.697564232816808905e-01,1.688707246854036725e+00,4.594753288925360835e+00
5.995239258010018375e+02,1.739269693842605546e-01,1.686463448775587848e+00,4.585486478237486452e+00
5.996276855666302481e+02,1.776012740680767699e-01,1.683690760149706422e+00,4.573302480200126752e+00
5.997314453322586587e+02,1.812909728718187785e-01,1.682537179971595576e+00,4.569423479101772934e+00
5.998352050978870693e+02,1.848630217210697479e-01,1.680544730385375995e+00,4.561237518785751455e+00
5.999389648635154799e+02,1.883826286531597727e-01,1.676493440178206562e+00,4.542529431227311676e+00
6.000427246291438905e+02,1.903100753545941826e-01,1.670902579639416130e+00,4.514998839652654361e+00
6.001464843947723011e+02,1.949188219218228879e-01,1.669415975115278172e+00,4.510096962460716341e+00
6.002502441604007117e+02,1.966577003230622900e-01,1.665286982567037333e+00,4.489929192414610526e+00
6.003540039260291223e+02,1.988101430502559608e-01,1.662302372035666442e+00,4.475881806692305176e+00
6.004577636916576466e+02,2.022256041213685296e-01,1.660150590412416527e+00,4.466917176218776042e+00
6.005615234572860572e+02,2.048506764382848899e-01,1.657987418562128612e+00,4.457421095281294932e+00
6.006652832229144678e+02,2.089724473156455153e-01,1.653340835209373916e+00,4.436080012010664930e+00
6.007690429885428784e+02,2.116562811238631714e-01,1.651898980381776960e+00,4.430389155194694339e+00
6.008728027541712891e+02,2.141861403783232587e-01,1.648740744393186519e+00,4.415728790590404351e+00
6.009765625197996997e+02,2.187524066192018113e-01,1.644480718927866514e+00,4.396751697802310233e+00
6.010803222854281103e+02,2.212442998799216964e-01,1.642771364574665771e+00,4.389609044458638643e+00
6.011840820510565209e+02,2.244559002431689432e-01,1.640404850469675324e+00,4.379579166012486091e+00
6.012878418166849315e+02,2.285988809989938919e-01,1.637070150357759823e+00,4.365214083019760771e+00
6.013916015823133421e+02,2.313378160635740366e-01,1.633171363303997259e+00,4.346911737777785945e+00
6.014953613479417527e+02,2.328213786748782876e-01,1.630753991804114067e+00,4.335401291682781988e+00
6.015991211135701633e+02,2.377223510231776249e-01,1.627220545605603252e+00,4.320642821121374766e+00
6.017028808791985739e+02,2.411341284327212509e-01,1.624022994836598066e+00,4.306548605499227911e+00
6.018066406448269845e+02,2.434720359786562704e-01,1.620813217274123197e+00,4.291567944687823655e+00
6.019104004104553951e+02,2.450313335432655060e-01,1.618445455905185293e+00,4.280385333587904739e+00
6.020141601760838057e+02,2.475826842792360760e-01,1.616131478770687080e+00,4.270279013711586913e+00
6.021179199417123300e+02,2.490200386550056877e-01,1.612393571256919511e+00,4.251793378559742820e+00
6.022216797073407406e+02,2.525600191564905117e-01,1.608137960210741957e+00,4.232285448064819988e+00
6.023254394729691512e+02,2.552890965429738257e-01,1.604796822866962458e+00,4.216936332204776150e+00
6.024291992385975618e+02,2.604953936916370449e-01,1.603119905078682628e+00,4.212503067479677732e+00
6.025329590042259724e+02,2.640207755958470237e-01,1.600482784073209430e+00,4.201624617806190898e+00
6.026367187698543830e+02,2.647083878060380036e-01,1.596893230124702523e+00,4.183242517945821248e+00
6.027404785354827936e+02,2.658825030086368613e-01,1.593687555108729947e+00,4.167292754981676062e+00
6.028442383011112042e+02,2.695378910048406573e-01,1.589091539465670166e+00,4.146161769144018017e+00
6.029479980667396148e+02,2.719616868772932738e-01,1.586265613728146340e+00,4.133335935367197678e+00
6.030517578323680254e+02,2.750897957580207276e-01,1.584330056840409284e+00,4.125909211632022178e+00
6.031555175979964361e+02,2.790121673063188923e-01,1.580818859200241899e+00,4.110867885055790261e+00
6.032592773636248467e+02,2.832232005483477089e-01,1.577048293761684095e+00,4.094760629354464498e+00
6.033630371292532573e+02,2.844458788492046364e-01,1.574722174847670297e+00,4.083518132830114666e+00
6.034667968948816679e+02,2.868712179557075803e-01,1.573314774587179388e+00,4.078350812971677009e+00
6.035705566605100785e+02,2.878155444816810071e-01,1.569963286668766722e+00,4.061350773737370190e+00
6.036743164261386028e+02,2.922870705360394172e-01,1.565909318526792937e+00,4.044066885338320816e+00
6.037780761917670134e+02,2.951724275773482953e-01,1.561957787951804955e+00,4.025775529758555571e+00
6.038818359573954240e+02,2.976795746337970727e-01,1.558304767698183602e+00,4.008705985988077813e+00
6.039855957230238346e+02,3.004742752265127104e-01,1.555267748869955335e+00,3.995253371166322509e+00
6.040893554886522452e+02,3.036135911065339088e-01,1.552001918788378454e+00,3.980947929328332080e+00
6.041931152542806558e+02,3.053262919773360728e-01,1.550156590437391957e+00,3.972810489840955306e+00
6.042968750199090664e+02,3.076127354768867228e-01,1.547813615017181510e+00,3.962608384676872930e+00
6.044006347855374770e+02,3.122203479012994887e-01,1.542090963166564466e+00,3.936675068008566480e+00
6.045043945511658876e+02,3.128181513453103801e-01,1.539709733151814142e+00,3.924439088521420427e+00
6.046081543167942982e+02,3.152727359225798720e-01,1.538463095764108335e+00,3.920398444620619038e+00
6.047119140824227088e+02,3.179233775746515556e-01,1.533494548042382499e+00,3.896410318728518618e+00
6.048156738480511194e+02,3.217353876923246814e-01,1.530007097969847907e+00,3.881785608537831500e+00
6.049194336136795300e+02,3.259804153741421295e-01,1.527405727164949267e+00,3.872530174418332471e+00
6.050231933793079406e+02,3.264490332083331281e-01,1.524652898676450485e+00,3.858091530214018405e+00
6.051269531449363512e+02,3.286845997660229335e-01,1.520803940722707415e+00,3.839729382362837562e+00
6.052307129105648755e+02,3.316331409661223972e-01,1.518313412110995131e+00,3.829631979965573585e+00
6.053344726761933998e+02,3.339276522104275280e-01,1.515656855254952085e+00,3.817869280482391492e+00
6.054382324418218104e+02,3.361431034182739697e-01,1.511919524755010791e+00,3.800108473539964837e+00
6.055419922074502210e+02,3.383715449681837240e-01,1.510567479106116107e+00,3.795428934243173735e+00
6.056457519730786316e+02,3.416155241510149265e-01,1.507570655264602211e+00,3.783016635225002755e+00
6.057495117387070422e+02,3.445736039826540198e-01,1.503668180705245883e+00,3.765311468327998679e+00
6.058532715043354528e+02,3.458158311854504507e-01,1.500114200845301671e+00,3.747357393167957795e+00
6.059570312699638635e+02,3.472407538956153727e-01,1.498025275313215499e+00,3.737679458803321975e+00
6.060607910355922741e+02,3.503470629659624636e-01,1.494049469492997329e+00,3.719774272549106087e+00
6.061645508012206847e+02,3.531070199980863578e-01,1.491337093932632918e+00,3.708406567288291988e+00
6.062683105668490953e+02,3.562991843427725791e-01,1.488720458798669100e+00,3.698163484767085674e+00
6.063720703324775059e+02,3.579359990978296380e-01,1.486656239015436087e+00,3.688937202001251414e+00
6.064758300981059165e+02,3.599972778946758933e-01,1.482305356978088184e+00,3.667641340756893076e+00
6.065795898637343271e+02,3.627318735517751636e-01,1.479321783439587534e+00,3.654818730982629660e+00
6.066833496293627377e+02,3.661751204829270523e-01,1.476411977538216957e+00,3.643401840452629159e+00
6.067871093949912620e+02,3.672025414501882135e-01,1.471744135989865532e+00,3.618917999961750454e+00
6.068908691606196726e+02,3.703807840944747243e-01,1.468552843760851934e+00,3.605611110292865185e+00
6.069946289262480832e+02,3.717436172676393258e-01,1.465753488615703981e+00,3.591952524802778157e+00
6.070983886918764938e+02,3.744552887621034887e-01,1.461206170832639151e+00,3.570463469213079222e+00
6.072021484575049044e+02,3.770745785177700982e-01,1.459004624217870916e+00,3.561941340277179346e+00
6.073059082231333150e+02,3.787711978140191893e-01,1.456357360785920152e+00,3.549616583717145168e+00
6.074096679887617256e+02,3.805274678577671987e-01,1.454068874715381599e+00,3.539388094574074550e+00
6.075134277543901362e+02,3.837270788789762244e-01,1.449152045756888718e+00,3.516587564932170729e+00
6.076171875200185468e+02,3.858641887431134010e-01,1.447657396850275502e+00,3.511395604737445275e+00
6.077209472856469574e+02,3.884020769821254770e-01,1.445462410815983034e+00,3.502902348410064093e+00
6.078247070512753680e+02,3.907149594291765560e-01,1.441139376627274427e+00,3.482154402794661596e+00
6.079284668169037786e+02,3.940434647808095936e-01,1.438586422891564354e+00,3.472912000042374103e+00
6.080322265825321892e+02,3.960871265844583822e-01,1.436915771327649027e+00,3.466682019750546129e+00
6.081359863481605998e+02,3.996054254112582638e-01,1.432980123566210073e+00,3.450042820899974494e+00
6.082397461137890105e+02,4.006353289586828681e-01,1.429417120954137088e+00,3.431607433170879240e+00
6.083435058794175347e+02,4.022250421732477266e-01,1.424408285015166697e+00,3.405876555796927274e+00
6.084472656450459453e+02,4.039290102671301841e-01,1.423578050574075826e+00,3.403911854773513657e+00
6.085510254106743560e+02,4.077818565234184178e-01,1.420484468806760603e+00,3.392649962621330229e+00
6.086547851763027666e+02,4.085531651713949497e-01,1.416940801571058284e+00,3.373867577978213461e+00
6.087585449419311772e+02,4.101046560491973803e-01,1.413226619901178038e+00,3.355371914327554439e+00
6.088623047075595878e+02,4.129497395325438802e-01,1.410271870595317667e+00,3.343319378650267293e+00
6.089660644731879984e+02,4.148060901329251315e-01,1.406995538343045915e+00,3.327818283161462887e+00
6.090698242388164090e+02,4.171642981874349454e-01,1.403971099250469479e+00,3.314598722874475545e+00
6.091735840044448196e+02,4.189614804298493755e-01,1.401005682973085253e+00,3.300779066415950425e+00
6.092773437700732302e+02,4.214670359786308884e-01,1.396846952990577817e+00,3.281380996641454217e+00
6.093811035357016408e+02,4.218992844635956474e-01,1.395330917795458925e+00,3.273481793614781310e+00
6.094848633013300514e+02,4.247997958071206281e-01,1.393243384505006510e+00,3.266598210572790872e+00
6.095886230669584620e+02,4.273350111566666110e-01,1.388679779420007865e+00,3.244978493019432975e+00
6.096923828325868726e+02,4.273029844988185943e-01,1.386618404240916425e+00,3.233136685607278960e+00
6.097961425982152832e+02,4.312989278473075005e-01,1.383800068555959717e+00,3.224098037620739987e+00
6.098999023638436938e+02,4.338047136986243335e-01,1.380075088317032739e+00,3.207264356745999745e+00
6.100036621294722181e+02,4.341808940729999788e-01,1.377339430134727039e+00,3.192262192759145023e+00
6.101074218951006287e+02,4.365059637474438814e-01,1.374394812062652793e+00,3.179586230884612341e+00
6.102111816607290393e+02,4.399009324851644309e-01,1.372387767581312534e+00,3.174283448135094332e+00
6.103149414263574499e+02,4.404334075854622887e-01,1.367379911602311537e+00,3.146485442737750660e+00
6.104187011919858605e+02,4.427641269130105917e-01,1.365764730941079419e+00,3.141524481171741101e+00
6.105224609576142711e+02,4.456020990689697481e-01,1.361916637845925537e+00,3.124689383147378763e+00
6.106262207232426817e+02,4.469197113136749722e-01,1.358619152859489754e+00,3.108171548074412094e+00
6.107299804888710923e+02,4.494559110107252398e-01,1.355171032881834492e+00,3.093105334855451360e+00
6.108337402544995030e+02,4.513946062326785746e-01,1.352378937467422659e+00,3.080702705856146917e+00
6.109375000201279136e+02,4.521538292751584587e-01,1.349800762982526381e+00,3.067262880375190903e+00
6.110412597857563242e+02,4.541665006472963562e-01,1.346417909987331907e+00,3.051596352733039197e+00
6.111450195513847348e+02,4.551697449174352816e-01,1.344079201059428907e+00,3.040008940578924346e+00
6.112487793170131454e+02,4.572037162622278328e-01,1.340223634648714857e+00,3.021651959754051653e+00
6.113525390826415560e+02,4.592955061764376623e-01,1.336586606121064280e+00,3.004685499865220155e+00
6.114562988482699666e+02,4.604925543005136124e-01,1.332365766007663321e+00,2.982529267819752583e+00
6.115600586138984909e+02,4.637868774449480647e-01,1.329201081081273550e+00,2.970759923875450514e+00
6.116638183795269015e+02,4.654345205862245316e-01,1.327936187800159873e+00,2.966747998687377930e+00
6.117675781451553121e+02,4.668885788211514787e-01,1.324942681346908957e+00,2.952278998430526880e+00
6.118713379107837227e+02,4.694516669380780494e-01,1.321208237371204408e+00,2.935782281682519645e+00
6.119750976764121333e+02,4.706405181762791101e-01,1.318298730339172442e+00,2.921262155684373418e+00
6.120788574420405439e+02,4.727552632575017233e-01,1.316230624484401979e+00,2.913601013652939997e+00
6.121826172076689545e+02,4.743353597354222351e-01,1.312562958273571168e+00,2.895478292682057031e+00
6.122863769732973651e+02,4.779351812101546026e-01,1.309808655289178780e+00,2.887008963706576115e+00
6.123901367389257757e+02,4.780659836969013421e-01,1.305655614251880925e+00,2.862955820780725524e+00
6.124938965045541863e+02,4.792735223652196952e-01,1.303834751544953763e+00,2.854871340812916269e+00
6.125976562701825969e+02,4.818442104572573936e-01,1.300729317011031005e+00,2.842210034172731881e+00
6.127014160358110075e+02,4.818055000823259215e-01,1.298300587769678049e+00,2.827854140771328684e+00
6.128051758014394181e+02,4.861966560945691906e-01,1.293631242568245021e+00,2.810035750219512796e+00
6.129089355670678287e+02,4.879554116171758160e-01,1.291048175325270053e+00,2.798735211706088855e+00
6.130126953326962393e+02,4.880347544667563153e-01,1.289185599699686158e+00,2.787941557729768149e+00
6.131164550983247636e+02,4.891851320262732283e-01,1.284665039781576201e+00,2.763851312932027682e+00
6.132202148639531742e+02,4.919931950286400846e-01,1.282781975941701180e+00,2.759069550477416755e+00
6.133239746295815848e+02,4.933672679949021034e-01,1.279402758194769785e+00,2.742231453363106919e+00
6.134277343952099955e+02,4.949478089678570614e-01,1.275634118670762041e+00,2.723558917113949818e+00
6.135314941608384061e+02,4.970975592347151584e-01,1.273819515629804666e+00,2.717770711083602020e+00
6.136352539264668167e+02,4.993074815258514154e-01,1.270652336674955141e+00,2.704145281306514104e+00
6.137390136920952273e+02,5.007386816908649951e-01,1.266590554875940189e+00,2.683417743237801911e+00
6.138427734577236379e+02,5.018601113551350856e-01,1.263718068985969945e+00,2.669009563006114583e+00
6.139465332233520485e+02,5.028179564239331212e-01,1.260796650995499535e+00,2.653919612305550846e+00
6.140502929889804591e+02,5.039614246330375025e-01,1.258475911184145701e+00,2.642837696506483258e+00
6.141540527546088697e+02,5.056842443567733936e-01,1.255957020699464355e+00,2.631967221328145978e+00
6.142578125202372803e+02,5.070027580726180760e-01,1.251867126546520659e+00,2.610779506785863902e+00
6.143615722858656909e+02,5.090594754274880840e-01,1.250450574534766934e+00,2.607314406280951680e+00
6.144653320514941015e+02,5.106867319841568165e-01,1.247396820324813804e+00,2.593070651753317080e+00
6.145690918171225121e+02,5.107544852959365889e-01,1.243221103459318577e+00,2.568304786979606291e+00
6.146728515827509227e+02,5.141078479478866647e-01,1.239524233678325871e+00,2.554479258951402265e+00
6.147766113483794470e+02,5.156680015560063390e-01,1.237231843368351125e+00,2.544649615957762734e+00
6.148803711140078576e+02,5.172731681512421353e-01,1.234289831847756869e+00,2.531059931495334148e+00
6.149841308796362682e+02,5.180932105584873382e-01,1.232028798687075932e+00,2.519581753114228384e+00
6.150878906452646788e+02,5.188492421962577206e-01,1.227523644050993790e+00,2.494475667081177850e+00
6.151916504108930894e+02,5.202326852200732654e-01,1.225332831964997204e+00,2.484839602662689995e+00
6.152954101765215000e+02,5.220200386021067729e-01,1.222025093699049991e+00,2.469538712620087839e+00
6.153991699421499106e+02,5.243504944650343447e-01,1.218665917788062325e+00,2.455348903468909327e+00
6.155029297077783212e+02,5.254930986078397703e-01,1.216451638040879413e+00,2.444991813667066971e+00
6.156066894734067318e+02,5.270905120552425993e-01,1.212755487351650396e+00,2.426905435951683287e+00
6.157104492390351425e+02,5.292699232159603362e-01,1.209898957494285332e+00,2.415420327823932123e+00
6.158142090046635531e+02,5.299127755180713661e-01,1.205759825086588632e+00,2.392154420107660329e+00
6.159179687702919637e+02,5.301050475376456461e-01,1.203400684916232199e+00,2.378413515174600867e+00
6.160217285359203743e+02,5.302560557525684004e-01,1.200507480734875676e+00,2.361314186965617790e+00
6.161254883015487849e+02,5.337982239898620973e-01,1.199163478991289056e+00,2.362685388367064654e+00
6.162292480671771955e+02,5.330583402829826012e-01,1.196356400173667511e+00,2.343704262473959687e+00
6.163330078328057198e+02,5.348751309556213362e-01,1.192408753137284005e+00,2.324700772747859023e+00
6.164367675984341304e+02,5.374130570194355361e-01,1.187943974703953076e+00,2.304549710302724819e+00
6.165405273640625410e+02,5.380520321705335451e-01,1.183850521349888218e+00,2.281441331228307057e+00
6.166442871296909516e+02,5.403829736422356422e-01,1.182786054299928002e+00,2.281427365549026476e+00
6.167480468953193622e+02,5.408553033369308816e-01,1.180517684642933718e+00,2.268952958330045622e+00
6.168518066609477728e+02,5.440369056738409981e-01,1.176293940774840729e+00,2.252171368523029127e+00
6.169555664265761834e+02,5.455569960361750237e-01,1.174582515879528888e+00,2.246046680387681516e+00
6.170593261922045940e+02,5.463387973608468950e-01,1.172103708481048612e+00,2.233176138642901876e+00
6.171630859578330046e+02,5.464166258000175969e-01,1.168542814883465120e+00,2.211698788986650399e+00
6.172668457234614152e+02,5.474561525693949493e-01,1.164853708225975781e+00,2.192156647465090202e+00
6.173706054890898258e+02,5.490353622654142729e-01,1.161601277568995449e+00,2.176832415057596393e+00
6.174743652547182364e+02,5.499450375101401223e-01,1.158319187787654858e+00,2.159395574284156183e+00
6.175781250203466470e+02,5.513152530447309463e-01,1.156342469997607703e+00,2.151288042973996006e+00
6.176818847859750576e+02,5.538413667336392621e-01,1.153570580068591367e+00,2.141721168279830501e+00
6.177856445516034682e+02,5.551709088572055473e-01,1.149707583683973855e+00,2.121988655463193485e+00
6.178894043172318788e+02,5.551293870273905640e-01,1.147295201010299026e+00,2.107076623655255609e+00
6.179931640828604031e+02,5.569018563284268142e-01,1.143683255107124319e+00,2.090190635627549476e+00
6.180969238484888137e+02,5.577327509171667863e-01,1.141201914950424223e+00,2.077441070169094850e+00
6.182006836141172244e+02,5.588896992377595518e-01,1.138096179259672658e+00,2.061835650659621599e+00
6.183044433797456350e+02,5.608644896331004270e-01,1.134347339594361959e+00,2.044761921417096673e+00
6.184082031453740456e+02,5.601998217285129034e-01,1.132377731460409986e+00,2.030609593196217144e+00
6.185119629110024562e+02,5.618081155023086914e-01,1.129721184329725681e+00,2.019153224924121304e+00
6.186157226766308668e+02,5.632823374144639850e-01,1.126472791499584458e+00,2.003655957684033595e+00
6.187194824422592774e+02,5.640849050911845852e-01,1.122418587481401220e+00,1.981112002463752964e+00
6.188232422078876880e+02,5.647462045197263469e-01,1.118846700349520829e+00,1.961087865960634780e+00
6.189270019735160986e+02,5.672176105232543675e-01,1.116450966844029891e+00,1.954010560060042589e+00
6.190307617391445092e+02,5.679379593332212206e-01,1.114380924291722419e+00,1.943473547954372549e+00
6.191345215047729198e+02,5.693737777029459490e-01,1.112977362975542839e+00,1.939326109123032937e+00
6.192382812704013304e+02,5.697346702022362264e-01,1.108934259264853228e+00,1.915440077496322502e+00
6.193420410360297410e+02,5.697586436474026961e-01,1.104446194920077673e+00,1.887671912727568957e+00
6.194458008016581516e+02,5.730064929564302467e-01,1.102184911554837443e+00,1.884075860019808868e+00
6.195495605672866759e+02,5.734861620716454889e-01,1.100138003467967529e+00,1.872922344684664786e+00
6.196533203329150865e+02,5.739053704418306534e-01,1.097224508523712450e+00,1.856183540534288356e+00
6.197570800985434971e+02,5.758607894541474259e-01,1.093928344991795143e+00,1.842071561231772847e+00
6.198608398641719077e+02,5.769138018107549115e-01,1.092199820370025831e+00,1.834776806977629349e+00
6.199645996298003183e+02,5.768907725884502291e-01,1.089362400053552227e+00,1.817045349215965500e+00
6.200683593954287289e+02,5.773449711640958881e-01,1.083544732988162007e+00,1.782274749301071992e+00
6.201721191610571395e+02,5.790784685570808943e-01,1.081606568416205505e+00,1.775955488803059090e+00
6.202758789266855501e+02,5.812327909905454781e-01,1.078951336952912454e+00,1.766605483463820292e+00
6.203796386923139607e+02,5.819597570376341400e-01,1.076200534013480148e+00,1.751883633771292192e+00
6.204833984579423714e+02,5.815424530790158641e-01,1.074581305636072015e+00,1.740355491425593870e+00
6.205871582235707820e+02,5.822990889313726104e-01,1.070332155951058795e+00,1.716337805411564998e+00
6.206909179891991926e+02,5.835305185422238194e-01,1.067614428770861101e+00,1.703522136952942745e+00
6.207946777548276032e+02,5.841331924780266416e-01,1.065034736347215460e+00,1.689423267878450652e+00
6.208984375204560138e+02,5.859986236087770806e-01,1.063098180210069410e+00,1.683713983252361768e+00
6.210021972860844244e+02,5.870190085258504276e-01,1.060097400278461999e+00,1.668437294318160014e+00
6.211059570517128350e+02,5.869689808434932488e-01,1.055597959867711655e+00,1.640016007721587288e+00
6.212097168173413593e+02,5.879536591567500192e-01,1.053502815418529304e+00,1.630294222981002239e+00
6.213134765829697699e+02,5.890753940009366696e-01,1.050547507403089886e+00,1.615656017372690600e+00
6.214172363485981805e+02,5.892885403979361003e-01,1.047601077250587487e+00,1.597863907251087845e+00
6.215209961142265911e+02,5.922915257389458343e-01,1.044941632415905541e+00,1.591797243850978427e+00
6.216247558798550017e+02,5.927014849823019071e-01,1.041918650705812910e+00,1.574233787590683109e+00
6.217285156454834123e+02,5.945256218087960898e-01,1.037944146632424847e+00,1.555755217345373254e+00
6.218322754111118229e+02,5.941564433208700313e-01,1.034819729317265846e+00,1.534714840101027766e+00
6.219360351767402335e+02,5.941611197967036073e-01,1.032417964710931280e+00,1.519561625855729625e+00
6.220397949423686441e+02,5.957469105099222340e-01,1.028811157909298668e+00,1.502548793777351843e+00
6.221435547079970547e+02,5.967093633672294617e-01,1.026738358743672919e+00,1.492972544978328431e+00
6.222473144736254653e+02,5.975524107879290892e-01,1.024056464617575157e+00,1.479113441995604905e+00
6.223510742392538759e+02,5.976047181062729141e-01,1.021608011978387243e+00,1.463805755929527219e+00
6.224548340048822865e+02,5.983590026166968334e-01,1.019349274517739490e+00,1.452294943851521802e+00
6.225585937705106971e+02,5.994424809113934050e-01,1.014986656406692278e+00,1.428676777980251389e+00
6.226623535361391077e+02,6.003302951367803786e-01,1.013020054695859429e+00,1.419531046980715860e+00
6.227661133017676320e+02,6.020786788981248305e-01,1.011177215183267419e+00,1.414429049364341662e+00
6.228698730673960426e+02,6.025288869735275776e-01,1.007651676013756381e+00,1.393761969908695164e+00
6.229736328330244532e+02,6.021883832900105649e-01,1.004108182811090932e+00,1.369944007228044214e+00
6.230773925986528639e+02,6.028450048067206524e-01,1.001199194645132406e+00,1.353940806888548343e+00
6.231811523642812745e+02,6.037331543827494373e-01,9.995474402601574049e-01,1.346834276812502784e+00
6.232849121299096851e+02,6.046315416495989803e-01,9.971803915886281455e-01,1.335223137013919148e+00
6.233886718955380957e+02,6.043530577251098324e-01,9.940883130941615686e-01,1.314435617449071003e+00
6.234924316611665063e+02,6.062508756505382568e-01,9.902951718802216474e-01,1.297622637530156275e+00
6.235961914267949169e+02,6.075011514068704432e-01,9.886310379027518636e-01,1.291899010341942322e+00
6.236999511924233275e+02,6.080398191010689679e-01,9.846203704620624109e-01,1.268420989625318684e+00
6.238037109580517381e+02,6.099583050949485274e-01,9.820467514446425961e-01,1.259575754193591468e+00
6.239074707236801487e+02,6.099466945609980373e-01,9.787201766342198406e-01,1.238281800579297709e+00
6.240112304893085593e+02,6.098713036903578022e-01,9.761935254972102793e-01,1.221820532123508052e+00
6.241149902549369699e+02,6.107587262627731661e-01,9.731230274394188084e-01,1.205721704141917261e+00
6.242187500205653805e+02,6.108598234233492130e-01,9.706748994128889807e-01,1.190444605661450161e+00
6.243225097861937911e+02,6.110596093734949052e-01,9.672016706227879457e-01,1.168974817302807834e+00
6.244262695518223154e+02,6.122602851271623514e-01,9.650816801843183912e-01,1.160247428752013477e+00
6.245300293174507260e+02,6.140472010262448821e-01,9.634396962936206954e-01,1.157003608970285535e+00
6.246337890830791366e+02,6.156101175336863296e-01,9.599915852450835452e-01,1.141302793722432263e+00
6.247375488487075472e+02,6.153114257928715691e-01,9.557054522299420762e-01,1.112561478144158400e+00
6.248413086143359578e+02,6.166595325772814551e-01,9.531466776566664967e-01,1.101712286993219214e+00
6.249450683799643684e+02,6.168828419459001511e-01,9.524074624257851118e-01,1.097892029264067926e+00
6.250488281455927790e+02,6.167825386153462652e-01,9.495442424802622572e-01,1.079066460464613186e+00
6.251525879112211896e+02,6.171497508176678748e-01,9.464444471944241100e-01,1.060653542609132804e+00
6.252563476768496002e+02,6.191320109628359880e-01,9.437830977140629907e-01,1.051868071110133362e+00
6.253601074424780109e+02,6.196299212103340004e-01,9.416227692096582613e-01,1.040070321790277363e+00
6.254638672081064215e+02,6.199632401960271100e-01,9.385315485249050571e-01,1.021577713280994226e+00
6.255676269737348321e+02,6.200619918935919017e-01,9.359323756759290180e-01,1.005243427916873378e+00
6.256713867393632427e+02,6.198711332175488309e-01,9.336451077515559582e-01,9.896661323896540630e-01
6.257751465049916533e+02,6.203818528758434647e-01,9.305397140352782426e-01,9.718016532906749161e-01
6.258789062706200639e+02,6.220905762317063825e-01,9.277058243575857510e-01,9.608747352269455533e-01
6.259826660362485882e+02,6.231822524477943492e-01,9.244811208351817466e-01,9.447862742288076765e-01
6.260864258018769988e+02,6.231397467243141586e-01,9.221638108943960299e-01,9.296236439123345408e-01
6.261901855675054094e+02,6.234076636087384493e-01,9.207069944820613916e-01,9.213738816976052570e-01
6.262939453331338200e+02,6.239529676941169001e-01,9.164403705203107986e-01,8.961557660550629745e-01
6.263977050987622306e+02,6.256995499302084873e-01,9.141875937824981424e-01,8.892910685776939106e-01
6.265014648643906412e+02,6.261884022329189392e-01,9.124493777972625397e-01,8.802112978872369542e-01
6.266052246300190518e+02,6.269100480688708510e-01,9.090125593495852474e-01,8.611771216657377881e-01
6.267089843956474624e+02,6.273728341771295236e-01,9.072677529023357446e-01,8.519473328672927392e-01
6.268127441612758730e+02,6.268497018235544838e-01,9.037647053063725400e-01,8.268887847078250086e-01
6.269165039269042836e+02,6.284731028100124517e-01,9.016745228036092685e-01,8.206527548869281263e-01
6.270202636925326942e+02,6.288651422518563017e-01,8.994602806075184809e-01,8.080686329673091306e-01
6.271240234581611048e+02,6.284547213232868357e-01,8.973405986710103477e-01,7.924475218653594943e-01
6.272277832237895154e+02,6.289683499489268081e-01,8.950795365697561401e-01,7.801017216553498557e-01
6.273315429894179260e+02,6.297812090299164112e-01,8.926146473790989022e-01,7.678067665345029713e-01
6.274353027550463366e+02,6.308140869227673031e-01,8.896680160095717937e-01,7.534092956504466754e-01
6.275390625206748609e+02,6.315226978807224612e-01,8.870097349381563800e-01,7.394082357918250192e-01
6.276428222863032715e+02,6.310844564671931334e-01,8.847159411969349740e-01,7.224617899337222315e-01
6.277465820519316821e+02,6.325234641094458210e-01,8.821251589594730769e-01,7.123034511764713139e-01
6.278503418175600927e+02,6.332567053361171094e-01,8.802209397852601702e-01,7.033454830641989730e-01
6.279541015831885034e+02,6.345114247454151091e-01,8.771829741094934185e-01,6.894788749914539938e-01
6.280578613488169140e+02,6.356983178672387380e-01,8.743950497660187837e-01,6.769526048365190896e-01
6.281616211144453246e+02,6.346778953467073769e-01,8.715139887258798179e-01,6.533791508161270745e-01
6.282653808800737352e+02,6.355503713378137798e-01,8.696989203774291299e-01,6.457047438090941505e-01
6.283691406457021458e+02,6.354748413537918417e-01,8.683613712035420651e-01,6.366345680221578984e-01
6.284729004113305564e+02,6.371068963532913187e-01,8.656853830900340663e-01,6.270093073841205289e-01
6.285766601769589670e+02,6.377650228902238538e-01,8.630209492467785237e-01,6.128256706609349624e-01
6.286804199425873776e+02,6.379541507978225834e-01,8.601567702423050799e-01,5.950857592450882194e-01
6.287841797082157882e+02,6.394392618809758844e-01,8.580638805495478527e-01,5.886472599314055421e-01
6.288879394738441988e+02,6.399657492072000631e-01,8.558406124794477599e-01,5.767344887312010338e-01
6.289916992394726094e+02,6.398299218018572709e-01,8.529546957954814435e-01,5.572763044475852467e-01
6.290954590051010200e+02,6.417469701758532485e-01,8.500904942043553403e-01,5.480182901131428475e-01
6.291992187707295443e+02,6.423750353693963300e-01,8.483442560860878778e-01,5.397441855219377027e-01
6.293029785363579549e+02,6.418772450559750986e-01,8.470487655357005208e-01,5.288546968093394973e-01
6.294067383019863655e+02,6.411323063042405623e-01,8.446038073579369421e-01,5.092324153529932396e-01
6.295104980676147761e+02,6.416090057200052321e-01,8.425794557593051515e-01,4.983887396895864685e-01
6.296142578332431867e+02,6.425818524453273950e-01,8.387260668490978954e-01,4.780926687264481778e-01
6.297180175988715973e+02,6.446320770562601332e-01,8.374458884424995642e-01,4.800112108157162938e-01
6.298217773645000079e+02,6.441404331763870283e-01,8.337461546709270532e-01,4.534236435243019780e-01
6.299255371301284185e+02,6.439609532566270556e-01,8.323726355985143766e-01,4.435546512374036743e-01
6.300292968957568291e+02,6.444991957929026016e-01,8.301450823420919445e-01,4.317361219030016461e-01
6.301330566613852397e+02,6.467737051755415578e-01,8.285348015000316702e-01,4.327821838104823349e-01
6.302368164270136504e+02,6.468976588512586057e-01,8.265521165267134540e-01,4.204954512187347171e-01
6.303405761926420610e+02,6.468423144911407130e-01,8.239589929308318572e-01,4.033068341281409452e-01
6.304443359582704716e+02,6.473049431790270924e-01,8.213288038168519156e-01,3.885242292071467429e-01
6.305480957238988822e+02,6.477396193467651608e-01,8.189030056412961445e-01,3.749372754679703434e-01
6.306518554895272928e+02,6.492934328909482078e-01,8.176922105124446727e-01,3.750717882576548035e-01
6.307556152551558171e+02,6.502384976875913436e-01,8.164198329234001461e-01,3.716801480747122799e-01
6.308593750207842277e+02,6.507928227574468760e-01,8.126617600205332526e-01,3.500942373423993059e-01
6.309631347864126383e+02,6.521988104753640991e-01,8.108682560206628143e-01,3.457656957414294574e-01
6.310668945520411626e+02,6.526842845219841260e-01,8.084334619943146505e-01,3.324736302934493959e-01
6.311706543176695732e+02,6.523759890099406489e-01,8.069464116459019731e-01,3.211768052285540742e-01
6.312744140832979838e+02,6.544679838256333149e-01,8.064747875214159922e-01,3.291272654772700590e-01
6.313781738489263944e+02,6.539716938003984348e-01,8.024706041956091163e-01,3.004812417950295522e-01
6.314819336145548050e+02,6.542070052469096675e-01,8.012415824751939475e-01,2.937358146815729487e-01
6.315856933801832156e+02,6.541968962994535453e-01,7.990249101562978407e-01,2.792599517889894356e-01
6.316894531458116262e+02,6.556807265673393337e-01,7.961137032235170441e-01,2.682497469493395625e-01
6.317932129114400368e+02,6.570024984338791452e-01,7.948732311569048914e-01,2.672758582398331861e-01
6.318969726770684474e+02,6.575538140826404643e-01,7.927097082753401525e-01,2.561946832141878683e-01
6.320007324426968580e+02,6.581388502515165273e-01,7.903685578010808399e-01,2.441555236701464238e-01
6.321044922083252686e+02,6.582607051169053758e-01,7.885944709682031206e-01,2.333000640154296867e-01
6.322082519739536792e+02,6.581305733118226753e-01,7.856086737879136583e-01,2.132032863714328208e-01
6.323120117395822035e+02,6.597508616669331971e-01,7.853546198571006443e-01,2.203765148617587988e-01
6.324157715052106141e+02,6.621866027843503755e-01,7.824868577891652688e-01,2.151046700913580856e-01
6.325195312708390247e+02,6.622796496384009135e-01,7.806160998156744801e-01,2.035126624962818043e-01
6.326232910364674353e+02,6.623391091945798337e-01,7.792750803890754474e-01,1.951621676403157424e-01
6.327270508020958459e+02,6.627865629649831725e-01,7.775984117642820159e-01,1.867775086754829283e-01
6.328308105677242565e+02,6.641187150374456838e-01,7.761970547319810843e-01,1.850724265081420961e-01
6.329345703333526671e+02,6.652976650130638658e-01,7.732754295051559312e-01,1.727375201655442782e-01
6.330383300989810778e+02,6.645070699824207061e-01,7.720540455580031658e-01,1.604548929462114026e-01
6.331420898646094884e+02,6.656289852661934070e-01,7.702378609983571156e-01,1.549736158742670289e-01
6.332458496302378990e+02,6.671792802808832468e-01,7.685564486139511153e-01,1.527892834386072596e-01
6.333496093958663096e+02,6.678865224620513796e-01,7.671800351893479641e-01,1.478826272842682088e-01
6.334533691614947202e+02,6.681818693909717943e-01,7.650966011624891205e-01,1.361228370334931492e-01
6.335571289271231308e+02,6.689908926719450033e-01,7.635981491243738484e-01,1.310317933160434489e-01
6.336608886927515414e+02,6.693700115410837759e-01,7.617616732704296512e-01,1.213548719248476737e-01
6.337646484583799520e+02,6.709568638791100215e-01,7.593854125357933915e-01,1.150671898162465845e-01
6.338684082240084763e+02,6.725050842080531055e-01,7.582575735228301861e-01,1.166246710230654932e-01
6.339721679896368869e+02,6.721636966081757647e-01,7.551253621487528100e-01,9.458692461269820051e-02
6.340759277552652975e+02,6.725149841960539332e-01,7.527882686236552212e-01,8.159940851190738975e-02
6.341796875208937081e+02,6.740521795334338817e-01,7.516158119467448717e-01,8.290379314973414515e-02
6.342834472865221187e+02,6.747324885082653934e-01,7.514836149127075426e-01,8.596575844423828827e-02
6.343872070521505293e+02,6.770435175399341921e-01,7.504929519617240530e-01,9.292615313823275602e-02
6.344909668177789399e+02,6.775773974534415878e-01,7.489771616425299205e-01,8.633346421405385662e-02
6.345947265834073505e+02,6.781685390191709573e-01,7.462651981022981884e-01,7.245922054668701984e-02
6.346984863490357611e+02,6.784027956481628596e-01,7.447748545864978365e-01,6.431783906618329660e-02
6.348022461146641717e+02,6.789125633172226060e-01,7.439785583074421949e-01,6.220527531256042630e-02
6.349060058802925823e+02,6.807980195539989898e-01,7.422073731093682403e-01,6.191142327975265175e-02
6.350097656459209929e+02,6.813580781759153160e-01,7.401578343925446779e-01,5.215894264803782460e-02
6.351135254115494035e+02,6.832066743423595989e-01,7.397373721532244373e-01,6.030562345504267285e-02
6.352172851771778141e+02,6.843305783198955217e-01,7.373018299605267334e-01,5.147179074519686592e-02
6.353210449428062248e+02,6.843893104384962678e-01,7.351412808480478622e-01,3.814299662991810919e-02
6.354248047084347490e+02,6.840750231377407120e-01,7.336666333412892316e-01,2.695261353998532061e-02
6.355285644740631597e+02,6.844835397694207790e-01,7.319345388182756373e-01,1.840060984277705827e-02
6.356323242396915703e+02,6.866124824023828177e-01,7.297679286251190778e-01,1.732817677215373747e-02
6.357360840053199809e+02,6.879846733292545036e-01,7.286942674431988731e-01,1.871352890841771269e-02
6.358398437709483915e+02,6.896633583201497997e-01,7.282252068556390734e-01,2.575315529560161937e-02
6.359436035365768021e+02,6.913460098578626534e-01,7.267485051618881586e-01,2.650945487615929269e-02
6.360473633022052127e+02,6.915641577407386498e-01,7.237533647116027868e-01,9.023584735990070396e-03
6.361511230678336233e+02,6.923241680583611668e-01,7.238262746307675410e-01,1.403640189828941030e-02
6.362548828334620339e+02,6.930827756393574957e-01,7.232865388552759400e-01,1.520471697177749881e-02
6.363586425990904445e+02,6.946355816816728312e-01,7.206801357653379592e-01,8.237044759566110319e-03
6.364624023647188551e+02,6.953125018528968360e-01,7.200422163912553186e-01,8.331623728095914963e-03
6.365661621303472657e+02,6.964363033825448079e-01,7.187038287462844677e-01,6.764156461526176119e-03
6.366699218959756763e+02,6.977737563774444318e-01,7.177972837131789685e-01,9.202305388025751320e-03
6.367736816616040869e+02,6.995767154305226887e-01,7.154787816278764812e-01,5.717923898500344194e-03
6.368774414272324975e+02,7.001292073780719383e-01,7.137805252751645568e-01,-1.461450126960721655e-03
6.369812011928609081e+02,6.998653699603641920e-01,7.120828328367171389e-01,-1.359950101741183755e-02
6.370849609584894324e+02,7.019943352424066196e-01,7.115503715123160378e-01,-3.910506300323120764e-03
6.371887207241178430e+02,7.034512341603296193e-01,7.100743397099299470e-01,-4.131206865357864473e-03
6.372924804897462536e+02,7.049523746387164058e-01,7.092421300795771488e-01,-7.708974149649150658e-05
6.373962402553746642e+02,7.062694709926997660e-01,7.076386386985180632e-01,-1.872175188595269837e-03
6.375000000210030748e+02,7.070450737765477944e-01,7.061415967174132780e-01,-6.307533246637206034e-03
6.376037597866314854e+02,7.078387434381084864e-01,7.058017802799183560e-01,-3.511214337550728169e-03
6.377075195522598960e+02,7.094744776567114553e-01,7.052267051607282733e-01,3.033530074639530227e-03
6.378112793178883067e+02,7.108970024006313615e-01,7.048052128557168450e-01,9.218689088840907250e-03
6.379150390835167173e+02,7.131708914915869668e-01,7.029811634001873477e-01,1.212262324624281337e-02
6.380187988491451279e+02,7.139030321232232579e-01,7.015136255326753778e-01,7.718827454699130064e-03
6.381225586147735385e+02,7.144963724210078304e-01,6.997940494681623713e-01,9.413523155319090951e-04
6.382263183804019491e+02,7.159350387341254507e-01,6.997386825224171103e-01,9.531865686513631142e-03
6.383300781460303597e+02,7.177328029709136858e-01,6.983382177456678441e-01,1.221532931715632944e-02
6.384338379116587703e+02,7.184936544063514896e-01,6.975115423065343379e-01,1.195045385025286268e-02
6.385375976772871809e+02,7.213524081614991479e-01,6.958819085442540242e-01,1.993574743635539298e-02
6.386413574429157052e+02,7.211954688193765728e-01,6.938465227136102476e-01,6.708580093983964286e-03
6.387451172085441158e+02,7.224412190307466508e-01,6.922359965963732487e-01,4.826627858082430632e-03
6.388488769741725264e+02,7.238930727697774348e-01,6.918979908580843441e-01,1.190076597752691770e-02
6.389526367398009370e+02,7.249829889768012459e-01,6.913233807130372277e-01,1.529646400310958124e-02
6.390563965054293476e+02,7.273394532553608682e-01,6.894192060271274736e-01,1.872769416256211267e-02
6.391601562710577582e+02,7.283313512475019236e-01,6.890981077809993360e-01,2.305514596543946013e-02
6.392639160366861688e+02,7.289511708464452289e-01,6.888339388823058185e-01,2.538403533352864838e-02
6.393676758023145794e+02,7.316353112252858004e-01,6.869544841982947458e-01,3.114290717719206056e-02
6.394714355679429900e+02,7.331944947993134232e-01,6.853279445422854055e-01,3.136654648951266861e-02
6.395751953335714006e+02,7.329031230936198238e-01,6.840903587029415478e-01,2.220769351261681762e-02
6.396789550991998112e+02,7.339595804603584739e-01,6.837580141027558289e-01,2.693673656786081672e-02
6.397827148648282218e+02,7.360932555320355286e-01,6.826295018742902787e-01,3.381385788142982074e-02
6.398864746304566324e+02,7.386968981669718159e-01,6.817418389505699450e-01,4.512697407229834812e-02
6.399902343960850430e+02,7.395316939990682625e-01,6.811635945074868692e-01,4.704316665590047020e-02
6.400939941617134537e+02,7.412258040507181400e-01,6.805579771147617363e-01,5.427137524885532194e-02
6.401977539273418643e+02,7.436911052849185522e-01,6.800533693207018171e-01,6.700902184219002800e-02
6.403015136929703885e+02,7.452497463613614315e-01,6.785795213806037340e-01,6.837002864913808986e-02
6.404052734585987992e+02,7.469561101626236432e-01,6.775282321884842363e-01,7.315801109865653629e-02
6.405090332242272098e+02,7.476253481730567030e-01,6.772587714834082950e-01,7.586958922909914360e-02
6.406127929898556204e+02,7.487668788577159784e-01,6.749618246346208439e-01,6.990004461316523532e-02
6.407165527554840310e+02,7.512878966222727994e-01,6.747268971514599478e-01,8.468113113701361550e-02
6.408203125211124416e+02,7.532171692642161132e-01,6.744604821774097259e-01,9.549916439238961829e-02
6.409240722867408522e+02,7.538493882754923048e-01,6.738504424351404731e-01,9.605259189487945493e-02
6.410278320523692628e+02,7.559199982568380882e-01,6.725244042136365730e-01,1.017445031523738497e-01
6.411315918179976734e+02,7.576680920058230795e-01,6.711224400215131114e-01,1.049766285011433237e-01
6.412353515836260840e+02,7.592344173654874684e-01,6.706664965469510964e-01,1.124489680879738052e-01
6.413391113492544946e+02,7.610953541536413791e-01,6.698354362617626734e-01,1.197015296478502744e-01
6.414428711148829052e+02,7.633355628357627598e-01,6.691567962800756275e-01,1.302776628617457189e-01
6.415466308805113158e+02,7.650203414566835169e-01,6.691217596403203904e-01,1.409193491650027608e-01
6.416503906461397264e+02,7.669098306233673723e-01,6.685848442192425800e-01,1.500596409987382529e-01
6.417541504117681370e+02,7.690463447971916944e-01,6.668850792341728395e-01,1.543017136847206483e-01
6.418579101773966613e+02,7.709896814651896468e-01,6.659297977270040025e-01,1.615031680037913586e-01
6.419616699430250719e+02,7.722575675747526125e-01,6.648280245534855526e-01,1.635550033302147765e-01
6.420654297086534825e+02,7.738794773858006515e-01,6.646187165883147285e-01,1.728694497934904761e-01
6.421691894742818931e+02,7.754970278472193002e-01,6.634551596845233989e-01,1.768779088368135910e-01
6.422729492399103037e+02,7.776509898397858667e-01,6.620164878442453826e-01,1.828717824848840878e-01
6.423767090055387143e+02,7.804092350088931429e-01,6.613493528909599739e-01,1.970667105277306708e-01
6.424804687711671249e+02,7.819306443959164188e-01,6.607640129928138428e-01,2.037148244429235200e-01
6.425842285367955355e+02,7.830199487761417831e-01,6.610261041976582819e-01,2.122062943776065191e-01
6.426879883024239462e+02,7.858390812091416988e-01,6.593112527593643080e-01,2.211249148960436339e-01
6.427917480680523568e+02,7.880273741780426944e-01,6.582306720035804304e-01,2.294557055562379544e-01
6.428955078336807674e+02,7.905380503053252017e-01,6.579304835696091480e-01,2.441297688919467912e-01
6.429992675993091780e+02,7.916022525163599610e-01,6.587024173146731609e-01,2.552009199173091991e-01
6.431030273649375886e+02,7.931145726332434753e-01,6.577826131270156917e-01,2.600537263237502894e-01
6.432067871305659992e+02,7.956638416597814345e-01,6.558642773030183282e-01,2.663085712254983917e-01
6.433105468961944098e+02,7.968839373680950411e-01,6.553587302756526123e-01,2.715344791241763311e-01
6.434143066618228204e+02,7.991752277932886450e-01,6.547286558765452735e-01,2.830712197185704104e-01
6.435180664274513447e+02,8.004122612155716299e-01,6.543085793104542747e-01,2.888811709064436628e-01
6.436218261930797553e+02,8.022063680177936584e-01,6.532269407548743079e-01,2.948137867041063509e-01
6.437255859587081659e+02,8.044955979092638376e-01,6.528483754457832244e-01,3.077136929539663890e-01
6.438293457243365765e+02,8.064677892161181694e-01,6.513927275857684940e-01,3.128837253513394590e-01
6.439331054899649871e+02,8.079138890741736079e-01,6.504400235715596112e-01,3.173035971232385233e-01
6.440368652555933977e+02,8.106821710403776526e-01,6.509322145947710192e-01,3.379288176168590008e-01
6.441406250212218083e+02,8.133807461274221717e-01,6.507927118607349515e-01,3.547752475255516180e-01
6.442443847868502189e+02,8.152497983377496871e-01,6.507393018077619606e-01,3.666636466048339704e-01
6.443481445524786295e+02,8.171848356455293505e-01,6.497146547108204606e-01,3.739469691958383080e-01
6.444519043181070401e+02,8.196541428269216167e-01,6.486910150083866622e-01,3.847429191377210733e-01
6.445556640837354507e+02,8.220993914372235478e-01,6.479447998549738852e-01,3.968368401005413215e-01
6.446594238493638613e+02,8.243546634294677267e-01,6.474867456082227246e-01,4.091853093265135910e-01
6.447631836149922719e+02,8.266342710306787689e-01,6.469137565166849235e-01,4.211129239710680316e-01
6.448669433806206825e+02,8.281793085961766110e-01,6.455278074506045627e-01,4.241291387880860575e-01
6.449707031462490932e+02,8.306103104177483543e-01,6.457313297037468036e-01,4.410149687859585832e-01
6.450744629118776174e+02,8.323459913623613149e-01,6.456582659576490801e-01,4.519558495058042524e-01
6.451782226775060280e+02,8.341386219616991893e-01,6.444844496949214685e-01,4.577169257972745209e-01
6.452819824431344387e+02,8.386101817042136419e-01,6.436204334295900775e-01,4.825308886694879007e-01
6.453857422087628493e+02,8.412186573869387951e-01,6.424640169926171263e-01,4.937652777199638132e-01
6.454895019743912599e+02,8.420664302594411676e-01,6.421575032882390621e-01,4.977686828741747505e-01
6.455932617400196705e+02,8.439636820575613374e-01,6.416106879035373689e-01,5.074273020466354422e-01
6.456970215056480811e+02,8.460271489970295766e-01,6.414633975194315996e-01,5.201532298575330948e-01
6.458007812712764917e+02,8.491337447934100835e-01,6.406760346900254310e-01,5.365221619282968257e-01
6.459045410369049023e+02,8.504180978785844669e-01,6.402450161235637704e-01,5.427767651330811516e-01
6.460083008025333129e+02,8.527133623926902439e-01,6.394142416270607310e-01,5.536711098689230948e-01
6.461120605681617235e+02,8.538331553919912276e-01,6.390668739458182923e-01,5.592755250398258049e-01
6.462158203337901341e+02,8.571968568986063630e-01,6.395808402032077122e-01,5.836911548395700144e-01
6.463195800994185447e+02,8.603295036858085165e-01,6.387105989727587252e-01,5.998655762506737155e-01
6.464233398650469553e+02,8.619814488050689949e-01,6.373972126241196356e-01,6.042857919595192584e-01
6.465270996306753659e+02,8.643825663616383492e-01,6.363971702506252548e-01,6.151225807112626898e-01
6.466308593963037765e+02,8.667482242417458016e-01,6.358897610868242678e-01,6.281064210268166859e-01
6.467346191619323008e+02,8.692072549695828432e-01,6.353700160725566093e-01,6.416448274560336840e-01
6.468383789275607114e+02,8.721488015704765839e-01,6.339371555039238215e-01,6.540037689828590572e-01
6.469421386931891220e+02,8.746675375938365304e-01,6.330713609172152756e-01,6.663248843859986836e-01
6.470458984588175326e+02,8.772930140980307323e-01,6.337286277567850679e-01,6.865146017816897706e-01
6.471496582244459432e+02,8.806148309254898665e-01,6.333573393263195461e-01,7.063770249235361565e-01
6.472534179900743538e+02,8.821860126876848174e-01,6.325686805566705928e-01,7.129100041346256855e-01
6.473571777557027644e+02,8.843726927734717469e-01,6.311824230245310918e-01,7.206831311208173885e-01
6.474609375213311750e+02,8.855012429371874605e-01,6.303696094027188002e-01,7.242574785285287309e-01
6.475646972869595857e+02,8.894069068254674137e-01,6.306062942801775595e-01,7.507553051396377297e-01
6.476684570525879963e+02,8.910599289603646778e-01,6.319166838516557805e-01,7.675200346231065840e-01
6.477722168182164069e+02,8.944432788044389682e-01,6.294775991277834493e-01,7.782951181854497191e-01
6.478759765838448175e+02,8.956913721255024274e-01,6.282770383848005347e-01,7.809236208967040849e-01
6.479797363494732281e+02,8.992822905193531557e-01,6.279876017308491098e-01,8.029344799923830989e-01
6.480834961151016387e+02,9.012624996920233222e-01,6.260591150190506493e-01,8.070731763571574735e-01
6.481872558807300493e+02,9.037337973727609386e-01,6.267092164607379612e-01,8.260559208885833726e-01
6.482910156463585736e+02,9.063749844577021486e-01,6.268419750638709598e-01,8.437837834872435883e-01
6.483947754119869842e+02,9.099337075436265687e-01,6.271157539100110645e-01,8.680582881822812569e-01
6.484985351776153948e+02,9.123838171649364392e-01,6.259598349669464046e-01,8.787718792252670053e-01
6.486022949432438054e+02,9.150362131079093908e-01,6.250397961203162378e-01,8.918634857635465707e-01
6.487060547088722160e+02,9.172858040715355932e-01,6.234606102102122627e-01,8.994620111000034557e-01
6.488098144745006266e+02,9.194789915409765646e-01,6.231895734371382112e-01,9.124718071865195457e-01
6.489135742401290372e+02,9.226040126948027442e-01,6.241597660842650441e-01,9.369253664231729228e-01
6.490173340057574478e+02,9.247280259839937289e-01,6.238113629413292172e-01,9.491202587294984561e-01
6.491210937713858584e+02,9.291647935996264485e-01,6.226645634229793780e-01,9.727757359134925341e-01
6.492248535370142690e+02,9.309801599870366484e-01,6.206359565547513446e-01,9.757416616477021520e-01
6.493286133026426796e+02,9.330297492734712650e-01,6.204104440111778418e-01,9.880067745586945671e-01
6.494323730682710902e+02,9.368729581587403876e-01,6.195908457312943041e-01,1.009298579797327289e+00
6.495361328338995008e+02,9.382632676663281712e-01,6.201308573609028985e-01,1.020562748755350801e+00
6.496398925995279114e+02,9.414187421968793767e-01,6.193729609734248687e-01,1.037668258826239809e+00
6.497436523651563220e+02,9.446408318385723923e-01,6.176252735942990846e-01,1.051037265328218284e+00
6.498474121307848463e+02,9.466811568805539867e-01,6.173278121045061573e-01,1.062925178968965767e+00
6.499511718964132569e+02,9.487873686828852682e-01,6.179974152383694852e-01,1.079280909686681333e+00
6.500549316620416676e+02,9.509110606568114132e-01,6.167532163236124632e-01,1.087734537057124973e+00
6.501586914276700782e+02,9.533718671873723238e-01,6.160447653281598823e-01,1.100605149774470437e+00
6.502624511932984888e+02,9.564877358761736392e-01,6.152424107441732959e-01,1.117301747017026781e+00
6.503662109589268994e+02,9.603762500954596826e-01,6.139130468850495514e-01,1.136799466311061213e+00
6.504699707245553100e+02,9.630276916736432158e-01,6.144180505404773784e-01,1.155878398324028833e+00
6.505737304901837206e+02,9.664532482361678500e-01,6.118094585171537370e-01,1.167215137603589969e+00
6.506774902558121312e+02,9.687324876047807010e-01,6.110653723528827186e-01,1.178820349948531021e+00
6.507812500214405418e+02,9.709925232380564042e-01,6.115102350091672356e-01,1.195103349555935557e+00
6.508850097870689524e+02,9.737569285909136729e-01,6.104776372538848195e-01,1.208651732592969319e+00
6.509887695526973630e+02,9.761539264703151808e-01,6.107234405551176248e-01,1.224975404627859810e+00
6.510925293183257736e+02,9.790801403805494685e-01,6.099020630920054531e-01,1.240404846481493628e+00
6.511962890839541842e+02,9.827776510512140629e-01,6.097483768717689712e-01,1.263408687491970550e+00
6.513000488495825948e+02,9.847873772832678174e-01,6.074109403776467575e-01,1.267008557207025099e+00
6.514038086152110054e+02,9.880157398621786102e-01,6.062049188843867675e-01,1.282892289517021611e+00
6.515075683808395297e+02,9.893823514426700605e-01,6.060250204880021085e-01,1.290914432893769614e+00
6.516113281464679403e+02,9.929192257852346160e-01,6.052038370586598770e-01,1.310281721492696061e+00
6.517150879120963509e+02,9.978568619981502685e-01,6.036304505899483530e-01,1.335670209759073135e+00
6.518188476777247615e+02,9.989671619182032281e-01,6.031594699423414863e-01,1.340931539655343174e+00
6.519226074433531721e+02,1.000186597426674151e+00,6.032520069004575491e-01,1.349054904852986514e+00
6.520263672089815827e+02,1.003681809810579750e+00,6.023806777461627737e-01,1.367965323327743565e+00
6.521301269746099933e+02,1.006143377645053905e+00,6.018669912270963041e-01,1.381663466749736724e+00
6.522338867402384039e+02,1.010472519282958448e+00,6.011882533981726118e-01,1.406594943473767900e+00
6.523376465058668146e+02,1.013079341548261070e+00,5.997392414659922233e-01,1.417685288949853906e+00
6.524414062714952252e+02,1.015552157817223522e+00,6.003537509150189688e-01,1.435677241377677049e+00
6.525451660371236358e+02,1.018298917068635179e+00,5.983855320145230472e-01,1.445735629939199907e+00
6.526489258027520464e+02,1.020392530869193903e+00,5.981041612276231101e-01,1.457958299474946040e+00
6.527526855683804570e+02,1.025379151441861536e+00,5.973763375504159701e-01,1.486831191816520903e+00
6.528564453340088676e+02,1.026747324839106135e+00,5.962276664921083436e-01,1.491259293536395969e+00
6.529602050996372782e+02,1.028530236977205803e+00,5.945975840878646723e-01,1.496564934259835056e+00
6.530639648652658025e+02,1.032159542861185164e+00,5.949977673272641709e-01,1.520973550511214301e+00
6.531677246308942131e+02,1.035873604912866952e+00,5.939693268370760393e-01,1.540688710883745483e+00
6.532714843965226237e+02,1.039293977545877157e+00,5.926847180996730469e-01,1.557631812598995191e+00
6.533752441621510343e+02,1.040955019742670684e+00,5.920372542145244665e-01,1.565780619968091258e+00
6.534790039277794449e+02,1.043520562944431740e+00,5.924891051986679313e-01,1.583560093171439975e+00
6.535827636934078555e+02,1.046930417776438471e+00,5.912174041132358671e-01,1.600485356907716650e+00
6.536865234590362661e+02,1.050113236705430664e+00,5.895096545856096659e-01,1.614457018744611450e+00
6.537902832246646767e+02,1.053567272454991599e+00,5.887366767671166068e-01,1.633447398236831383e+00
6.538940429902930873e+02,1.056185765968218782e+00,5.885526256559675540e-01,1.649243696738718512e+00
6.539978027559214979e+02,1.057914205054965029e+00,5.872164616688058114e-01,1.655427492607447704e+00
6.541015625215499085e+02,1.061983435963855360e+00,5.863021683599990430e-01,1.677776942025676288e+00
6.542053222871783191e+02,1.065634965471303541e+00,5.845189134883406190e-01,1.694511292736843311e+00
6.543090820528067297e+02,1.067740293806115570e+00,5.831970480277343105e-01,1.703169177123864619e+00
6.544128418184351403e+02,1.069148549209580468e+00,5.823960986541124596e-01,1.709255129028864673e+00
6.545166015840635509e+02,1.073168980610272216e+00,5.821768376068647832e-01,1.733673900791777189e+00
6.546203613496919615e+02,1.076354552714956059e+00,5.813410711391450159e-01,1.750757240661095171e+00
6.547241211153204858e+02,1.079439119244157030e+00,5.798543326170894074e-01,1.765021559609134316e+00
6.548278808809488964e+02,1.081898754442889521e+00,5.791419120272068843e-01,1.777990948514045932e+00
6.549316406465773071e+02,1.083957722548668734e+00,5.792063277912352648e-01,1.791047187631114257e+00
6.550354004122057177e+02,1.088122221338753359e+00,5.778827437948480528e-01,1.812598795517369465e+00
6.551391601778341283e+02,1.090978703809523331e+00,5.761647515737384762e-01,1.824718183535613880e+00
6.552429199434625389e+02,1.094921521621158744e+00,5.755140518052194176e-01,1.847111758184175390e+00
6.553466797090909495e+02,1.098332194034180143e+00,5.746323474240153661e-01,1.865427238716622416e+00
6.554504394747193601e+02,1.100201593340564443e+00,5.734731767014403792e-01,1.873275099918638498e+00
6.555541992403477707e+02,1.102214233293465462e+00,5.727399830668697955e-01,1.883398350393149512e+00
6.556579590059761813e+02,1.107301154249409558e+00,5.717151445589970793e-01,1.911641995440244379e+00
6.557617187716045919e+02,1.108490054113982382e+00,5.704175891627799588e-01,1.914863451743454847e+00
6.558654785372330025e+02,1.113252843716575402e+00,5.676956425882491164e-01,1.935726472161605205e+00
6.559692383028614131e+02,1.114556158972249245e+00,5.683745874005444731e-01,1.945934520605172802e+00
6.560729980684898237e+02,1.117642490916291198e+00,5.678752392546180250e-01,1.963439613787239191e+00
6.561767578341182343e+02,1.120571351682250860e+00,5.656020225612166108e-01,1.974420586554907153e+00
6.562805175997467586e+02,1.121682456624000457e+00,5.647005758823195887e-01,1.978477412461955076e+00
6.563842773653751692e+02,1.125892537129182358e+00,5.642578945660819967e-01,2.003089270065744110e+00
6.564880371310035798e+02,1.129866813247450308e+00,5.618852889176950693e-01,2.020287390636983371e+00
6.565917968966319904e+02,1.132951787124231613e+00,5.614363714200559796e-01,2.037915729026234413e+00
6.566955566622604010e+02,1.136394252897914514e+00,5.595845503065639548e-01,2.053469664589998356e+00
6.567993164278888116e+02,1.138079827623163620e+00,5.594210069041465339e-01,2.063339970068965634e+00
6.569030761935173359e+02,1.141457956317232902e+00,5.580356350769944962e-01,2.079923272790070499e+00
6.570068359591457465e+02,1.144682251724669086e+00,5.568870067260860424e-01,2.096277544638084134e+00
6.571105957247741571e+02,1.147550164102411951e+00,5.563997775968748671e-01,2.112412753385980224e+00
6.572143554904025677e+02,1.149768531224458989e+00,5.544029354147383959e-01,2.120091313724282056e+00
6.573181152560309783e+02,1.153148634421768515e+00,5.530627172152036142e-01,2.136851053604483575e+00
6.574218750216593889e+02,1.155882237781964195e+00,5.533149298550114059e-01,2.154316435028259313e+00
6.575256347872877996e+02,1.159438302518163155e+00,5.521313084043636410e-01,2.172591476173104219e+00
6.576293945529162102e+02,1.162208473854182467e+00,5.506134519056685717e-01,2.185102214307126367e+00
6.577331543185447345e+02,1.164047327848145574e+00,5.489500385924382941e-01,2.191527220084541927e+00
6.578369140841731451e+02,1.167773248404373687e+00,5.467147561286044288e-01,2.207855256070820005e+00
6.579406738498015557e+02,1.169579853572016104e+00,5.460064056031378454e-01,2.216854317022253440e+00
6.580444336154299663e+02,1.173727303896894503e+00,5.461524898129224148e-01,2.242528499663338337e+00
6.581481933810583769e+02,1.177005140004741657e+00,5.441852491326343300e-01,2.256913664124192032e+00
6.582519531466867875e+02,1.179968838621985538e+00,5.419900205370469237e-01,2.268780848041275888e+00
6.583557129123151981e+02,1.183084391418507630e+00,5.408606366619511663e-01,2.284565426894279216e+00
6.584594726779436087e+02,1.185938003059543888e+00,5.393770583581172229e-01,2.297782000076711739e+00
6.585632324435720193e+02,1.187075650430970075e+00,5.371754197159570587e-01,2.298624915636901633e+00
6.586669922092004299e+02,1.190690150729051711e+00,5.363331185104781573e-01,2.318253034363100706e+00
6.587707519748288405e+02,1.193991260593489256e+00,5.354363931169194846e-01,2.335816984123419537e+00
6.588745117404572511e+02,1.196901764288693659e+00,5.339544587238809203e-01,2.349425616604379652e+00
6.589782715060856617e+02,1.201431043621761452e+00,5.326131018586804933e-01,2.373208207308883377e+00
6.590820312717140723e+02,1.203997166310379896e+00,5.312727370862413423e-01,2.385127559627422400e+00
6.591857910373424829e+02,1.206130586976671415e+00,5.310202412880422607e-01,2.397331788843144906e+00
6.592895508029708935e+02,1.209502257485896459e+00,5.285999922034753107e-01,2.411263422232869491e+00
6.593933105685994178e+02,1.212033719146587529e+00,5.258314070699202647e-01,2.419259252709860419e+00
6.594970703342278284e+02,1.215828274366804962e+00,5.256497459598759026e-01,2.441647707884914809e+00
6.596008300998562390e+02,1.219193188423243646e+00,5.240482691657194492e-01,2.457738122612580511e+00
6.597045898654846496e+02,1.220510740048071696e+00,5.228188896586295487e-01,2.462488778259991573e+00
6.598083496311130602e+02,1.224867743044515400e+00,5.207325593124156882e-01,2.483321804900776364e+00
6.599121093967414708e+02,1.226856500363625813e+00,5.195769572503456946e-01,2.492318975738569975e+00
6.600158691623698815e+02,1.230091744094962802e+00,5.159265108146063872e-01,2.502506099116657445e+00
6.601196289279982921e+02,1.234096827436488741e+00,5.156821760842750235e-01,2.525916687124925009e+00
6.602233886936267027e+02,1.236138331059227546e+00,5.143395391573893916e-01,2.534793061854132556e+00
6.603271484592551133e+02,1.239219014881758119e+00,5.134438668313987542e-01,2.551007731276688784e+00
6.604309082248835239e+02,1.242930627624934115e+00,5.130185587573496964e-01,2.572139400519862562e+00
6.605346679905119345e+02,1.246518574908123123e+00,5.108930031035970876e-01,2.588336089280340424e+00
6.606384277561403451e+02,1.249263509349931800e+00,5.083234913088645612e-01,2.598451350379791247e+00
6.607421875217687557e+02,1.251579916577574725e+00,5.062335440247675011e-01,2.607210761052546566e+00
6.608459472873971663e+02,1.254801273666925399e+00,5.054001397213133684e-01,2.624405378189198501e+00
6.609497070530256906e+02,1.256650529075103995e+00,5.039292301559920029e-01,2.631897635829832272e+00
6.610534668186541012e+02,1.259753504820523951e+00,5.027026207131690683e-01,2.647443685799627744e+00
6.611572265842825118e+02,1.264467129843167781e+00,5.005829354988958757e-01,2.670450362647601050e+00
6.612609863499109224e+02,1.266660794994332706e+00,4.997795232503011720e-01,2.681587178607767186e+00
6.613647461155393330e+02,1.269927627515373469e+00,4.993762987896331884e-01,2.700013364654241244e+00
6.614685058811677436e+02,1.273022809008348410e+00,4.965913043394468152e-01,2.711885118053890764e+00
6.615722656467961542e+02,1.275157855465849366e+00,4.947146215765272359e-01,2.720204231381677662e+00
6.616760254124245648e+02,1.277908144360084819e+00,4.938855522423050703e-01,2.734578319969553473e+00
6.617797851780529754e+02,1.281049298002340686e+00,4.924635200227724940e-01,2.749904392499857408e+00
6.618835449436813860e+02,1.283036088648275230e+00,4.897877990886533306e-01,2.755586575417695805e+00
6.619873047093097966e+02,1.287206356398008733e+00,4.865521609997234265e-01,2.772958613659462834e+00
6.620910644749382072e+02,1.291084467979444206e+00,4.867133649992525513e-01,2.796188138722252248e+00
6.621948242405666178e+02,1.294137645029470596e+00,4.858719861927338068e-01,2.812297401978382627e+00
6.622985840061950285e+02,1.296056474721737573e+00,4.838546119484770647e-01,2.819141756389397901e+00
6.624023437718234391e+02,1.301193103150256825e+00,4.811406282416302305e-01,2.843404353863561163e+00
6.625061035374518497e+02,1.303292204542497057e+00,4.800660632626913005e-01,2.853398813171279080e+00
6.626098633030803740e+02,1.305319065561514336e+00,4.779566074390158015e-01,2.860746396225971822e+00
6.627136230687087846e+02,1.308743486761167585e+00,4.766376626427851204e-01,2.878001574207908142e+00
6.628173828343371952e+02,1.312318895419697151e+00,4.755968762476602829e-01,2.896721632346506592e+00
6.629211425999656058e+02,1.316436145354616505e+00,4.718224619902134376e-01,2.912845945748032683e+00
6.630249023655940164e+02,1.317498369205129194e+00,4.706465338977013912e-01,2.916596399537430884e+00
6.631286621312224270e+02,1.319941395085120872e+00,4.693747726973538925e-01,2.928224923956481263e+00
6.632324218968508376e+02,1.324120886403708841e+00,4.661424748527634998e-01,2.945951569174046547e+00
6.633361816624792482e+02,1.328331623157643637e+00,4.644781644916393115e-01,2.967101234592630643e+00
6.634399414281076588e+02,1.330607865308290449e+00,4.640487543137888915e-01,2.979483083448264402e+00
6.635437011937360694e+02,1.333469972421450489e+00,4.631507315151519033e-01,2.994311907936799688e+00
6.636474609593644800e+02,1.336153111699933227e+00,4.596790052728561005e-01,3.002932258008581101e+00
6.637512207249928906e+02,1.339768135744940691e+00,4.585586511539681553e-01,3.021695416543215273e+00
6.638549804906213012e+02,1.342655276672372944e+00,4.568562234879518513e-01,3.035072552945949020e+00
6.639587402562497118e+02,1.346792468410899168e+00,4.536075120645748360e-01,3.052674539195676662e+00
6.640625000218781224e+02,1.349189460670711105e+00,4.528746915973613785e-01,3.065124539339066700e+00
6.641662597875066467e+02,1.352174957119929966e+00,4.508801323849628839e-01,3.078531695809032076e+00
6.642700195531350573e+02,1.356769554065081040e+00,4.482620508074147136e-01,3.100052207567346230e+00
6.643737793187634679e+02,1.360538039078505568e+00,4.483115286359147245e-01,3.121872999102778934e+00
6.644775390843918785e+02,1.361483799249153082e+00,4.442071523448647419e-01,3.119567943629490525e+00
6.645812988500202891e+02,1.363609496883178007e+00,4.424832562363165689e-01,3.128588018739162369e+00
6.646850586156486997e+02,1.366599512615376044e+00,4.423502650501986988e-01,3.145556394089138230e+00
6.647888183812771103e+02,1.370204141976611334e+00,4.390480169918607456e-01,3.160170352506276537e+00
6.648925781469055210e+02,1.373529214360776018e+00,4.370376791944441397e-01,3.175586831083779149e+00
6.649963379125339316e+02,1.377171859180043478e+00,4.365395669623912678e-01,3.195576413579825914e+00
6.651000976781623422e+02,1.378680816271718568e+00,4.344492588535920907e-01,3.200438203557748551e+00
6.652038574437907528e+02,1.382672646392195004e+00,4.306866015188081653e-01,3.216552962913912239e+00
6.653076172094191634e+02,1.386254922334614337e+00,4.279535314729067674e-01,3.232205192738262678e+00
6.654113769750475740e+02,1.390146240533116195e+00,4.269604535906033060e-01,3.252696711745597380e+00
6.655151367406759846e+02,1.392690932462564701e+00,4.260707205209718351e-01,3.265661177651240976e+00
6.656188965063043952e+02,1.394796852031841672e+00,4.252425709997632031e-01,3.276223951046620009e+00
6.657226562719328058e+02,1.399880907209839043e+00,4.194879633297683430e-01,3.295273765833888202e+00
6.658264160375613301e+02,1.402930522694513016e+00,4.183234538430644633e-01,3.310644358988083624e+00
6.659301758031897407e+02,1.403843166689099808e+00,4.160771334312977077e-01,3.312036770420423881e+00
6.660339355688181513e+02,1.407400643991965516e+00,4.137114864521717061e-01,3.328289002723689993e+00
6.661376953344465619e+02,1.410582194178796156e+00,4.127871591743232371e-01,3.344809671540101004e+00
6.662414551000749725e+02,1.414861765717528863e+00,4.106679218967299039e-01,3.365561801759845650e+00
6.663452148657033831e+02,1.417554168421128358e+00,4.090100409987233454e-01,3.378083604090797554e+00
6.664489746313317937e+02,1.419625993574845424e+00,4.051600474137152519e-01,3.383554039142235403e+00
6.665527343969602043e+02,1.422128368947515931e+00,4.046898682402391145e-01,3.396944564155765178e+00
6.666564941625886149e+02,1.425711151045678138e+00,4.032262306713770283e-01,3.414827353795245379e+00
6.667602539282170255e+02,1.428589563792618033e+00,3.994183769102683801e-01,3.425022642300716846e+00
6.668640136938454361e+02,1.431850129442827191e+00,3.972855783830607224e-01,3.440050924864287651e+00
6.669677734594738467e+02,1.434575060805735269e+00,3.945856348007086845e-01,3.451194376401969244e+00
6.670715332251022573e+02,1.437708171744874308e+00,3.933393154313644113e-01,3.466894426794196349e+00
6.671752929907306680e+02,1.441415947799123076e+00,3.919342957541784300e-01,3.485564913976432422e+00
6.672790527563590786e+02,1.444625962112144224e+00,3.890541897792109127e-01,3.499197175182071184e+00
6.673828125219876028e+02,1.447825969530581292e+00,3.863868877390872481e-01,3.513120662671469052e+00
6.674865722876160135e+02,1.451324905056931458e+00,3.841045073510411800e-01,3.529308385006946658e+00
6.675903320532444241e+02,1.453630811037965875e+00,3.819796139239957644e-01,3.539068028889583051e+00
6.676940918188728347e+02,1.457435936144350297e+00,3.775822746063590141e-01,3.553917228480222512e+00
6.677978515845012453e+02,1.461149685121015951e+00,3.773243960787733275e-01,3.574263681813438787e+00
6.679016113501296559e+02,1.462259315824761874e+00,3.742161432859920089e-01,3.575994781321015115e+00
6.680053711157580665e+02,1.466170501654241232e+00,3.717454217146390349e-01,3.594276606929948770e+00
6.681091308813864771e+02,1.470255379247481287e+00,3.701271469806391989e-01,3.614719017168078530e+00
6.682128906470148877e+02,1.474315487468726760e+00,3.682342586899126635e-01,3.634620426760600154e+00
6.683166504126432983e+02,1.476053026262929224e+00,3.650395916134522856e-01,3.639852825410078818e+00
6.684204101782717089e+02,1.478434547459865245e+00,3.634062429541899952e-01,3.650821059386996303e+00
6.685241699439001195e+02,1.481673402509262161e+00,3.609935422760566781e-01,3.665485406303401916e+00
6.686279297095285301e+02,1.482611427339948440e+00,3.589443179804994166e-01,3.667922153628343729e+00
6.687316894751569407e+02,1.486678666265964566e+00,3.566975982772881970e-01,3.687417042044769833e+00
6.688354492407853513e+02,1.490285192489402277e+00,3.537312202404242489e-01,3.703420269948845434e+00
6.689392090064137619e+02,1.493941523459606735e+00,3.507453307630818418e-01,3.719694382657812604e+00
6.690429687720422862e+02,1.499249845217371702e+00,3.487053937943446758e-01,3.746284037089187002e+00
6.691467285376706968e+02,1.502202496433290957e+00,3.466495212485175004e-01,3.759886610712055433e+00
6.692504883032991074e+02,1.504330234028634639e+00,3.447853753511385122e-01,3.769210461789698208e+00
6.693542480689275180e+02,1.505556229718593153e+00,3.418131457523587713e-01,3.772216770001847852e+00
6.694580078345559286e+02,1.509239127639384392e+00,3.385099396738717181e-01,3.788322913253905355e+00
6.695617676001843392e+02,1.513981411157276247e+00,3.351051546881832488e-01,3.810130732775495410e+00
6.696655273658127498e+02,1.516817968448332499e+00,3.347543675612394409e-01,3.825208266819280389e+00
6.697692871314411605e+02,1.520400420702110456e+00,3.318476074078383631e-01,3.841275642000763657e+00
6.698730468970695711e+02,1.519483094140325674e+00,3.276561968196874397e-01,3.831306254164006386e+00
6.699768066626979817e+02,1.524826667823204307e+00,3.244269857098355803e-01,3.856686852662383203e+00
6.700805664283263923e+02,1.527763004717314521e+00,3.240739248365968050e-01,3.872267051980479380e+00
6.701843261939548029e+02,1.531508457659758182e+00,3.232100086711935383e-01,3.891630470558218313e+00
6.702880859595832135e+02,1.535224248641415157e+00,3.192084610195281003e-01,3.907245353793924014e+00
6.703918457252116241e+02,1.538426934911057531e+00,3.167488885031215506e-01,3.921845163113832022e+00
6.704956054908400347e+02,1.541190781525984210e+00,3.122823030301524749e-01,3.931871061239395004e+00
6.705993652564685590e+02,1.545886558185353810e+00,3.093458711921663884e-01,3.954067989281391249e+00
6.707031250220969696e+02,1.547327262513097379e+00,3.075843912994465357e-01,3.959952007888277947e+00
6.708068847877253802e+02,1.551296214382115179e+00,3.061027969646188396e-01,3.979780281114079443e+00
6.709106445533537908e+02,1.554385186044248135e+00,3.045919484860378224e-01,3.994815446106745327e+00
6.710144043189822014e+02,1.558750480851111231e+00,3.022379811927380366e-01,4.015816070751005107e+00
6.711181640846106120e+02,1.561292051100253708e+00,2.979282917036881750e-01,4.025011045969185020e+00
6.712219238502390226e+02,1.563986655101264445e+00,2.963294694878972901e-01,4.037835432800913615e+00
6.713256836158674332e+02,1.566543060144955035e+00,2.932706002934266087e-01,4.048447968499636396e+00
6.714294433814958438e+02,1.569087734866158712e+00,2.890646158623743078e-01,4.057892532876970826e+00
6.715332031471242544e+02,1.571382968692579540e+00,2.871980766830799503e-01,4.068342378021942984e+00
6.716369629127526650e+02,1.574490395790339337e+00,2.830491906833463300e-01,4.080935105650078221e+00
6.717407226783810756e+02,1.576701537300996048e+00,2.823055975209116109e-01,4.092031977138189447e+00
6.718444824440094862e+02,1.580725530355866493e+00,2.789795100242613568e-01,4.110339847756080189e+00
6.719482422096378968e+02,1.584982129028462916e+00,2.758976141833975881e-01,4.130125724645148821e+00
6.720520019752663075e+02,1.586949402061713643e+00,2.747292009770010424e-01,4.139506404541434925e+00
6.721557617408948317e+02,1.589548588186504574e+00,2.715734672646675785e-01,4.150429735465689163e+00
6.722595215065232424e+02,1.594077547401665740e+00,2.680110599384505354e-01,4.171249754501482165e+00
6.723632812721516530e+02,1.598172749451779007e+00,2.663632911000601289e-01,4.191467685002195687e+00
6.724670410377800636e+02,1.601806367924335728e+00,2.622809639607704968e-01,4.207105572331078847e+00
6.725708008034084742e+02,1.604032521363181862e+00,2.597244342981995247e-01,4.216659593271768536e+00
6.726745605690368848e+02,1.606096651754008287e+00,2.565639397749950867e-01,4.224866719852808927e+00
6.727783203346652954e+02,1.607691212975693063e+00,2.541177415307172560e-01,4.231224287290629604e+00
6.728820801002937060e+02,1.612376543792440220e+00,2.516869169213382662e-01,4.253881959155794590e+00
6.729858398659221166e+02,1.615845098434031568e+00,2.476733341166936497e-01,4.268847992977184980e+00
6.730895996315505272e+02,1.618263434964441805e+00,2.447312647603441249e-01,4.279192035609544753e+00
6.731933593971789378e+02,1.620272018297635119e+00,2.426206877133977036e-01,4.288061691229323458e+00
6.732971191628073484e+02,1.625372895233664350e+00,2.391695376314460220e-01,4.312091786900022150e+00
6.734008789284357590e+02,1.627292318971842899e+00,2.363258515830760353e-01,4.319954763382463980e+00
6.735046386940641696e+02,1.630966101543122715e+00,2.316743506098164485e-01,4.335655841746874017e+00
6.736083984596925802e+02,1.633687160204430278e+00,2.302572641428126954e-01,4.348804855629423649e+00
6.737121582253209908e+02,1.635783933644867627e+00,2.267926112422123663e-01,4.357208046965687309e+00
6.738159179909495151e+02,1.638736129157112531e+00,2.242229012921053422e-01,4.370735520849875044e+00
6.739196777565779257e+02,1.642308981057537753e+00,2.203498123070458670e-01,4.386582763399198726e+00
6.740234375222063363e+02,1.643825161904149290e+00,2.176160337282867230e-01,4.392565515500614026e+00
6.741271972878347469e+02,1.647893920631958276e+00,2.158454738515556970e-01,4.412462598360988864e+00
6.742309570534631575e+02,1.652091181037152801e+00,2.119290077593572186e-01,4.431564235276060693e+00
6.743347168190915681e+02,1.655291197090371869e+00,2.084041666864102360e-01,4.445789375732084991e+00
6.744384765847199787e+02,1.657582866805412447e+00,2.061271860881615792e-01,4.456150024664770726e+00
6.745422363503483894e+02,1.659986140625019813e+00,2.035065206960250395e-01,4.466876360076152963e+00
6.746459961159768000e+02,1.663091606651796006e+00,2.001951304443023161e-01,4.480802038160470957e+00
6.747497558816052106e+02,1.664674805957333525e+00,1.966658183955607431e-01,4.486784459156736737e+00
6.748535156472336212e+02,1.668904475630727635e+00,1.927644692713166019e-01,4.506186079819452850e+00
6.749572754128620318e+02,1.671427664610834807e+00,1.904784847802197811e-01,4.517791447161791041e+00
6.750610351784904424e+02,1.673926121073657347e+00,1.866846281647460137e-01,4.528409363230052165e+00
6.751647949441188530e+02,1.678657901506391825e+00,1.845571560559550184e-01,4.551424697975797962e+00
6.752685547097472636e+02,1.681938107010090500e+00,1.809162123795871879e-01,4.566159799244184470e+00
6.753723144753757879e+02,1.684956997619709851e+00,1.776610206341280029e-01,4.579792649431801088e+00
6.754760742410041985e+02,1.687817680932004460e+00,1.755698222296812883e-01,4.593251196216432852e+00
6.755798340066326091e+02,1.690011330327147565e+00,1.692545345536817514e-01,4.601135105162407868e+00
6.756835937722610197e+02,1.692862373965145828e+00,1.663302244987303335e-01,4.614157959746853166e+00
6.757873535378894303e+02,1.695425348341706995e+00,1.647687761621970393e-01,4.626399166069173674e+00
6.758911133035178409e+02,1.698254288032598591e+00,1.630186334501102785e-01,4.639888965361747886e+00
6.759948730691462515e+02,1.701308983107424400e+00,1.587464514497601009e-01,4.653311928922536644e+00
6.760986328347746621e+02,1.704957571576784181e+00,1.548557068900072164e-01,4.669951642639614597e+00
6.762023926004030727e+02,1.707447743009223862e+00,1.520262049266163928e-01,4.681241819400433712e+00
6.763061523660314833e+02,1.710590216810554010e+00,1.496236234980670710e-01,4.696020333356810461e+00
6.764099121316598939e+02,1.712238265787023428e+00,1.453930476870015642e-01,4.702485952724646090e+00
6.765136718972883045e+02,1.714740740733650570e+00,1.423255389656810921e-01,4.713786151026000404e+00
6.766174316629167151e+02,1.717653336268424313e+00,1.404782763556527425e-01,4.727662653907208856e+00
6.767211914285451257e+02,1.721647310337431680e+00,1.386629459722796831e-01,4.746964730161847612e+00
6.768249511941735364e+02,1.723389898359478645e+00,1.336381702288684803e-01,4.753706952892191140e+00
6.769287109598019470e+02,1.724407452662880535e+00,1.302131777642155652e-01,4.757491124223099277e+00
6.770324707254304712e+02,1.728558451126239293e+00,1.253004959553311592e-01,4.776441970320401076e+00
6.771362304910588819e+02,1.731007456295987845e+00,1.221782729317931748e-01,4.787560928740871802e+00
6.772399902566872925e+02,1.735042912757526867e+00,1.188081511065805645e-01,4.806520503769588615e+00
6.773437500223157031e+02,1.737239630378535793e+00,1.157223439212387989e-01,4.816422712451798205e+00
6.774475097879441137e+02,1.739483206382869795e+00,1.114324139493702848e-01,4.826190765083510748e+00
6.775512695535725243e+02,1.742289143192617518e+00,1.075490721916442100e-01,4.838921604280559841e+00
6.776550293192009349e+02,1.746108655816203781e+00,1.042748131156889108e-01,4.856885940774001043e+00
6.777587890848293455e+02,1.748988173429165904e+00,1.009551100142968838e-01,4.870183358844752952e+00
6.778625488504577561e+02,1.751633451881478676e+00,9.841060334572665491e-02,4.882551259979225122e+00
6.779663086160861667e+02,1.753040830053871568e+00,9.563603863291059159e-02,4.888746813701290606e+00
6.780700683817145773e+02,1.754809427846143022e+00,9.226005509798808346e-02,4.896587333104714723e+00
6.781738281473429879e+02,1.758052617013575070e+00,8.927289464328530544e-02,4.911821465513869889e+00
6.782775879129713985e+02,1.762268580080097902e+00,8.303177903677087801e-02,4.931072426486226234e+00
6.783813476785998091e+02,1.765286043627871670e+00,7.861882353120960842e-02,4.944907268816411516e+00
6.784851074442282197e+02,1.765363580406771327e+00,7.745665216229571937e-02,4.945035741923447858e+00
6.785888672098567440e+02,1.768836319482617991e+00,7.155926832084774647e-02,4.960855021881726223e+00
6.786926269754851546e+02,1.771493709175614661e+00,7.100540135141625298e-02,4.973763997171777973e+00
6.787963867411135652e+02,1.774194666832695999e+00,6.677203723244810873e-02,4.986172394789763374e+00
6.789001465067419758e+02,1.776778388039483625e+00,6.334962439011204705e-02,4.998182602980388189e+00
6.790039062723703864e+02,1.778399740349541291e+00,5.983181928694770307e-02,5.005500697601867444e+00
6.791076660379987970e+02,1.779901314160688752e+00,5.626038923672533471e-02,5.012255390771370500e+00
6.792114258036272076e+02,1.780933580530078553e+00,5.170203819403315637e-02,5.016613110463691072e+00
6.793151855692556182e+02,1.785330776907091854e+00,4.823620595284252438e-02,5.037542926291823875e+00
6.794189453348840289e+02,1.788154498763960376e+00,4.587987248830428105e-02,5.050958882085879509e+00
6.795227051005124395e+02,1.790901149525670144e+00,4.134433368316434154e-02,5.063746272479951571e+00
6.796264648661408501e+02,1.794742846706483430e+00,3.770419142438762028e-02,5.081960919977709601e+00
6.797302246317692607e+02,1.797274132154729642e+00,3.467289072645604597e-02,5.093902523265741777e+00
6.798339843973976713e+02,1.798050123243205567e+00,3.175985278468410056e-02,5.097390666673012660e+00
6.799377441630260819e+02,1.800333408732163187e+00,2.812309374960899819e-02,5.108118438634949854e+00
6.800415039286544925e+02,1.804796723268281555e+00,2.366912571959006381e-02,5.129312763100870143e+00
6.801452636942829031e+02,1.806170769123602637e+00,2.054980201689179595e-02,5.135738340593255735e+00
6.802490234599114274e+02,1.805933592175419378e+00,1.746820591806904494e-02,5.134441837289331012e+00
6.803527832255398380e+02,1.811784970205588818e+00,1.094221507015171423e-02,5.162291459017040118e+00
6.804565429911682486e+02,1.812499126357694168e+00,7.014335091609345992e-03,5.165621160863644867e+00
6.805603027567966592e+02,1.814506224460506578e+00,4.786734574298300710e-03,5.175199470241748756e+00
6.806640625224250698e+02,1.816550465039544537e+00,9.609851682938700800e-04,5.184950562811474484e+00
6.807678222880534804e+02,1.817229279572204925e+00,-2.848948206077386944e-03,5.188205186974203187e+00
6.808715820536818910e+02,1.820030270456810317e+00,-7.124767592459594137e-03,5.201638775872678089e+00
6.809753418193103016e+02,1.822982287024337511e+00,-1.024745557784580499e-02,5.215786205816618448e+00
6.810791015849387122e+02,1.825775508878880959e+00,-1.490948377613710366e-02,5.229237143448290048e+00
6.811828613505671228e+02,1.827732100533309367e+00,-1.817796132367015954e-02,5.238680352941004870e+00
6.812866211161955334e+02,1.828461289798271050e+00,-2.187766874780538648e-02,5.242337111336182076e+00
6.813903808818239440e+02,1.830570233179734441e+00,-2.509902074386701626e-02,5.252544285579869410e+00
6.814941406474523546e+02,1.832045059299179490e+00,-2.600915364209704581e-02,5.259598246396332222e+00
6.815979004130807652e+02,1.832525161824755111e+00,-3.268313756678133120e-02,5.262380150231638964e+00
6.817016601787091759e+02,1.835942954300950003e+00,-3.676644123794065716e-02,5.278924990886640245e+00
6.818054199443377001e+02,1.837919323089229673e+00,-4.063090045526047966e-02,5.288650840425342281e+00
6.819091797099661107e+02,1.841144173802381268e+00,-4.423244665654557650e-02,5.304261868737551566e+00
6.820129394755945214e+02,1.843716766485018033e+00,-4.666920709473480755e-02,5.316665849388817477e+00
6.821166992412229320e+02,1.845701228362587099e+00,-4.970907181322113677e-02,5.326377044621847467e+00
6.822204590068513426e+02,1.846297348095760071e+00,-5.503546628646539818e-02,5.329890129389872833e+00
6.823242187724797532e+02,1.848674046958324713e+00,-6.152849276165543724e-02,5.342015011363940857e+00
6.824279785381081638e+02,1.850426927728885174e+00,-6.415096008232064329e-02,5.350655375027982608e+00
6.825317383037365744e+02,1.851775513679639884e+00,-6.789605996414088684e-02,5.357601259631319834e+00
6.826354980693650987e+02,1.853120145670702490e+00,-7.220081905143116430e-02,5.364659220035231435e+00
6.827392578349935093e+02,1.854985788147719639e+00,-7.490585312080950964e-02,5.373887618537120936e+00
6.828430176006219199e+02,1.856732444663704129e+00,-7.935729168590954785e-02,5.382912689763821312e+00
6.829467773662503305e+02,1.858734662675555649e+00,-8.259295541947983543e-02,5.392914532583505505e+00
6.830505371318787411e+02,1.861146629450989964e+00,-8.713161619743677033e-02,5.405120021715771550e+00
6.831542968975071517e+02,1.862164911427933056e+00,-9.155204864581936719e-02,5.410847572573982411e+00
6.832580566631356760e+02,1.864926047730947944e+00,-9.378287104467361579e-02,5.424201108675808847e+00
6.833618164287640866e+02,1.863321434779065866e+00,-1.014993601419612035e-01,5.418623028758177362e+00
6.834655761943924972e+02,1.865514807963508881e+00,-1.040931028110015644e-01,5.429474693048285339e+00
6.835693359600209078e+02,1.868900307411605066e+00,-1.055315320912929150e-01,5.445548343457105922e+00
6.836730957256493184e+02,1.869763736768950357e+00,-1.096335406479678615e-01,5.450640346509443290e+00
6.837768554912777290e+02,1.871042651215240271e+00,-1.122434786144712870e-01,5.457274982151156806e+00
6.838806152569061396e+02,1.870832494990626316e+00,-1.174220419594032283e-01,5.457773055001496232e+00
6.839843750225345502e+02,1.872501827821516640e+00,-1.213896536232999812e-01,5.466658453827115238e+00
6.840881347881629608e+02,1.873232188970534562e+00,-1.251871444019826696e-01,5.471185427646775068e+00
6.841918945537913714e+02,1.873115795458944355e+00,-1.305732730394358054e-01,5.472345357548840994e+00
6.842956543194197820e+02,1.876983101350268246e+00,-1.333863791604443516e-01,5.491084477889442539e+00
6.843994140850481926e+02,1.878586343966611727e+00,-1.375206434364887043e-01,5.499834372348768596e+00
6.845031738506766033e+02,1.878791528397530053e+00,-1.415620649642773954e-01,5.502158042608051858e+00
6.846069336163050139e+02,1.877607574948202185e+00,-1.456272361718033426e-01,5.498143523517437181e+00
6.847106933819334245e+02,1.881074629507722973e+00,-1.482937175814402764e-01,5.515027918527525941e+00
6.848144531475618351e+02,1.883773235584380368e+00,-1.537485920369014158e-01,5.529406574419414966e+00
6.849182129131903594e+02,1.884538162956585605e+00,-1.574931160018024356e-01,5.534325060028403520e+00
6.850219726788187700e+02,1.884774258492080135e+00,-1.602917966380303094e-01,5.536485250623122134e+00
6.851257324444471806e+02,1.887252942710600845e+00,-1.640856786398469380e-01,5.549308350851903882e+00
6.852294922100755912e+02,1.888187516622167550e+00,-1.694002299556189861e-01,5.555718538630726400e+00
6.853332519757040018e+02,1.889151972001931634e+00,-1.747585164100468602e-01,5.562344212645792041e+00
6.854370117413324124e+02,1.890659450898066307e+00,-1.774975285517074730e-01,5.570375890755437709e+00
6.855407715069608230e+02,1.891395193136815367e+00,-1.819312446563640384e-01,5.575643126151076601e+00
6.856445312725892336e+02,1.891516524584854642e+00,-1.859472734313188935e-01,5.577971742460160698e+00
6.857482910382176442e+02,1.891150805370451105e+00,-1.881916880658142943e-01,5.577318076125078683e+00
6.858520508038460548e+02,1.893748313790511117e+00,-1.922843557394737224e-01,5.590990139975699158e+00
6.859558105694744654e+02,1.893944773682802341e+00,-1.976743787545622855e-01,5.594400122667729569e+00
6.860595703351028760e+02,1.895749872529956415e+00,-2.022836908648348864e-01,5.604788789786426584e+00
6.861633301007312866e+02,1.895386938659378906e+00,-2.068909755347067003e-01,5.605397216023659368e+00
6.862670898663596972e+02,1.895226971127516258e+00,-2.101688326488525826e-01,5.606305884215188939e+00
6.863708496319881078e+02,1.896543861061718461e+00,-2.132023777613525628e-01,5.613797524436407116e+00
6.864746093976166321e+02,1.897736520401160698e+00,-2.179534624797645481e-01,5.621628675260552654e+00
6.865783691632450427e+02,1.898466774985402505e+00,-2.220503195058338708e-01,5.627070243187068499e+00
6.866821289288734533e+02,1.899215777565917529e+00,-2.255395413442116692e-01,5.632304814882978405e+00
6.867858886945018639e+02,1.899238016137766216e+00,-2.316479789365100128e-01,5.635719488154934176e+00
6.868896484601302745e+02,1.898359015256702920e+00,-2.350739458064753651e-01,5.633655798370291734e+00
6.869934082257586851e+02,1.898139483383576742e+00,-2.378291797034423061e-01,5.634213025546534581e+00
6.870971679913870958e+02,1.901123439909103707e+00,-2.404979021415210305e-01,5.649156319464955445e+00
6.872009277570155064e+02,1.902112932585129812e+00,-2.468363429940353959e-01,5.657252770628122818e+00
6.873046875226439170e+02,1.900365147228369356e+00,-2.482560517370019648e-01,5.650231465196055680e+00
6.874084472882723276e+02,1.900876191078704647e+00,-2.538387223422124417e-01,5.655839035138297888e+00
6.875122070539007382e+02,1.900598282997186361e+00,-2.578295654239449175e-01,5.657002654435220101e+00
6.876159668195291488e+02,1.902331769551586005e+00,-2.631843965449685574e-01,5.668064784074028140e+00
6.877197265851575594e+02,1.901337230385126809e+00,-2.658824675180481156e-01,5.665290261895386870e+00
6.878234863507859700e+02,1.902700457419632452e+00,-2.692261013714269402e-01,5.673501096059022863e+00
6.879272461164143806e+02,1.903026484543711705e+00,-2.737581314913286601e-01,5.677852256212894133e+00
6.880310058820427912e+02,1.901585660360980423e+00,-2.791176053073651797e-01,5.674892093242559277e+00
6.881347656476713155e+02,1.901419834442139134e+00,-2.806699870668810659e-01,5.675172331565304873e+00
6.882385254132997261e+02,1.901776833661381838e+00,-2.843583477617561694e-01,5.679216658489361969e+00
6.883422851789281367e+02,1.901351958315526280e+00,-2.901912994476050778e-01,5.681254528721414232e+00
6.884460449445565473e+02,1.900395068795757592e+00,-2.935281830420440330e-01,5.679270001317098249e+00
6.885498047101849579e+02,1.901113094687663319e+00,-2.963972075021989450e-01,5.684460696082988207e+00
6.886535644758133685e+02,1.904011662783684278e+00,-3.036020708541689594e-01,5.702433402547314678e+00
6.887573242414417791e+02,1.902403918808156735e+00,-3.075748079150706360e-01,5.698118383516776575e+00
6.888610840070701897e+02,1.902665915468831015e+00,-3.098170469928933080e-01,5.700902191742798664e+00
6.889648437726986003e+02,1.903740327638745011e+00,-3.153545628215903007e-01,5.709718547822340007e+00
6.890686035383270109e+02,1.902407527587346436e+00,-3.167342055978095150e-01,5.704816390944654536e+00
6.891723633039554215e+02,1.900899877222694823e+00,-3.211709700783491050e-01,5.701424496236428219e+00
6.892761230695838321e+02,1.899997546254870828e+00,-3.240526629580444684e-01,5.699589121034800421e+00
6.893798828352122428e+02,1.900350158343642404e+00,-3.293177471809941026e-01,5.705173604590859426e+00
6.894836426008406534e+02,1.900624812419275500e+00,-3.345194900441291197e-01,5.710420877077022617e+00
6.895874023664690640e+02,1.901069734913081399e+00,-3.378170020712581989e-01,5.714976253058070554e+00
6.896911621320975883e+02,1.900357166018545207e+00,-3.415061798153710693e-01,5.714740198661447224e+00
6.897949218977259989e+02,1.899799284187927650e+00,-3.446406287063732421e-01,5.714775908982932862e+00
6.898986816633544095e+02,1.900520812184001374e+00,-3.484398217343296911e-01,5.721033211234630045e+00
6.900024414289828201e+02,1.898039636821476250e+00,-3.539598243134381983e-01,5.714574993845435102e+00
6.901062011946112307e+02,1.899777309775428025e+00,-3.569366080241256900e-01,5.724716777889296893e+00
6.902099609602396413e+02,1.897660157625419952e+00,-3.614031633149249467e-01,5.719097856787247025e+00
6.903137207258680519e+02,1.896681536931820622e+00,-3.653879539172635860e-01,5.718146807390921182e+00
6.904174804914964625e+02,1.895098783311700563e+00,-3.686473615012082483e-01,5.713943814324959902e+00
6.905212402571248731e+02,1.893684477367280961e+00,-3.750083307213261108e-01,5.713211876004073098e+00
6.906250000227532837e+02,1.895178388185066121e+00,-3.767665438287932100e-01,5.721340867755447590e+00
6.907287597883816943e+02,1.894372942409877636e+00,-3.791693038746049571e-01,5.719902991565719574e+00
6.908325195540101049e+02,1.892471014480798797e+00,-3.836964222411770042e-01,5.715538885468902208e+00
6.909362793196385155e+02,1.891684601513208941e+00,-3.881123279127278169e-01,5.716042404846501057e+00
6.910400390852669261e+02,1.891600880943537621e+00,-3.905712313616055975e-01,5.717903014854167409e+00
6.911437988508953367e+02,1.890078797805507582e+00,-3.961926541658035705e-01,5.716350631444782060e+00
6.912475586165237473e+02,1.890368360769075551e+00,-3.992846737567024018e-01,5.720487746061420076e+00
6.913513183821522716e+02,1.889410017523337926e+00,-4.022093499844849873e-01,5.719000394400284293e+00
6.914550781477806822e+02,1.886573785248716550e+00,-4.089001585142262862e-01,5.712848078167588106e+00
6.915588379134090928e+02,1.887581616871231383e+00,-4.102236089284446718e-01,5.718540888770032637e+00
6.916625976790375034e+02,1.886409247699952330e+00,-4.147096531410172093e-01,5.717698320688684888e+00
6.917663574446659140e+02,1.882229374341319872e+00,-4.185022684942284465e-01,5.703013917236104291e+00
6.918701172102943247e+02,1.881696709375347831e+00,-4.241917447481723946e-01,5.706271220879271411e+00
6.919738769759227353e+02,1.880949237085055126e+00,-4.271667125774595286e-01,5.705944722652973589e+00
6.920776367415511459e+02,1.879963217564418976e+00,-4.309842033148269524e-01,5.705440002715310932e+00
6.921813965071795565e+02,1.879990738614802703e+00,-4.342265265605951829e-01,5.708834535963921653e+00
6.922851562728079671e+02,1.878560384898403601e+00,-4.378233188120334574e-01,5.706221304871117894e+00
6.923889160384363777e+02,1.877420560740709288e+00,-4.426288022699142455e-01,5.706162755779291551e+00
6.924926758040647883e+02,1.874228408118910005e+00,-4.458288709544818706e-01,5.695489392623523273e+00
6.925964355696931989e+02,1.872952556600289586e+00,-4.482620007546804231e-01,5.692439647894397048e+00
6.927001953353216095e+02,1.872635353013809123e+00,-4.523826770570162914e-01,5.695393140926685582e+00
6.928039551009500201e+02,1.871697267798468456e+00,-4.576372722134083304e-01,5.696878150748165837e+00
6.929077148665785444e+02,1.870103965085563313e+00,-4.595286056996721324e-01,5.691930579269820711e+00
6.930114746322069550e+02,1.866438258637561631e+00,-4.636913863695249494e-01,5.680375385364040852e+00
6.931152343978353656e+02,1.865953538259532252e+00,-4.668870104731107640e-01,5.681742672770376146e+00
6.932189941634637762e+02,1.863741939232233191e+00,-4.716152430359048520e-01,5.677266693775493422e+00
6.933227539290921868e+02,1.861708181982704602e+00,-4.761739746841349707e-01,5.673439098590494112e+00
6.934265136947205974e+02,1.862453229512148756e+00,-4.778112675921663555e-01,5.678536372079154404e+00
6.935302734603490080e+02,1.861110831204207727e+00,-4.814836059447342165e-01,5.676802564323562450e+00
6.936340332259774186e+02,1.857822605426975304e+00,-4.853704577782861906e-01,5.666836579025944509e+00
6.937377929916058292e+02,1.854020070035570678e+00,-4.884717115509967789e-01,5.653749159057790408e+00
6.938415527572342398e+02,1.853728793871121550e+00,-4.924580624876014334e-01,5.657091745307146979e+00
6.939453125228626504e+02,1.853211131220068753e+00,-4.985020707626746650e-01,5.661894329032671536e+00
6.940490722884910610e+02,1.849973302330535363e+00,-5.008077747748620467e-01,5.650457161938794215e+00
6.941528320541194716e+02,1.847478293121358695e+00,-5.036138372391243401e-01,5.642875709630991388e+00
6.942565918197478823e+02,1.845644992838787468e+00,-5.078458117817846729e-01,5.639925406094351779e+00
6.943603515853762929e+02,1.844388130499034828e+00,-5.121599558631688698e-01,5.639644016407031835e+00
6.944641113510048172e+02,1.842351585024573080e+00,-5.139026007683362707e-01,5.632858755120033756e+00
6.945678711166332278e+02,1.839205358223181985e+00,-5.181668233121937694e-01,5.624324357550387177e+00
6.946716308822616384e+02,1.838374782213516356e+00,-5.224604436629112225e-01,5.626005399523101858e+00
6.947753906478900490e+02,1.836643349927954194e+00,-5.252426902393763086e-01,5.621903682032726834e+00
6.948791504135184596e+02,1.834952967527080592e+00,-5.299690894500153071e-01,5.620452613588731161e+00
6.949829101791468702e+02,1.831153488729120538e+00,-5.319058615868392792e-01,5.606294817470331537e+00
6.950866699447752808e+02,1.828239025410071772e+00,-5.356051252993720979e-01,5.598265524497677781e+00
6.951904297104036914e+02,1.828738600078960275e+00,-5.390806941381314221e-01,5.604916146348937644e+00
6.952941894760321020e+02,1.825963382941212076e+00,-5.421338399357724658e-01,5.596734284051448682e+00
6.953979492416605126e+02,1.824608619704060741e+00,-5.458959914584595730e-01,5.595713888673835790e+00
6.955017090072889232e+02,1.820745561215108665e+00,-5.489230851396846855e-01,5.582801775997975113e+00
6.956054687729173338e+02,1.817436532912463543e+00,-5.526367417672780613e-01,5.573246539382142650e+00
6.957092285385457444e+02,1.816482263686982401e+00,-5.580435460575381423e-01,5.576299435590986064e+00
6.958129883041741550e+02,1.812074407098455353e+00,-5.611113585930542769e-01,5.561166328571567341e+00
6.959167480698025656e+02,1.811519739770575343e+00,-5.625643456250878360e-01,5.560711062124099158e+00
6.960205078354309762e+02,1.809360068821202372e+00,-5.657806890375914888e-01,5.555649793017454208e+00
6.961242676010595005e+02,1.805255056969978122e+00,-5.700122975111601153e-01,5.543510166452255916e+00
6.962280273666879111e+02,1.803700359181178881e+00,-5.736536545458704728e-01,5.541757129687915118e+00
6.963317871323163217e+02,1.801187723756722203e+00,-5.774981638981742105e-01,5.536137953323083671e+00
6.964355468979447323e+02,1.799128169037014224e+00,-5.786221977966983232e-01,5.528708172712274660e+00
6.965393066635731429e+02,1.795510524449923651e+00,-5.825562767581591306e-01,5.518438389874865457e+00
6.966430664292015535e+02,1.793115980413691357e+00,-5.856100111093633931e-01,5.512308440889412964e+00
6.967468261948299642e+02,1.792332379062658632e+00,-5.886445191119623610e-01,5.513228295110870647e+00
6.968505859604583748e+02,1.788412570677962554e+00,-5.910884549480427408e-01,5.499597517917157674e+00
6.969543457260867854e+02,1.785013777070944441e+00,-5.922907762321710790e-01,5.486451954375136886e+00
6.970581054917151960e+02,1.782490400293308186e+00,-5.970995464173910472e-01,5.482419535595955296e+00
6.971618652573436066e+02,1.781042779647207475e+00,-6.018260576444015575e-01,5.483043921005307020e+00
6.972656250229720172e+02,1.778960448010950213e+00,-6.053062362544573416e-01,5.479095144738630907e+00
6.973693847886004278e+02,1.775120033389424812e+00,-6.076558585121639711e-01,5.465792778113161887e+00
6.974731445542288384e+02,1.773196783403179877e+00,-6.086731578643654883e-01,5.458894779818211695e+00
6.975769043198572490e+02,1.770703480638791794e+00,-6.130717815326024445e-01,5.454614832726258022e+00
6.976806640854857733e+02,1.767612215936327891e+00,-6.149738074364570206e-01,5.443962134265047936e+00
6.977844238511141839e+02,1.762734065084949675e+00,-6.197883085834148265e-01,5.429957429767919841e+00
6.978881836167425945e+02,1.758731133679988679e+00,-6.225144803959660189e-01,5.416615373095460484e+00
6.979919433823710051e+02,1.758021906058655937e+00,-6.256417841606725094e-01,5.418373308879983696e+00
6.980957031479994157e+02,1.754522120261072571e+00,-6.285963981188656957e-01,5.407649654048779730e+00
6.981994629136278263e+02,1.751377992463342137e+00,-6.317693224834873833e-01,5.398858610844552430e+00
6.983032226792562369e+02,1.750032209222400326e+00,-6.314131190759030288e-01,5.392386476705968157e+00
6.984069824448846475e+02,1.744369895323551134e+00,-6.341941880750128213e-01,5.371928316795973934e+00
6.985107422105130581e+02,1.740996548868353422e+00,-6.396372963412704227e-01,5.365843042957301634e+00
6.986145019761414687e+02,1.738721002049166575e+00,-6.427179830440939989e-01,5.360831260935326803e+00
6.987182617417698793e+02,1.736055327503328138e+00,-6.428896306231156599e-01,5.349388380211660632e+00
6.988220215073982899e+02,1.732002105223516164e+00,-6.490679419772149572e-01,5.341683695364775275e+00
6.989257812730267005e+02,1.730443530354065507e+00,-6.517960813835771416e-01,5.339337697358965684e+00
6.990295410386551112e+02,1.725279897461052592e+00,-6.538838530484927247e-01,5.320093031792007210e+00
6.991333008042835218e+02,1.723059449348970373e+00,-6.581342715978063529e-01,5.317438306436775619e+00
6.992370605699119324e+02,1.721325637265517905e+00,-6.599311580991266135e-01,5.312835789297341904e+00
6.993408203355404567e+02,1.716771275509081596e+00,-6.640165626023049050e-01,5.299718077706274677e+00
6.994445801011688673e+02,1.715401657840360805e+00,-6.663753690829801180e-01,5.297714675464561651e+00
6.995483398667972779e+02,1.711911323327516277e+00,-6.694645398239456036e-01,5.287654609624317104e+00
6.996520996324256885e+02,1.706598094419026213e+00,-6.721159728169187053e-01,5.268839928967526731e+00
6.997558593980540991e+02,1.703766826171688065e+00,-6.747457849460551937e-01,5.260940479322964158e+00
6.998596191636825097e+02,1.701665221263459316e+00,-6.773966021943287341e-01,5.256317684666199419e+00
6.999633789293109203e+02,1.697483555349290185e+00,-6.782521274568917846e-01,5.239383941402494749e+00
7.000671386949393309e+02,1.693900835686474204e+00,-6.822417735335324362e-01,5.230637863576169444e+00
7.001708984605677415e+02,1.692440083289425301e+00,-6.834398183262151427e-01,5.226324418744044742e+00
7.002746582261961521e+02,1.687905703546372260e+00,-6.866387322862350651e-01,5.212032769740754468e+00
7.003784179918245627e+02,1.683169930544918591e+00,-6.877776321290565154e-01,5.193158655721328287e+00
7.004821777574529733e+02,1.679431474548295444e+00,-6.926918039360229207e-01,5.185550002094369226e+00
7.005859375230813839e+02,1.676365893388366723e+00,-6.967163764231220080e-01,5.179366445273288377e+00
7.006896972887097945e+02,1.673549077698748500e+00,-6.993043831304448510e-01,5.171685900974733130e+00
7.007934570543382051e+02,1.672764558257942236e+00,-7.013621920192971704e-01,5.172025234324256537e+00
7.008972168199667294e+02,1.669277513919682265e+00,-7.056084505166170251e-01,5.164521696350252711e+00
7.010009765855951400e+02,1.662814129406066321e+00,-7.060671509894520526e-01,5.136811751628286515e+00
7.011047363512235506e+02,1.659322997963737611e+00,-7.086957281926671293e-01,5.126313662009444272e+00
7.012084961168519612e+02,1.656114455193048673e+00,-7.120586059175064708e-01,5.118489564055756169e+00
7.013122558824803718e+02,1.652094173042829128e+00,-7.145032585603752207e-01,5.105356356573727439e+00
7.014160156481087824e+02,1.648771502671629863e+00,-7.164175478569951849e-01,5.094312493501985450e+00
7.015197754137371930e+02,1.647302837686222432e+00,-7.185084884451732323e-01,5.091838441764974021e+00
7.016235351793656037e+02,1.644111706565619890e+00,-7.200785510590522742e-01,5.080738305790927001e+00
7.017272949449940143e+02,1.637741466049836392e+00,-7.242550305369018782e-01,5.060640821049774196e+00
7.018310547106224249e+02,1.636102141883325922e+00,-7.280256905581015126e-01,5.060788663747731952e+00
7.019348144762508355e+02,1.631608239894974499e+00,-7.289593714790887358e-01,5.042706213662758508e+00
7.020385742418792461e+02,1.628138755325431619e+00,-7.297211641978277319e-01,5.028814962187459159e+00
7.021423340075076567e+02,1.625941190606812636e+00,-7.313684593588671845e-01,5.022337720210796164e+00
7.022460937731360673e+02,1.623063657706507179e+00,-7.347353856428854302e-01,5.016304185491311074e+00
7.023498535387644779e+02,1.618668075472714296e+00,-7.369914406430598808e-01,5.001325175052837579e+00
7.024536133043928885e+02,1.612463012910327231e+00,-7.408279075405354019e-01,4.981537598776338172e+00
7.025573730700214128e+02,1.609054718567880959e+00,-7.434861252162592304e-01,4.971825033703653141e+00
7.026611328356498234e+02,1.605653433801264907e+00,-7.453818386204966728e-01,4.960597784238750307e+00
7.027648926012782340e+02,1.601472127363303244e+00,-7.476564338134155108e-01,4.946697510527739539e+00
7.028686523669066446e+02,1.599753185816005674e+00,-7.489711243183947431e-01,4.941779785586454921e+00
7.029724121325350552e+02,1.594159381530731112e+00,-7.532339656931666960e-01,4.925795872526907537e+00
7.030761718981634658e+02,1.591954453410910464e+00,-7.551016852848758676e-01,4.919913196077539297e+00
7.031799316637918764e+02,1.587450160541203026e+00,-7.563976605489264315e-01,4.902585074176613489e+00
7.032836914294202870e+02,1.585349538870510777e+00,-7.587254016080542396e-01,4.898175421164270738e+00
7.033874511950486976e+02,1.580686620461428937e+00,-7.615952948376606413e-01,4.883529243893738325e+00
7.034912109606771082e+02,1.576377853754494129e+00,-7.620562907161484434e-01,4.865292186882773429e+00
7.035949707263055188e+02,1.572397115637463871e+00,-7.654681219037744455e-01,4.854906121392756013e+00
7.036987304919339294e+02,1.568658782926605877e+00,-7.658426232436092995e-01,4.839017151395562877e+00
7.038024902575623400e+02,1.564461090512831110e+00,-7.680766615475678183e-01,4.825134644683934049e+00
7.039062500231907507e+02,1.561452774263123677e+00,-7.712928938217679109e-01,4.818763471964915723e+00
7.040100097888191613e+02,1.559676658571578667e+00,-7.720023186402753534e-01,4.812388864701194535e+00
7.041137695544476856e+02,1.554418953570515516e+00,-7.762349307024012379e-01,4.798284358153829032e+00
7.042175293200760962e+02,1.549759381933649038e+00,-7.772366731099399351e-01,4.779674470663067609e+00
7.043212890857045068e+02,1.546000712251817566e+00,-7.775786450099466673e-01,4.763601024868288292e+00
7.044250488513329174e+02,1.543320445646783501e+00,-7.819843000356477836e-01,4.761556782732561999e+00
7.045288086169613280e+02,1.537503874429437145e+00,-7.843360251650546289e-01,4.740852512287082376e+00
7.046325683825897386e+02,1.533519883314438115e+00,-7.859958124593152684e-01,4.726793295697627073e+00
7.047363281482181492e+02,1.529773474321252991e+00,-7.879038461393549353e-01,4.714383125658488716e+00
7.048400879138465598e+02,1.524656759209253920e+00,-7.902737728355736513e-01,4.696910998079559363e+00
7.049438476794749704e+02,1.521338918177565169e+00,-7.922280632841456338e-01,4.686570474366033245e+00
7.050476074451033810e+02,1.519431475069305426e+00,-7.939075007256117811e-01,4.681938418125294987e+00
7.051513672107317916e+02,1.515591095827982793e+00,-7.961027312879663809e-01,4.669855795423703881e+00
7.052551269763602022e+02,1.512012638364553352e+00,-7.960880161655629061e-01,4.653736817972198736e+00
7.053588867419886128e+02,1.506160630590593463e+00,-7.984385652931120791e-01,4.632991948476528066e+00
7.054626465076170234e+02,1.502641392129872022e+00,-8.007937565778480149e-01,4.622784447217486381e+00
7.055664062732454340e+02,1.499197065080134506e+00,-8.046967896254670904e-01,4.616678840891109914e+00
7.056701660388738446e+02,1.494155542131605285e+00,-8.057520298618044974e-01,4.596543604003755057e+00
7.057739258045023689e+02,1.492193461389648590e+00,-8.062686533191844029e-01,4.588961536255832030e+00
7.058776855701307795e+02,1.486914334624011236e+00,-8.076646786897212493e-01,4.568572174310419953e+00
7.059814453357591901e+02,1.483883259409172428e+00,-8.107287624831749362e-01,4.562431155412815187e+00
7.060852051013876007e+02,1.480313425599681931e+00,-8.120958971782565872e-01,4.549709523202636774e+00
7.061889648670160113e+02,1.475943401795180909e+00,-8.140517903768100805e-01,4.534848757544168052e+00
7.062927246326444219e+02,1.471469843515358145e+00,-8.162604959973801533e-01,4.520172864936905732e+00
7.063964843982728325e+02,1.468497953803091116e+00,-8.162711926318008127e-01,4.506777856226350742e+00
7.065002441639012432e+02,1.463542782614709381e+00,-8.195570351138439236e-01,4.492671727693726247e+00
7.066040039295296538e+02,1.459277289757508589e+00,-8.201812906592151897e-01,4.474972004202776965e+00
7.067077636951580644e+02,1.456428758164751924e+00,-8.231565923865444834e-01,4.469674433212304621e+00
7.068115234607864750e+02,1.453075508379001013e+00,-8.250795813148363855e-01,4.459441505638938708e+00
7.069152832264148856e+02,1.448912779196715794e+00,-8.254210259023082585e-01,4.441491564838806916e+00
7.070190429920432962e+02,1.444604652706924286e+00,-8.281888770102020514e-01,4.429153217654096863e+00
7.071228027576717068e+02,1.440874527512758352e+00,-8.306835975330489896e-01,4.418764559001356673e+00
7.072265625233001174e+02,1.436826682145896816e+00,-8.321022961622301928e-01,4.404155227741791023e+00
7.073303222889286417e+02,1.433258677927512492e+00,-8.347737476926972988e-01,4.395028482915464885e+00
7.074340820545570523e+02,1.428456473175856667e+00,-8.351110397701210220e-01,4.374173191666424820e+00
7.075378418201854629e+02,1.424647594765189762e+00,-8.356502033001887986e-01,4.358335453494350809e+00
7.076416015858138735e+02,1.419922031921645234e+00,-8.378055881109194303e-01,4.342649161055635254e+00
7.077453613514422841e+02,1.417157540869378396e+00,-8.383220485392393062e-01,4.331486371239618549e+00
7.078491211170706947e+02,1.413451478860147104e+00,-8.400913812242271073e-01,4.319422147929503630e+00
7.079528808826991053e+02,1.409804195783356029e+00,-8.410190054681181415e-01,4.305363432347669495e+00
7.080566406483275159e+02,1.406035581766635012e+00,-8.434003334847268718e-01,4.294712990346013726e+00
7.081604004139559265e+02,1.402978930765038879e+00,-8.447313117796885207e-01,4.284459597401672148e+00
7.082641601795843371e+02,1.399595666165893260e+00,-8.456507014689202961e-01,4.271602883834695774e+00
7.083679199452128614e+02,1.393418133816994864e+00,-8.476670115586880661e-01,4.249066908035533885e+00
7.084716797108412720e+02,1.388616175465758218e+00,-8.494954191828334444e-01,4.232290508418365071e+00
7.085754394764696826e+02,1.384679292865459876e+00,-8.532343546066002427e-01,4.224824195960096951e+00
7.086791992420980932e+02,1.381646697058136475e+00,-8.531615800268012029e-01,4.210825061925734580e+00
7.087829590077266175e+02,1.376153665007729288e+00,-8.543898659857745992e-01,4.189275750041834279e+00
7.088867187733550281e+02,1.371464460373378325e+00,-8.557246761230259402e-01,4.171692404610817029e+00
7.089904785389834387e+02,1.366737398250886582e+00,-8.574166333785616656e-01,4.154965911691796521e+00
7.090942383046118493e+02,1.365771523542410604e+00,-8.593442756945051109e-01,4.156083630037201715e+00
7.091979980702402599e+02,1.361541851282036752e+00,-8.612368308880472556e-01,4.142252316819886815e+00
7.093017578358686706e+02,1.357033614569231661e+00,-8.624527667479644499e-01,4.125218661440468892e+00
7.094055176014970812e+02,1.353032260344632753e+00,-8.604987275732706165e-01,4.101281500306752648e+00
7.095092773671254918e+02,1.350682980975871139e+00,-8.633508151135034225e-01,4.098856601335980621e+00
7.096130371327539024e+02,1.346123283112063751e+00,-8.679426007045774050e-01,4.091503928484037544e+00
7.097167968983823130e+02,1.342801615086629763e+00,-8.696679167174905523e-01,4.081446921721570753e+00
7.098205566640107236e+02,1.338997163865648821e+00,-8.690563402965180151e-01,4.062287950643410639e+00
7.099243164296391342e+02,1.334171481334827325e+00,-8.691025750273581041e-01,4.040384056359074272e+00
7.100280761952675448e+02,1.330391297891450719e+00,-8.712810714079488594e-01,4.029611437794486051e+00
7.101318359608959554e+02,1.327603445196775755e+00,-8.738745271682136773e-01,4.024655985103382072e+00
7.102355957265243660e+02,1.320971605967483420e+00,-8.745413838572131393e-01,3.996371450526407632e+00
7.103393554921527766e+02,1.318801149794362138e+00,-8.742730002174703419e-01,3.985631651096011474e+00
7.104431152577813009e+02,1.315053610747287216e+00,-8.757367851182779050e-01,3.972934565639115512e+00
7.105468750234097115e+02,1.312169489413006040e+00,-8.765082496312285310e-01,3.962090236651400588e+00
7.106506347890381221e+02,1.307772908728553674e+00,-8.785605961058708946e-01,3.948260462030728668e+00
7.107543945546665327e+02,1.302566713163867851e+00,-8.788892234430499828e-01,3.925433070403006930e+00
7.108581543202949433e+02,1.298251278036052447e+00,-8.810681092424229588e-01,3.912417226816249372e+00
7.109619140859233539e+02,1.295201558760511462e+00,-8.838136069663632410e-01,3.907008726591634229e+00
7.110656738515517645e+02,1.292193299159096309e+00,-8.821606788441817004e-01,3.888062660759796341e+00
7.111694336171801751e+02,1.287229874048769318e+00,-8.827595181146037362e-01,3.867174160985066944e+00
7.112731933828085857e+02,1.282978463575162431e+00,-8.844373100507999519e-01,3.852957391680825072e+00
7.113769531484369963e+02,1.280772056285391258e+00,-8.856166439275003910e-01,3.846569199028211372e+00
7.114807129140654069e+02,1.275060278481289000e+00,-8.865200480545180062e-01,3.823226547941280806e+00
7.115844726796938176e+02,1.270914019330502853e+00,-8.873071865040911277e-01,3.806699920988714236e+00
7.116882324453222282e+02,1.267733099528017604e+00,-8.890243789739278313e-01,3.797607095172605973e+00
7.117919922109506388e+02,1.265449366966782785e+00,-8.914325090606480817e-01,3.794893546890568459e+00
7.118957519765790494e+02,1.261095853801395217e+00,-8.948037858960048441e-01,3.785862181239021851e+00
7.119995117422075737e+02,1.257997042766978435e+00,-8.953787681860324588e-01,3.773535578306447036e+00
7.121032715078359843e+02,1.253930434579631381e+00,-8.934616853161287953e-01,3.748610862976518465e+00
7.122070312734643949e+02,1.248917227385917927e+00,-8.946566752260551869e-01,3.729496906222697916e+00
7.123107910390928055e+02,1.246283205267324501e+00,-8.963098031173694080e-01,3.722846000743466721e+00
7.124145508047212161e+02,1.242997428297405449e+00,-8.978796519046257085e-01,3.712952023169322491e+00
7.125183105703496267e+02,1.238276680498361149e+00,-8.991971430263635545e-01,3.695654980524648359e+00
7.126220703359780373e+02,1.234652710154184874e+00,-8.987303594112592275e-01,3.677441099424719972e+00
7.127258301016064479e+02,1.231210735526895750e+00,-9.010287657467769273e-01,3.669331098366682475e+00
7.128295898672348585e+02,1.228004940674766843e+00,-9.012437934434542885e-01,3.655322562502924644e+00
7.129333496328632691e+02,1.224082099090930686e+00,-9.021503588777923799e-01,3.640352117231180795e+00
7.130371093984916797e+02,1.218457053617635566e+00,-9.037390231842665766e-01,3.619886767981812525e+00
7.131408691641200903e+02,1.215209325323263867e+00,-9.036982106997194508e-01,3.604805960092350325e+00
7.132446289297485009e+02,1.211870633950936638e+00,-9.048368846024756884e-01,3.593345641463782769e+00
7.133483886953769115e+02,1.207060862981177207e+00,-9.060389874986650716e-01,3.575351453084025799e+00
7.134521484610053221e+02,1.204620970624396881e+00,-9.076822595849458608e-01,3.569811656595392790e+00
7.135559082266337327e+02,1.201917727180825235e+00,-9.081783122834534705e-01,3.559099156670455066e+00
7.136596679922622570e+02,1.197355001401215313e+00,-9.088918867976796268e-01,3.540591384040531864e+00
7.137634277578906676e+02,1.194639630366056471e+00,-9.103738515175451296e-01,3.533283910462982291e+00
7.138671875235190782e+02,1.188554243137248223e+00,-9.118094593217792587e-01,3.510340153935635588e+00
7.139709472891474888e+02,1.185866071234493280e+00,-9.118306592736609151e-01,3.498044800316858272e+00
7.140747070547758995e+02,1.183830283456352772e+00,-9.119871106434347396e-01,3.489226854017173363e+00
7.141784668204043101e+02,1.178037900084947243e+00,-9.144850958511737682e-01,3.471457738133783000e+00
7.142822265860327207e+02,1.175027059474990976e+00,-9.159013608366006753e-01,3.462676513212323393e+00
7.143859863516611313e+02,1.170729581767376626e+00,-9.147996613784230568e-01,3.438940574267189909e+00
7.144897461172895419e+02,1.167891749997123085e+00,-9.146493028693855054e-01,3.425321264045784186e+00
7.145935058829179525e+02,1.163769096574336581e+00,-9.167717831300649101e-01,3.414006923108254821e+00
7.146972656485463631e+02,1.160528384629298193e+00,-9.174659362331269996e-01,3.401604171301261026e+00
7.148010254141747737e+02,1.156666889288530564e+00,-9.184681536389063261e-01,3.387476605580483469e+00
7.149047851798031843e+02,1.151606156676398429e+00,-9.192486547197372682e-01,3.367027965374500553e+00
7.150085449454315949e+02,1.149027831185009951e+00,-9.197349090165526375e-01,3.356939923448514662e+00
7.151123047110600055e+02,1.146188018589286539e+00,-9.217387786989997833e-01,3.351266574771078588e+00
7.152160644766885298e+02,1.140531199439156929e+00,-9.223350073394237514e-01,3.327440316025112033e+00
7.153198242423169404e+02,1.138289384594203035e+00,-9.223407566963132131e-01,3.317137340595278872e+00
7.154235840079453510e+02,1.134798686359411279e+00,-9.225992425814718567e-01,3.302021394010391298e+00
7.155273437735737616e+02,1.130679685155846048e+00,-9.223199766897755003e-01,3.281982404569430134e+00
7.156311035392021722e+02,1.126077112338406572e+00,-9.249377904332727329e-01,3.270644501692317352e+00
7.157348633048305828e+02,1.123377065094231408e+00,-9.255300743926810902e-01,3.260452676306913045e+00
7.158386230704589934e+02,1.119461573529429099e+00,-9.264038862975892963e-01,3.245742967936405154e+00
7.159423828360874040e+02,1.114318832758563582e+00,-9.268622286087968565e-01,3.223805848843237953e+00
7.160461426017158146e+02,1.110851853820981061e+00,-9.281382511854558981e-01,3.212736660613197959e+00
7.161499023673442252e+02,1.108563069999997985e+00,-9.293117707428176777e-01,3.206722010124481326e+00
7.162536621329726358e+02,1.105072498319881635e+00,-9.300925853419902412e-01,3.193678992703760766e+00
7.163574218986010465e+02,1.102166928147509717e+00,-9.297423329965582850e-01,3.178947507348936607e+00
7.164611816642294571e+02,1.098161100020765835e+00,-9.303449442010341963e-01,3.162848363302109611e+00
7.165649414298578677e+02,1.093646299526989329e+00,-9.290263849726432266e-01,3.136884592707177788e+00
7.166687011954862783e+02,1.090502556344308482e+00,-9.298398469628416096e-01,3.125577194968919059e+00
7.167724609611148026e+02,1.087113000541612973e+00,-9.292062053605827376e-01,3.107440332837259511e+00
7.168762207267432132e+02,1.081809306317670138e+00,-9.321600295668555081e-01,3.094669987301119640e+00
7.169799804923716238e+02,1.080712528307392395e+00,-9.337690058220322609e-01,3.096012401240964884e+00
7.170837402580000344e+02,1.076620305208699557e+00,-9.342226553129150401e-01,3.078987504729999269e+00
7.171875000236284450e+02,1.072717027390222011e+00,-9.352614058095618521e-01,3.065184643849405699e+00
7.172912597892568556e+02,1.069031206050799820e+00,-9.360584343770207427e-01,3.051434414177263132e+00
7.173950195548852662e+02,1.065686932907882856e+00,-9.346324383855610929e-01,3.030288832049319758e+00
7.174987793205136768e+02,1.062090902066724851e+00,-9.352918370820646476e-01,3.016392968217163073e+00
7.176025390861420874e+02,1.059304606802089710e+00,-9.364224852649380981e-01,3.008156881525895443e+00
7.177062988517704980e+02,1.056258421552969340e+00,-9.369674892868008476e-01,2.996358310810165904e+00
7.178100586173989086e+02,1.052232898641686454e+00,-9.377674474695785189e-01,2.981108374296387975e+00
7.179138183830273192e+02,1.048643688636308191e+00,-9.391639735631615027e-01,2.970340862377040203e+00
7.180175781486557298e+02,1.045562854706279410e+00,-9.393674637390939663e-01,2.957018565898722251e+00
7.181213379142841404e+02,1.043888315275580236e+00,-9.389452660613398782e-01,2.947573544101506737e+00
7.182250976799125510e+02,1.037105189186038334e+00,-9.385681404539329975e-01,2.914792590545736140e+00
7.183288574455409616e+02,1.035179348872267813e+00,-9.392104037983353138e-01,2.908606478104823978e+00
7.184326172111694859e+02,1.033199007270075187e+00,-9.411438366921673904e-01,2.907582576522652396e+00
7.185363769767978965e+02,1.027633356489801031e+00,-9.428554585852032544e-01,2.889211086427847519e+00
7.186401367424263071e+02,1.023910622571748252e+00,-9.411923534976331940e-01,2.865094642052012919e+00
7.187438965080547177e+02,1.019358501111968129e+00,-9.416549007668122417e-01,2.846124691332520662e+00
7.188476562736831283e+02,1.017240296635038899e+00,-9.421535554412537872e-01,2.838507933656551074e+00
7.189514160393115390e+02,1.012058153075174882e+00,-9.420121039172689725e-01,2.814080424499803446e+00
7.190551758049399496e+02,1.009547889478220162e+00,-9.438155053252847981e-01,2.810276029716942237e+00
7.191589355705683602e+02,1.005730971692922582e+00,-9.436840390425090819e-01,2.792183565387393429e+00
7.192626953361967708e+02,1.003456009405469640e+00,-9.444095110193990728e-01,2.784868364710519462e+00
7.193664551018251814e+02,9.993135871958247485e-01,-9.459281078328677372e-01,2.772441230626849329e+00
7.194702148674535920e+02,9.965628977505129882e-01,-9.450563311681039469e-01,2.756036453818995202e+00
7.195739746330820026e+02,9.927739205281482793e-01,-9.443788666975094781e-01,2.735687270041166741e+00
7.196777343987104132e+02,9.889757592209905690e-01,-9.455460016148080626e-01,2.723360707789155732e+00
7.197814941643388238e+02,9.861731353664562327e-01,-9.456398350824931631e-01,2.710913132517065893e+00
7.198852539299672344e+02,9.833031560590758113e-01,-9.461677475362582079e-01,2.700073155526415469e+00
7.199890136955957587e+02,9.787418353772816548e-01,-9.466422266996814550e-01,2.681254441651566012e+00
7.200927734612241693e+02,9.752200481140684829e-01,-9.460246559031932900e-01,2.662356471567168370e+00
7.201965332268525799e+02,9.721906769333554799e-01,-9.471815519999563504e-01,2.653621448070023980e+00
7.203002929924809905e+02,9.697519090132767916e-01,-9.476377892518856871e-01,2.644485498935349455e+00
7.204040527581094011e+02,9.664810212108633225e-01,-9.480214437141550876e-01,2.631222374560052479e+00
7.205078125237378117e+02,9.632427468873376863e-01,-9.473732499765106230e-01,2.613467840365870654e+00
7.206115722893662223e+02,9.601906934761832435e-01,-9.483639470262238413e-01,2.603958765291731314e+00
7.207153320549946329e+02,9.545603037150592884e-01,-9.494183090264182168e-01,2.582973032267511293e+00
7.208190918206230435e+02,9.515867457519959771e-01,-9.492047213337100331e-01,2.568396337678860775e+00
7.209228515862514541e+02,9.487652460618216654e-01,-9.487961369244488630e-01,2.553616714633971441e+00
7.210266113518798647e+02,9.455578613134018040e-01,-9.493278190064546873e-01,2.541377510476240609e+00
7.211303711175082753e+02,9.416746917887527379e-01,-9.500469972638919680e-01,2.526929972608919606e+00
7.212341308831366860e+02,9.388350206638957918e-01,-9.506153600729463360e-01,2.516578688076200443e+00
7.213378906487650966e+02,9.361603075339832714e-01,-9.498149934871031874e-01,2.500647708858574791e+00
7.214416504143935072e+02,9.331587994151488985e-01,-9.489828690544560574e-01,2.483053208542813639e+00
7.215454101800219178e+02,9.279310158509416206e-01,-9.513478345348862497e-01,2.470198821745258400e+00
7.216491699456504421e+02,9.238471614331854598e-01,-9.511580338431636639e-01,2.450670858735297220e+00
7.217529297112788527e+02,9.213757750261264423e-01,-9.509827829288189927e-01,2.438566222500644809e+00
7.218566894769072633e+02,9.182699135660020717e-01,-9.514188942015076034e-01,2.426451562414623009e+00
7.219604492425356739e+02,9.154518942591000075e-01,-9.517833287072238191e-01,2.415324543286193837e+00
7.220642090081640845e+02,9.114031770414051659e-01,-9.510257688746255322e-01,2.393259525573589563e+00
7.221679687737924951e+02,9.099156556085093994e-01,-9.527698983362983265e-01,2.394789119331691474e+00
7.222717285394209057e+02,9.046249651864725072e-01,-9.517192259789121200e-01,2.365664350055697973e+00
7.223754883050493163e+02,9.022165158544585006e-01,-9.507816846245036313e-01,2.350182182419494392e+00
7.224792480706777269e+02,8.993467411478733853e-01,-9.519525633330399028e-01,2.342738088224192605e+00
7.225830078363061375e+02,8.960573974786175677e-01,-9.530933103473140378e-01,2.333276014145404975e+00
7.226867676019345481e+02,8.922284960674162768e-01,-9.520153343431485560e-01,2.310628570718038066e+00
7.227905273675629587e+02,8.896139587338774968e-01,-9.511774271606157072e-01,2.294646391111034411e+00
7.228942871331913693e+02,8.869156936337705410e-01,-9.524362197168811939e-01,2.288503852014237339e+00
7.229980468988197799e+02,8.832306401815001040e-01,-9.536794798547271190e-01,2.277841358012644868e+00
7.231018066644481905e+02,8.805763775437792651e-01,-9.521938206306022057e-01,2.258486683579867815e+00
7.232055664300767148e+02,8.773090542228110245e-01,-9.524957757839219719e-01,2.245121837291364386e+00
7.233093261957051254e+02,8.736547552493699742e-01,-9.522185936470058953e-01,2.227146199196978316e+00
7.234130859613335360e+02,8.704007301655801720e-01,-9.522977847210020164e-01,2.212755810493118425e+00
7.235168457269619466e+02,8.656527307415108341e-01,-9.533294949242360206e-01,2.196347569137572453e+00
7.236206054925903572e+02,8.624152537204272662e-01,-9.536560464161276673e-01,2.183306307869878449e+00
7.237243652582187678e+02,8.594239471249610629e-01,-9.523449712008961177e-01,2.163164839764943892e+00
7.238281250238471785e+02,8.565521096072956642e-01,-9.521010264384268673e-01,2.148909508252606848e+00
7.239318847894755891e+02,8.536612113009538483e-01,-9.515624190063728394e-01,2.133074653134073184e+00
7.240356445551039997e+02,8.511716025786697504e-01,-9.515615502466032716e-01,2.121776077742071553e+00
7.241394043207324103e+02,8.471913586428706511e-01,-9.522636604273335692e-01,2.107302159176583700e+00
7.242431640863608209e+02,8.446308109682433285e-01,-9.520575524005886470e-01,2.094653600277307071e+00
7.243469238519892315e+02,8.394026705170517522e-01,-9.529827251064725280e-01,2.075732219666643896e+00
7.244506836176176421e+02,8.366508911458885311e-01,-9.524562988505327343e-01,2.060584973850891455e+00
7.245544433832460527e+02,8.344706183308473468e-01,-9.536687658980074200e-01,2.056983035505203450e+00
7.246582031488744633e+02,8.316192288739019389e-01,-9.509715422245654803e-01,2.030158566645596352e+00
7.247619629145028739e+02,8.269514955090386810e-01,-9.513433243658340199e-01,2.010973568055202776e+00
7.248657226801313982e+02,8.252921701999204052e-01,-9.515833069975904168e-01,2.004723650513117406e+00
7.249694824457598088e+02,8.211965122633823055e-01,-9.517713680386186148e-01,1.987209754314064991e+00
7.250732422113882194e+02,8.184894227553536350e-01,-9.512569320087778113e-01,1.972294561289747339e+00
7.251770019770166300e+02,8.175254926688357848e-01,-9.507972878782185999e-01,1.965529299778468131e+00
7.252807617426450406e+02,8.125483160351203438e-01,-9.499130076071365947e-01,1.938393396455768691e+00
7.253845215082734512e+02,8.101888937752657061e-01,-9.503190395513594346e-01,1.929888101398574918e+00
7.254882812739018618e+02,8.058942124512928906e-01,-9.501563871581251153e-01,1.909652054526802312e+00
7.255920410395302724e+02,8.022131516791844996e-01,-9.498045662568163072e-01,1.891180856428164914e+00
7.256958008051586830e+02,7.983265898192641874e-01,-9.502068355528237031e-01,1.875823000890485259e+00
7.257995605707870936e+02,7.970282888553228418e-01,-9.489588661246050050e-01,1.863281657064852492e+00
7.259033203364155042e+02,7.933423029218497069e-01,-9.502450747420096988e-01,1.853601582948350757e+00
7.260070801020439148e+02,7.897711746044462355e-01,-9.500623616669736649e-01,1.836561225374831352e+00
7.261108398676723255e+02,7.875238402209010502e-01,-9.499135088193940701e-01,1.825657084669414454e+00
7.262145996333007361e+02,7.845818935846117226e-01,-9.500365384886624298e-01,1.813113003440772975e+00
7.263183593989291467e+02,7.803476197777021728e-01,-9.496119922108984257e-01,1.791797653347112496e+00
7.264221191645576710e+02,7.764275817780897926e-01,-9.491459043953669461e-01,1.771663226136333869e+00
7.265258789301860816e+02,7.746853358867681338e-01,-9.490190084212025701e-01,1.763154268488495102e+00
7.266296386958144922e+02,7.728070915916340766e-01,-9.485387362948625167e-01,1.752091905535002381e+00
7.267333984614429028e+02,7.682798315903811570e-01,-9.471739200585355123e-01,1.724255389458702936e+00
7.268371582270713134e+02,7.645965126873406348e-01,-9.479154180819564512e-01,1.711855056780248185e+00
7.269409179926997240e+02,7.621649519562534447e-01,-9.479597946251502316e-01,1.701217755573913415e+00
7.270446777583281346e+02,7.608887674942695911e-01,-9.481711538473455159e-01,1.696686317185813531e+00
7.271484375239565452e+02,7.576168264241380790e-01,-9.476869469850534022e-01,1.679354851158206596e+00
7.272521972895849558e+02,7.529943337965697703e-01,-9.483099708715500009e-01,1.662205443488050882e+00
7.273559570552133664e+02,7.499659398618035988e-01,-9.475347352611904750e-01,1.644334561802603734e+00
7.274597168208417770e+02,7.488704610419097962e-01,-9.454695149102689822e-01,1.627792816481470117e+00
7.275634765864701876e+02,7.459435524403361661e-01,-9.453672112068450817e-01,1.614132106719462278e+00
7.276672363520985982e+02,7.408115932275647353e-01,-9.457065124268341227e-01,1.593152727841563809e+00
7.277709961177270088e+02,7.381335258832780744e-01,-9.454326593990828309e-01,1.579654183996752836e+00
7.278747558833554194e+02,7.356388401053771675e-01,-9.458733845973714693e-01,1.571063390565736295e+00
7.279785156489838300e+02,7.326493321802063363e-01,-9.466617757156938762e-01,1.562290854481901636e+00
7.280822754146123543e+02,7.297525825992509096e-01,-9.454575589724741880e-01,1.542501071958028547e+00
7.281860351802407649e+02,7.264939849056484267e-01,-9.439147355861955413e-01,1.519115492285537439e+00
7.282897949458691755e+02,7.229598066377529442e-01,-9.437803351070138680e-01,1.502626911772158014e+00
7.283935547114975861e+02,7.205746783070113848e-01,-9.430819227861583220e-01,1.487973589490440007e+00
7.284973144771259967e+02,7.174821121444321381e-01,-9.424732801398604254e-01,1.470689585217773931e+00
7.286010742427544074e+02,7.152356436730793465e-01,-9.428399220578510542e-01,1.462859488890948745e+00
7.287048340083828180e+02,7.114882027622921878e-01,-9.437191901187064191e-01,1.451408714602941741e+00
7.288085937740112286e+02,7.086822654328713833e-01,-9.436817179759362517e-01,1.438780746644771735e+00
7.289123535396396392e+02,7.068948161823647158e-01,-9.425917310397861071e-01,1.424456118128655469e+00
7.290161133052680498e+02,7.032457341223105063e-01,-9.418386966409312278e-01,1.403869431735198736e+00
7.291198730708964604e+02,7.001108589995487241e-01,-9.414232206435070305e-01,1.387550432408100054e+00
7.292236328365248710e+02,6.974122610895624463e-01,-9.420355969575945343e-01,1.379282311036668318e+00
7.293273926021532816e+02,6.941221571758289244e-01,-9.416756928189092823e-01,1.362634233384222959e+00
7.294311523677816922e+02,6.911360886876073417e-01,-9.410565812478717262e-01,1.345776032630559893e+00
7.295349121334101028e+02,6.880968381266413525e-01,-9.398273192907754536e-01,1.325006781052826987e+00
7.296386718990386271e+02,6.857228987345067583e-01,-9.385774616427605688e-01,1.307014908746443549e+00
7.297424316646670377e+02,6.840801226397905666e-01,-9.382965480624927412e-01,1.298078014151746506e+00
7.298461914302954483e+02,6.803076479042696745e-01,-9.379740463880014145e-01,1.279511091738269934e+00
7.299499511959238589e+02,6.775907775933925903e-01,-9.377118918739524300e-01,1.265965885593791196e+00
7.300537109615522695e+02,6.739302309380122979e-01,-9.386887435205657493e-01,1.255848702745141932e+00
7.301574707271806801e+02,6.713665931651915386e-01,-9.373822545886583146e-01,1.236617486498128526e+00
7.302612304928090907e+02,6.681602295301167782e-01,-9.372188601352059445e-01,1.221559854647217946e+00
7.303649902584375013e+02,6.648268244134142302e-01,-9.360728774670693531e-01,1.199902482321730801e+00
7.304687500240659119e+02,6.626848712677316788e-01,-9.361639919274789001e-01,1.191087647234142288e+00
7.305725097896943225e+02,6.612930885631859157e-01,-9.367270435408239226e-01,1.188484986997185411e+00
7.306762695553227331e+02,6.575655650621677895e-01,-9.346502257076892972e-01,1.159310447136604694e+00
7.307800293209511437e+02,6.548578973005444448e-01,-9.348483199297695778e-01,1.148711650653153393e+00
7.308837890865795544e+02,6.524028816752587279e-01,-9.352993130750920647e-01,1.140817449358295210e+00
7.309875488522079650e+02,6.494501475383455125e-01,-9.349781080255731291e-01,1.125947997249985733e+00
7.310913086178363756e+02,6.468635316231851062e-01,-9.340447144197057128e-01,1.108831662852488131e+00
7.311950683834648999e+02,6.431261720418467442e-01,-9.320711219412426418e-01,1.080126212064957514e+00
7.312988281490933105e+02,6.405938685429407586e-01,-9.325663960968562094e-01,1.072237404813717543e+00
7.314025879147217211e+02,6.371874551791950614e-01,-9.322123290117453331e-01,1.055196129110490544e+00
7.315063476803501317e+02,6.351664697288383898e-01,-9.328578709132621105e-01,1.050535955531935794e+00
7.316101074459785423e+02,6.324555430090267327e-01,-9.319594593114306491e-01,1.033070582030418905e+00
7.317138672116069529e+02,6.302516311614670963e-01,-9.320124830307481290e-01,1.023871819168450603e+00
7.318176269772353635e+02,6.280574361271547001e-01,-9.307534035038059761e-01,1.006317468025031969e+00
7.319213867428637741e+02,6.240287510376266722e-01,-9.290605552917199361e-01,9.780041002099726377e-01
7.320251465084921847e+02,6.211690964594362985e-01,-9.286377347306775665e-01,9.629081987328435011e-01
7.321289062741205953e+02,6.186102777859701085e-01,-9.289488607153123523e-01,9.538719806173672211e-01
7.322326660397490059e+02,6.164095864657186397e-01,-9.276967238234309354e-01,9.362547194457010447e-01
7.323364258053774165e+02,6.137173444988210935e-01,-9.279346141904524226e-01,9.261947075411414154e-01
7.324401855710058271e+02,6.102184949191101770e-01,-9.276922069838460239e-01,9.095583563114133518e-01
7.325439453366342377e+02,6.083168845805378977e-01,-9.282369324377059971e-01,9.049550397834484894e-01
7.326477051022626483e+02,6.063328037344706267e-01,-9.283423722980564952e-01,8.971406073861359909e-01
7.327514648678910589e+02,6.035943561743548624e-01,-9.268621190956793932e-01,8.756831095663799580e-01
7.328552246335195832e+02,6.009910008653387425e-01,-9.265123716310763591e-01,8.622288454549059677e-01
7.329589843991479938e+02,6.002851378647570124e-01,-9.261173141664750252e-01,8.565995551238829719e-01
7.330627441647764044e+02,5.966262702926745654e-01,-9.257343212817601419e-01,8.384180320111421780e-01
7.331665039304048150e+02,5.935146692235497845e-01,-9.253986242019081043e-01,8.229059451852018814e-01
7.332702636960332256e+02,5.903220458370942447e-01,-9.244371527988225479e-01,8.028879172116791807e-01
7.333740234616616362e+02,5.874935383334060068e-01,-9.233909241697160208e-01,7.838411165956156168e-01
7.334777832272900469e+02,5.855975559204434910e-01,-9.236450104679966300e-01,7.774737565225449121e-01
7.335815429929184575e+02,5.823387676519380385e-01,-9.239227579799605961e-01,7.655004532172584586e-01
7.336853027585468681e+02,5.798196967485874653e-01,-9.238155038426665300e-01,7.541043493078942728e-01
7.337890625241752787e+02,5.781792734102546572e-01,-9.236529997413654991e-01,7.460660383980699528e-01
7.338928222898036893e+02,5.758172798894524158e-01,-9.239316973604115857e-01,7.379725694272986081e-01
7.339965820554320999e+02,5.729875574638633173e-01,-9.226645330548697288e-01,7.174381400449392210e-01
7.341003418210606242e+02,5.713305762925422471e-01,-9.217109142785783193e-01,7.039610856497671154e-01
7.342041015866890348e+02,5.665956664937421561e-01,-9.213543370423067369e-01,6.815782237211400751e-01
7.343078613523175591e+02,5.653881785572814067e-01,-9.205777301312619842e-01,6.711817171826238715e-01
7.344116211179459697e+02,5.625584490482633537e-01,-9.189898082613110475e-01,6.483756002551143149e-01
7.345153808835743803e+02,5.595079501876076833e-01,-9.190902859180313245e-01,6.362458016884560141e-01
7.346191406492027909e+02,5.578351229448877957e-01,-9.184225506148233631e-01,6.246164575186490264e-01
7.347229004148312015e+02,5.555052111159997086e-01,-9.179871082376264146e-01,6.118336328641906796e-01
7.348266601804596121e+02,5.530811404407662835e-01,-9.183615014501993468e-01,6.042834132397675306e-01
7.349304199460880227e+02,5.506783544547436682e-01,-9.181230675000576769e-01,5.925912235651058513e-01
7.350341797117164333e+02,5.493292129656774936e-01,-9.191102296409151551e-01,5.938398293114317550e-01
7.351379394773448439e+02,5.458751180931148417e-01,-9.171917651691859907e-01,5.660774512611086440e-01
7.352416992429732545e+02,5.446838873825363692e-01,-9.168074490499783513e-01,5.584312777623022805e-01
7.353454590086016651e+02,5.409153834780152659e-01,-9.170121866280954714e-01,5.442183193893952442e-01
7.354492187742300757e+02,5.381140662300788469e-01,-9.164710141147688338e-01,5.288080144180652420e-01
7.355529785398584863e+02,5.360448144721271513e-01,-9.165300383943242313e-01,5.206699555123888157e-01
7.356567383054868969e+02,5.341966014692756115e-01,-9.160912591313992159e-01,5.099391001836319770e-01
7.357604980711153075e+02,5.314886878291558148e-01,-9.165411165656373038e-01,5.019712222923987666e-01
7.358642578367437181e+02,5.294383824396480254e-01,-9.162524079194332982e-01,4.914956774152587360e-01
7.359680176023722424e+02,5.272330680671960534e-01,-9.154518166595788653e-01,4.767459913323615073e-01
7.360717773680006530e+02,5.245135634819174664e-01,-9.155769556528549069e-01,4.664951629904840469e-01
7.361755371336290636e+02,5.231213593101001758e-01,-9.134926111389194414e-01,4.458863818026223003e-01
7.362792968992574743e+02,5.217095543051379902e-01,-9.133446008469474631e-01,4.390400985224529595e-01
7.363830566648858849e+02,5.178118420044331982e-01,-9.148755924520356464e-01,4.341197473153869391e-01
7.364868164305142955e+02,5.158159711299847849e-01,-9.134073431658871201e-01,4.154232934241532949e-01
7.365905761961427061e+02,5.140999670473294092e-01,-9.135798622545330261e-01,4.096882049731249698e-01
7.366943359617711167e+02,5.118379689865987237e-01,-9.136701056689356948e-01,4.011602536047603751e-01
7.367980957273995273e+02,5.084845573985168343e-01,-9.123712390641006698e-01,3.781592249163325814e-01
7.369018554930279379e+02,5.056266948856099619e-01,-9.125413889711260218e-01,3.678459920798952121e-01
7.370056152586563485e+02,5.045112636845621168e-01,-9.120936143572284660e-01,3.600829582055522504e-01
7.371093750242847591e+02,5.018691274595245000e-01,-9.114696994773028305e-01,3.448793347797593500e-01
7.372131347899131697e+02,5.001573337828999488e-01,-9.110569646152135714e-01,3.349699681916835647e-01
7.373168945555415803e+02,4.983482524059278940e-01,-9.118064973798931661e-01,3.332002285667528541e-01
7.374206543211699909e+02,4.958649776183221003e-01,-9.129159575069564214e-01,3.314121998577642669e-01
7.375244140867985152e+02,4.937170320649587052e-01,-9.119116108586966529e-01,3.154551556596904005e-01
7.376281738524269258e+02,4.917996166169735228e-01,-9.111704137623323208e-01,3.023464212752193792e-01
7.377319336180553364e+02,4.902589428940510863e-01,-9.110629813134458743e-01,2.954187552908168479e-01
7.378356933836837470e+02,4.874663648398717686e-01,-9.116047134847683475e-01,2.883411261363841849e-01
7.379394531493121576e+02,4.850738366190002204e-01,-9.114514654774691360e-01,2.777366393308933756e-01
7.380432129149405682e+02,4.829591279377957735e-01,-9.108046767207604866e-01,2.645754376408105402e-01
7.381469726805689788e+02,4.811226681383086734e-01,-9.113808993429536320e-01,2.616302308913909247e-01
7.382507324461973894e+02,4.782549576642703970e-01,-9.112278570939712496e-01,2.492221058017225488e-01
7.383544922118258000e+02,4.759250255723508904e-01,-9.096973037490762026e-01,2.286278422244350517e-01
7.384582519774542106e+02,4.742609598823654959e-01,-9.095566573409964439e-01,2.210521961171674488e-01
7.385620117430826213e+02,4.729722684616552431e-01,-9.099245210012142371e-01,2.187758604934289530e-01
7.386657715087110319e+02,4.719720039927267075e-01,-9.102306373295385722e-01,2.171732228754553740e-01
7.387695312743394425e+02,4.687777769741555689e-01,-9.101641258193067241e-01,2.042399393666223528e-01
7.388732910399678531e+02,4.668793331577987815e-01,-9.094797601386086505e-01,1.917020853413994586e-01
7.389770508055962637e+02,4.641932214262181056e-01,-9.104490582561680645e-01,1.886388349863693248e-01
7.390808105712247880e+02,4.621873807632486120e-01,-9.112277611701987690e-01,1.868103304485926319e-01
7.391845703368531986e+02,4.600373951430261621e-01,-9.111624546429168969e-01,1.780578952371099366e-01
7.392883301024816092e+02,4.584380330984179630e-01,-9.097653009087462994e-01,1.612970747663065862e-01
7.393920898681100198e+02,4.576176720909058138e-01,-9.089627704645312223e-01,1.520347010801401111e-01
7.394958496337384304e+02,4.553940332297352067e-01,-9.102456250635699853e-01,1.533075541151627252e-01
7.395996093993668410e+02,4.518146491631052086e-01,-9.110472058562573139e-01,1.458080175500824360e-01
7.397033691649952516e+02,4.505167321809039338e-01,-9.103309001747170726e-01,1.353982259799439980e-01
7.398071289306236622e+02,4.486348805922098504e-01,-9.105246367620087877e-01,1.297565834921137196e-01
7.399108886962520728e+02,4.471891657578240253e-01,-9.102153750716146519e-01,1.219170362554788112e-01
7.400146484618804834e+02,4.458217740621704395e-01,-9.102108191073511323e-01,1.167225593552997098e-01
7.401184082275088940e+02,4.442459335658222597e-01,-9.102606339172575334e-01,1.111725167421406812e-01
7.402221679931373046e+02,4.409516019317316071e-01,-9.115754693109696660e-01,1.089676554783625267e-01
7.403259277587657152e+02,4.388803869478137276e-01,-9.121379006380204713e-01,1.055924456440061887e-01
7.404296875243941258e+02,4.370549747051475920e-01,-9.111322994092011518e-01,9.101925349186920644e-02
7.405334472900225364e+02,4.354475657201798966e-01,-9.123097657990502096e-01,9.418467520529349990e-02
7.406372070556509470e+02,4.347191617899616167e-01,-9.121010875685493513e-01,8.987093505636981061e-02
7.407409668212794713e+02,4.327727706041098465e-01,-9.122059852214321474e-01,8.349754549226418021e-02
7.408447265869078819e+02,4.310974144357239135e-01,-9.118202089543205879e-01,7.432426403149952621e-02
7.409484863525362925e+02,4.282871147004672086e-01,-9.125221430573919879e-01,6.947783728751781573e-02
7.410522461181647031e+02,4.269562459080147865e-01,-9.124091835630829816e-01,6.372821169331252533e-02
7.411560058837931138e+02,4.250620501529223660e-01,-9.124426783252911344e-01,5.707777580256501171e-02
7.412597656494215244e+02,4.237818871150055289e-01,-9.127155653110550215e-01,5.455417572653428054e-02
7.413635254150499350e+02,4.220510287344763078e-01,-9.126716065582509696e-01,4.792620904893924588e-02
7.414672851806783456e+02,4.199022798170555792e-01,-9.140055080931707154e-01,5.062049575335374196e-02
7.415710449463067562e+02,4.180073513021513310e-01,-9.139162537934296671e-01,4.309791592257732062e-02
7.416748047119351668e+02,4.163648911858250368e-01,-9.142641062702657750e-01,3.993843276686278448e-02
7.417785644775635774e+02,4.149015763615862551e-01,-9.145100298944526251e-01,3.663807093807116416e-02
7.418823242431919880e+02,4.125696202392009071e-01,-9.138056034039461206e-01,2.275970744148196612e-02
7.419860840088203986e+02,4.116289259948937573e-01,-9.144267659217889532e-01,2.431605844928630064e-02
7.420898437744488092e+02,4.098507555940250069e-01,-9.152303831436982007e-01,2.435757448890253293e-02
7.421936035400772198e+02,4.059075556481989144e-01,-9.173080456445097397e-01,2.690784773726853304e-02
7.422973633057057441e+02,4.057365253304441310e-01,-9.164058292627648150e-01,1.916117930714650308e-02
7.424011230713341547e+02,4.041291109277654892e-01,-9.163082310160917121e-01,1.275434261377965915e-02
7.425048828369625653e+02,4.024062716619349889e-01,-9.171474167140473144e-01,1.339983759776688238e-02
7.426086426025909759e+02,4.011348105918755569e-01,-9.176186102658848709e-01,1.271943080175593280e-02
7.427124023682193865e+02,3.993596329927267541e-01,-9.188076027386710143e-01,1.601988843457927483e-02
7.428161621338477971e+02,3.977440514523661319e-01,-9.192139424228094047e-01,1.367870008925918882e-02
7.429199218994762077e+02,3.957236286421242921e-01,-9.194926053692757950e-01,8.953913605284446672e-03
7.430236816651046183e+02,3.935690587845309674e-01,-9.200077315744222828e-01,5.689135248036140784e-03
7.431274414307330289e+02,3.918864834461632252e-01,-9.200210528535165411e-01,5.973072159041608068e-05
7.432312011963614395e+02,3.900960085751465911e-01,-9.215839833909806877e-01,6.474559942413075919e-03
7.433349609619898501e+02,3.894675240602513133e-01,-9.216184055507522510e-01,4.624674131702100240e-03
7.434387207276182608e+02,3.867971055713501083e-01,-9.226440609411954430e-01,3.837745309178929032e-03
7.435424804932466714e+02,3.855065491219419327e-01,-9.228054699001879690e-01,8.043895548133190654e-04
7.436462402588750820e+02,3.839581246637764900e-01,-9.231038506357184259e-01,-1.978398937855817448e-03
7.437500000245034926e+02,3.815519440315835453e-01,-9.240811293126267589e-01,-2.138038746425639704e-03
7.438537597901319032e+02,3.804295262790168830e-01,-9.244039332966083045e-01,-3.261662695108352196e-03
7.439575195557604275e+02,3.799198858903477527e-01,-9.245564490105748767e-01,-3.720252052939298625e-03
7.440612793213888381e+02,3.777862885082334254e-01,-9.266325450677433961e-01,5.947295022652053856e-03
7.441650390870172487e+02,3.764936737769926656e-01,-9.274707096648970861e-01,8.457911348114239072e-03
7.442687988526456593e+02,3.746975833975774717e-01,-9.272207157303227198e-01,5.929221197529300786e-04
7.443725586182740699e+02,3.728426958696853255e-01,-9.277845651949753192e-01,-8.865928972775627545e-04
7.444763183839024805e+02,3.716932177071127774e-01,-9.275125338485163962e-01,-6.800516578650511561e-03
7.445800781495308911e+02,3.704204937513376206e-01,-9.281246234437782183e-01,-5.968444196982864748e-03
7.446838379151593017e+02,3.687847186349004214e-01,-9.296221416400424209e-01,8.663090462190666625e-04
7.447875976807877123e+02,3.666881534562794198e-01,-9.302000493279874993e-01,-1.162615769892371732e-03
7.448913574464161229e+02,3.658459207748703257e-01,-9.312972760841371489e-01,5.025587964903863170e-03
7.449951172120445335e+02,3.643754456198300962e-01,-9.334789596281697355e-01,1.799645056474068888e-02
7.450988769776729441e+02,3.630466494368816965e-01,-9.338430446318753964e-01,1.675616272309822519e-02
7.452026367433013547e+02,3.615541214717829521e-01,-9.346209126751851004e-01,1.836492251231927608e-02
7.453063965089297653e+02,3.586683912747521963e-01,-9.362565765010671948e-01,2.260858085865194433e-02
7.454101562745581759e+02,3.569755111626914390e-01,-9.370487581867628091e-01,2.378572397011259609e-02
7.455139160401867002e+02,3.562700839931978725e-01,-9.372554564913031516e-01,2.328584298038404582e-02
7.456176758058151108e+02,3.557296480259484195e-01,-9.386611036083486459e-01,3.300334896808151952e-02
7.457214355714435214e+02,3.532161532108605839e-01,-9.391861556872336259e-01,2.957133548618118626e-02
7.458251953370719320e+02,3.511857892796171887e-01,-9.400107827998781529e-01,3.008652544152005948e-02
7.459289551027003426e+02,3.504948776918076492e-01,-9.408854347754938008e-01,3.508810503998392033e-02
7.460327148683287533e+02,3.480438709780214745e-01,-9.418115219048044384e-01,3.522345272228009916e-02
7.461364746339571639e+02,3.472594098979294719e-01,-9.429492628040403446e-01,4.210597356883316600e-02
7.462402343995855745e+02,3.460232469613970796e-01,-9.437434835576028469e-01,4.486395913085421128e-02
7.463439941652139851e+02,3.443720462181159570e-01,-9.445612645904509774e-01,4.660115512328567161e-02
7.464477539308423957e+02,3.431049747922312321e-01,-9.471597789983738913e-01,6.394440090294840895e-02
7.465515136964708063e+02,3.420545797581197589e-01,-9.478501127092825440e-01,6.646214273537198736e-02
7.466552734620992169e+02,3.404801897688329859e-01,-9.501710064572538306e-01,8.068346944401215415e-02
7.467590332277276275e+02,3.391846153105185779e-01,-9.509034453980874657e-01,8.286500338967940638e-02
7.468627929933560381e+02,3.377190450098264685e-01,-9.516450498911043221e-01,8.464946470631033726e-02
7.469665527589844487e+02,3.360280741120251768e-01,-9.529039805314855061e-01,9.000586606922751642e-02
7.470703125246128593e+02,3.344870985166108479e-01,-9.546933420122764025e-01,1.001188501172380063e-01
7.471740722902413836e+02,3.331450667582795400e-01,-9.561233595402526264e-01,1.079059932014016371e-01
7.472778320558697942e+02,3.304067166570016645e-01,-9.572135000783640324e-01,1.090444483664377989e-01
7.473815918214982048e+02,3.298827564814457158e-01,-9.568406751761585616e-01,1.045545656306419435e-01
7.474853515871266154e+02,3.291600459030540327e-01,-9.580007249897138921e-01,1.119465011867077642e-01
7.475891113527550260e+02,3.275577993238749097e-01,-9.589988846474615247e-01,1.155901420864415691e-01
7.476928711183834366e+02,3.260563207635328586e-01,-9.604977402367259609e-01,1.235992726898917371e-01
7.477966308840118472e+02,3.253896218070284618e-01,-9.625869062134100318e-01,1.386985222784342109e-01
7.479003906496402578e+02,3.242728667333066306e-01,-9.634169651365045439e-01,1.423699590738905785e-01
7.480041504152686684e+02,3.222376362327443178e-01,-9.644102097591200629e-01,1.448867822175430864e-01
7.481079101808970790e+02,3.217141659387393049e-01,-9.662324312904031487e-01,1.582277655974059782e-01
7.482116699465254896e+02,3.205237862785715319e-01,-9.684280700677705411e-01,1.727899048304002427e-01
7.483154297121539003e+02,3.179634128296865980e-01,-9.688459973412414383e-01,1.693448365291212454e-01
7.484191894777823109e+02,3.158546656185058921e-01,-9.698512994490443573e-01,1.719020520738784308e-01
7.485229492434107215e+02,3.149446135294218796e-01,-9.722240579001171223e-01,1.887090848743105953e-01
7.486267090090391321e+02,3.136200973807633519e-01,-9.738570343228225568e-01,1.984508088326480957e-01
7.487304687746676564e+02,3.120019998435046293e-01,-9.747437185074007138e-01,2.014182755393117419e-01
7.488342285402960670e+02,3.103272604242507948e-01,-9.776893082892772480e-01,2.208979149034301370e-01
7.489379883059244776e+02,3.085368120360068023e-01,-9.791451742915044942e-01,2.280774364378036767e-01
7.490417480715528882e+02,3.075854322026823628e-01,-9.794026687390873231e-01,2.277401352555887271e-01
7.491455078371812988e+02,3.062497786815923662e-01,-9.808422672925652952e-01,2.359830855739061262e-01
7.492492676028097094e+02,3.042704967689964790e-01,-9.827947612105035757e-01,2.467694413974340639e-01
7.493530273684381200e+02,3.033455874142755859e-01,-9.843150805248618296e-01,2.567228925245596538e-01
7.494567871340665306e+02,3.022194019117632191e-01,-9.863157327244490569e-01,2.700500890401379972e-01
7.495605468996949412e+02,3.009845406507111187e-01,-9.878835203217647409e-01,2.796311714743391352e-01
7.496643066653233518e+02,2.997412321561066517e-01,-9.889566447996184229e-01,2.852247378200916672e-01
7.497680664309517624e+02,2.979651995394963504e-01,-9.905318222983248155e-01,2.935802412024280383e-01
7.498718261965801730e+02,2.963106530950377904e-01,-9.916795085733597359e-01,2.988201754358128515e-01
7.499755859622085836e+02,2.946647062031192976e-01,-9.925642691579465993e-01,3.019928931186237064e-01
7.500793457278369942e+02,2.947283502120842669e-01,-9.946089737121764918e-01,3.185739807832063120e-01
7.501831054934654048e+02,2.926580267011372749e-01,-9.951858054987982038e-01,3.182983167227652066e-01
7.502868652590938154e+02,2.912496078762589757e-01,-9.983930863969650016e-01,3.407273725777676399e-01
7.503906250247223397e+02,2.904837721781859394e-01,-1.000201249886654375e+00,3.534301559787067504e-01
7.504943847903507503e+02,2.876073665614585217e-01,-1.002772321642436015e+00,3.673678751362768891e-01
7.505981445559791609e+02,2.874852311638926849e-01,-1.003296182729203512e+00,3.712796269874504840e-01
7.507019043216075715e+02,2.867900420331792044e-01,-1.005786811561507399e+00,3.896000981195286150e-01
7.508056640872359822e+02,2.844756655062670725e-01,-1.007126618479809554e+00,3.950550174475075949e-01
7.509094238528643928e+02,2.826222247296936163e-01,-1.008867026283230217e+00,4.047891595440345491e-01
7.510131836184928034e+02,2.812599767971758480e-01,-1.010553248962360762e+00,4.152099766882286214e-01
7.511169433841212140e+02,2.801423163867944877e-01,-1.012752056399354395e+00,4.302667856714342820e-01
7.512207031497496246e+02,2.789137595514240564e-01,-1.014372799439408057e+00,4.404759275714932309e-01
7.513244629153780352e+02,2.773988006348045432e-01,-1.016383376894433255e+00,4.531721296914056341e-01
7.514282226810064458e+02,2.753075391938945571e-01,-1.017947810537796816e+00,4.610946842935710333e-01
7.515319824466348564e+02,2.735874902606637571e-01,-1.020700777309192953e+00,4.792881241862835262e-01
7.516357422122632670e+02,2.733502017063782485e-01,-1.022263525323727551e+00,4.911837477093042859e-01
7.517395019778916776e+02,2.719726657175733364e-01,-1.023935096529039690e+00,5.015238354010512767e-01
7.518432617435200882e+02,2.710585700792007557e-01,-1.025107923643416186e+00,5.088955128345680201e-01
7.519470215091486125e+02,2.684363533093558907e-01,-1.028006020862603620e+00,5.263795114378179152e-01
7.520507812747770231e+02,2.680427441776117581e-01,-1.029246810105933330e+00,5.353782574885783685e-01
7.521545410404054337e+02,2.660216319500824933e-01,-1.031564487885940462e+00,5.495484127509828731e-01
7.522583008060338443e+02,2.643042671884318073e-01,-1.033182742311917313e+00,5.588394591608735196e-01
7.523620605716622549e+02,2.628559140307476505e-01,-1.034505826410550000e+00,5.663639588514464140e-01
7.524658203372906655e+02,2.618503209169580903e-01,-1.036690661569471317e+00,5.815758941699121776e-01
7.525695801029190761e+02,2.612282368664100018e-01,-1.039024550174881156e+00,5.987083939176088832e-01
7.526733398685474867e+02,2.587253145033612811e-01,-1.040078850759444951e+00,6.020768124892492690e-01
7.527770996341758973e+02,2.571071932759088630e-01,-1.043509594093974924e+00,6.258814394682847837e-01
7.528808593998043079e+02,2.565994552603967915e-01,-1.045311079904302165e+00,6.390298611133381490e-01
7.529846191654327185e+02,2.550036528240884337e-01,-1.047126449417714822e+00,6.501946242018047384e-01
7.530883789310611292e+02,2.525597039933266119e-01,-1.048935819166468386e+00,6.597266370988325024e-01
7.531921386966895398e+02,2.495114190020470413e-01,-1.052250144951196287e+00,6.799514446605892104e-01
7.532958984623179504e+02,2.497680064790509802e-01,-1.052864386858205492e+00,6.852257821247735858e-01
7.533996582279463610e+02,2.483853796061687158e-01,-1.055233007864792905e+00,7.011621649879202778e-01
7.535034179935748853e+02,2.471397050592299138e-01,-1.057232778849692911e+00,7.144719434976638528e-01
7.536071777592032959e+02,2.463822307018215252e-01,-1.058485831571935654e+00,7.228536755998291596e-01
7.537109375248317065e+02,2.446400764423320717e-01,-1.061569407679107568e+00,7.436962392872361605e-01
7.538146972904601171e+02,2.427266676333242057e-01,-1.063679059166018348e+00,7.566715166547066662e-01
7.539184570560885277e+02,2.407169114411153721e-01,-1.064827662784755269e+00,7.620432229673792524e-01
7.540222168217169383e+02,2.388724890769395592e-01,-1.067244105450366076e+00,7.775661442290487946e-01
7.541259765873453489e+02,2.375308500011251711e-01,-1.068557462160323990e+00,7.854234702517736144e-01
7.542297363529737595e+02,2.359135136327075999e-01,-1.069464812862753078e+00,7.896772764881960782e-01
7.543334961186021701e+02,2.345892716690868851e-01,-1.073048479758724305e+00,8.151478724408447452e-01
7.544372558842305807e+02,2.339945829316630033e-01,-1.076435256621460335e+00,8.402772924547718958e-01
7.545410156498589913e+02,2.323563578025529819e-01,-1.079643820184231329e+00,8.622462852313954595e-01
7.546447754154874019e+02,2.303647054495712165e-01,-1.080878390059969663e+00,8.684582309446906567e-01
7.547485351811158125e+02,2.285682225117712241e-01,-1.081804013753073113e+00,8.726426997241825134e-01
7.548522949467442231e+02,2.277803490395525765e-01,-1.084131659445909168e+00,8.892431495577375333e-01
7.549560547123726337e+02,2.256778287999688104e-01,-1.086673091058262264e+00,9.053628242783720026e-01
7.550598144780010443e+02,2.248594616528963031e-01,-1.089101678158624242e+00,9.226585076063229529e-01
7.551635742436295686e+02,2.221432768684128700e-01,-1.090822304176525481e+00,9.315575065257065690e-01
7.552673340092579792e+02,2.217155435173563116e-01,-1.093111226238720146e+00,9.483781293674286017e-01
7.553710937748863898e+02,2.192628319717943863e-01,-1.096057400522169267e+00,9.670776352667930231e-01
7.554748535405148004e+02,2.186344772025860805e-01,-1.097550409898446100e+00,9.774927887183459951e-01
7.555786133061432110e+02,2.166465048089339929e-01,-1.099347084120540829e+00,9.881661998913389144e-01
7.556823730717716217e+02,2.143834239067875791e-01,-1.101667399308996043e+00,1.002434475258161539e+00
7.557861328374000323e+02,2.133969957661936423e-01,-1.103871956381729635e+00,1.017716651367138070e+00
7.558898926030284429e+02,2.112924432420971443e-01,-1.106695800970977306e+00,1.036053680716686021e+00
7.559936523686568535e+02,2.087019180703189591e-01,-1.110056860359488029e+00,1.057767168041822803e+00
7.560974121342852641e+02,2.080140668836305551e-01,-1.110189179049697161e+00,1.057791478524199302e+00
7.562011718999136747e+02,2.065891062565569924e-01,-1.110761576165592235e+00,1.060107273018133567e+00
7.563049316655420853e+02,2.044988395511357360e-01,-1.113706292156016575e+00,1.079427254185104879e+00
7.564086914311704959e+02,2.033391511604689394e-01,-1.115861567929446796e+00,1.094077141569076650e+00
7.565124511967989065e+02,2.010923127314650782e-01,-1.119633713033910460e+00,1.119402401557231919e+00
7.566162109624273171e+02,1.995331169625496059e-01,-1.122347118897818463e+00,1.137684367426190057e+00
7.567199707280558414e+02,1.984228136353128613e-01,-1.124943568488981915e+00,1.155671283993546128e+00
7.568237304936842520e+02,1.968390827822718847e-01,-1.125344305086896091e+00,1.156589068553564692e+00
7.569274902593126626e+02,1.937026756943973915e-01,-1.128009542251324548e+00,1.172468465026770490e+00
7.570312500249410732e+02,1.926967959487182469e-01,-1.130762326098043502e+00,1.191751918766469132e+00
7.571350097905694838e+02,1.920635768035390267e-01,-1.134148179925489330e+00,1.216190957581726018e+00
7.572387695561978944e+02,1.906586899669959478e-01,-1.135891155889045878e+00,1.227398142445054408e+00
7.573425293218263050e+02,1.884366236209563950e-01,-1.137902284979412038e+00,1.239593755035452327e+00
7.574462890874547156e+02,1.875347802709101119e-01,-1.140673949044022972e+00,1.259060327363286325e+00
7.575500488530831262e+02,1.849925192238057181e-01,-1.142032774262485839e+00,1.266057503513008387e+00
7.576538086187115368e+02,1.822000899840802990e-01,-1.143613856986493760e+00,1.274448172008886049e+00
7.577575683843399474e+02,1.807776618246898226e-01,-1.147302328083952938e+00,1.300065394820343112e+00
7.578613281499683580e+02,1.781513628376012737e-01,-1.150015874038595065e+00,1.317066749973093476e+00
7.579650879155967687e+02,1.773376014099243281e-01,-1.153109209424448167e+00,1.338930568170484614e+00
7.580688476812251793e+02,1.762951449654426295e-01,-1.154480678628241552e+00,1.347843174602653793e+00
7.581726074468535899e+02,1.747436496046432253e-01,-1.156316899936743470e+00,1.359603992475109324e+00
7.582763672124820005e+02,1.731233959838849867e-01,-1.159249816269225963e+00,1.379335795252181640e+00
7.583801269781105248e+02,1.705757005709770402e-01,-1.160559975859245530e+00,1.386170221850131501e+00
7.584838867437389354e+02,1.695344462282639963e-01,-1.161860694404049266e+00,1.394578688396242327e+00
7.585876465093673460e+02,1.676803867213813304e-01,-1.164662870151278673e+00,1.413106242308741711e+00
7.586914062749957566e+02,1.651351562969973208e-01,-1.168087811425992495e+00,1.435452387377582406e+00
7.587951660406241672e+02,1.636872834604910787e-01,-1.169649497293011819e+00,1.445348152465348868e+00
7.588989258062525778e+02,1.607796930670904456e-01,-1.171937339087607555e+00,1.459068727485371975e+00
7.590026855718809884e+02,1.583263448605592150e-01,-1.174494275746342575e+00,1.475229912976578017e+00
7.591064453375093990e+02,1.563544242623244040e-01,-1.177352553241384880e+00,1.494056469198628001e+00
7.592102051031378096e+02,1.558532506064634060e-01,-1.178844142605979917e+00,1.504382750030794469e+00
7.593139648687662202e+02,1.537105402890813211e-01,-1.180557855131948886e+00,1.514752020018025336e+00
7.594177246343946308e+02,1.523259878121267785e-01,-1.183986309456909858e+00,1.538230282556466433e+00
7.595214844000230414e+02,1.500297150283457226e-01,-1.187333600454322902e+00,1.560248936149303489e+00
7.596252441656514520e+02,1.481411933319031760e-01,-1.188572548611380508e+00,1.567461190128695669e+00
7.597290039312798626e+02,1.471043063613699242e-01,-1.190574382649191909e+00,1.580930969925144591e+00
7.598327636969082732e+02,1.437330828107950820e-01,-1.193052563185430959e+00,1.595773038817369649e+00
7.599365234625369112e+02,1.421713198454942206e-01,-1.195650110624612683e+00,1.613056603956751545e+00
7.600402832281653218e+02,1.412115626821582037e-01,-1.196917286957879023e+00,1.621315981587465371e+00
7.601440429937937324e+02,1.389727569982509292e-01,-1.200446800727465568e+00,1.644676456346758187e+00
7.602478027594221430e+02,1.364794043212358143e-01,-1.202336824158455109e+00,1.656124050774469891e+00
7.603515625250505536e+02,1.345644679726835380e-01,-1.204725414967678709e+00,1.671609964972480045e+00
7.604553222906789642e+02,1.337666456479828792e-01,-1.206851659065901528e+00,1.686107396136288017e+00
7.605590820563073748e+02,1.316724253170620806e-01,-1.208983587558118966e+00,1.699619906371124145e+00
7.606628418219357854e+02,1.285366580710995410e-01,-1.212270976355319219e+00,1.720546365346894202e+00
7.607666015875641961e+02,1.254947279409671657e-01,-1.213959617305137684e+00,1.730250188054100136e+00
7.608703613531926067e+02,1.232643544745379710e-01,-1.217472325715349690e+00,1.753473895944629213e+00
7.609741211188210173e+02,1.231772910545658600e-01,-1.219738829505156108e+00,1.769403304412487721e+00
7.610778808844494279e+02,1.218614855217478726e-01,-1.221725695432383851e+00,1.782469196684934420e+00
7.611816406500778385e+02,1.196203764216916127e-01,-1.224789991295165636e+00,1.802462094760320932e+00
7.612854004157062491e+02,1.177050255057875000e-01,-1.226385713999436744e+00,1.812364064558150467e+00
7.613891601813347734e+02,1.151797108052748375e-01,-1.227702952804491598e+00,1.819923957685952720e+00
7.614929199469631840e+02,1.127442630164621346e-01,-1.231185515912125217e+00,1.842736951286383817e+00
7.615966797125915946e+02,1.101243599443064713e-01,-1.235475863509802652e+00,1.871053999481479213e+00
7.617004394782200052e+02,1.086064714656230501e-01,-1.236796436989814341e+00,1.879324827116029883e+00
7.618041992438484158e+02,1.069528179292735942e-01,-1.237905717121862148e+00,1.886049529649532985e+00
7.619079590094768264e+02,1.035993404435536086e-01,-1.240436330533157161e+00,1.901677878864043159e+00
7.620117187751052370e+02,1.011102572810756856e-01,-1.243004225253288686e+00,1.918093658106549748e+00
7.621154785407336476e+02,1.000207603294253067e-01,-1.245019659583376015e+00,1.931463418340799487e+00
7.622192383063620582e+02,9.907033453166387560e-02,-1.247199490606887062e+00,1.946035505577584646e+00
7.623229980719904688e+02,9.593287241167577917e-02,-1.249067796392212992e+00,1.957263083171065787e+00
7.624267578376188794e+02,9.365519245720087260e-02,-1.251256117739289575e+00,1.971187132277171017e+00
7.625305176032472900e+02,9.228260036791775811e-02,-1.253863984824601374e+00,1.988469725209085048e+00
7.626342773688757006e+02,9.031299652780311327e-02,-1.256412284594696116e+00,2.005025583965053482e+00
7.627380371345041112e+02,8.745105147051511485e-02,-1.260392829795342839e+00,2.030975833120955087e+00
7.628417969001325218e+02,8.516015356127237812e-02,-1.262217497977028646e+00,2.042408256408839495e+00
7.629455566657609324e+02,8.235736063785495387e-02,-1.263048890760503973e+00,2.046829071973629510e+00
7.630493164313894567e+02,8.071922254530967955e-02,-1.265453648253725971e+00,2.062559368132566462e+00
7.631530761970178673e+02,7.924516584699359267e-02,-1.268371960818889033e+00,2.081852265164235050e+00
7.632568359626462779e+02,7.704390142732069069e-02,-1.270879694123748127e+00,2.098020257827269752e+00
7.633605957282746886e+02,7.437931715661638687e-02,-1.272047831529373063e+00,2.104891986723474773e+00
7.634643554939030992e+02,7.125940480937621724e-02,-1.275083828141434061e+00,2.124317721957195815e+00
7.635681152595315098e+02,6.976675547199331917e-02,-1.277405491476107269e+00,2.139510887713760745e+00
7.636718750251599204e+02,6.770209396348890463e-02,-1.280189761198729403e+00,2.157616218253744833e+00
7.637756347907883310e+02,6.547157703287360964e-02,-1.282488619280333753e+00,2.172374018598161705e+00
7.638793945564167416e+02,6.489334393444930182e-02,-1.284424081192354183e+00,2.185240481022732162e+00
7.639831543220451522e+02,6.165943030851126633e-02,-1.287580810684999078e+00,2.205437936410849620e+00
7.640869140876735628e+02,5.957491072180979425e-02,-1.289029541898586873e+00,2.214524044878285913e+00
7.641906738533019734e+02,5.639917575571027492e-02,-1.290828685898063100e+00,2.225654985451934742e+00
7.642944336189303840e+02,5.454948259143622968e-02,-1.292591803420112706e+00,2.236955761253780484e+00
7.643981933845587946e+02,5.250452983680529984e-02,-1.294205816527081110e+00,2.247208850853971818e+00
7.645019531501872052e+02,4.874238118877514958e-02,-1.296470624702930063e+00,2.261387929809113295e+00
7.646057129158157295e+02,4.752018451033192259e-02,-1.300230848941189343e+00,2.286206401507130170e+00
7.647094726814441401e+02,4.450209656327969165e-02,-1.302223397572888297e+00,2.298778867009372284e+00
7.648132324470725507e+02,4.237504845264458697e-02,-1.304878007307454624e+00,2.315975810616729191e+00
7.649169922127009613e+02,3.970849342124108117e-02,-1.307830875168958906e+00,2.335033449440957920e+00
7.650207519783293719e+02,3.787905176408938590e-02,-1.308381179044395992e+00,2.338324344673114563e+00
7.651245117439577825e+02,3.452658712925130852e-02,-1.310474961370406977e+00,2.351588135203066532e+00
7.652282715095861931e+02,3.234767219859492615e-02,-1.312509873709786223e+00,2.364688724786915053e+00
7.653320312752146037e+02,3.048101437414465348e-02,-1.313772596081246080e+00,2.372741120186984354e+00
7.654357910408430143e+02,2.683134390799721963e-02,-1.317823469374581613e+00,2.398944721899418653e+00
7.655395508064714249e+02,2.567870479874615613e-02,-1.320655702791436514e+00,2.417433828223950254e+00
7.656433105720998356e+02,2.331845545471035105e-02,-1.320971771120246885e+00,2.419223836356613866e+00
7.657470703377282462e+02,1.989539297776381221e-02,-1.324032828185320643e+00,2.438955552668237825e+00
7.658508301033566568e+02,1.688357915796579595e-02,-1.326952249765864122e+00,2.457808921987137296e+00
7.659545898689850674e+02,1.490747653709891506e-02,-1.329657326525850669e+00,2.475340483952163773e+00
7.660583496346134780e+02,1.221568249367165765e-02,-1.330985876642328591e+00,2.483834751447212330e+00
7.661621094002418886e+02,9.820148048233464863e-03,-1.332990441041163932e+00,2.496776398692210019e+00
7.662658691658704129e+02,7.201361932520198954e-03,-1.335259204365893737e+00,2.511437928788480267e+00
7.663696289314988235e+02,4.400827702213493467e-03,-1.338532151986880914e+00,2.532623096322903056e+00
7.664733886971272341e+02,1.964623083372008493e-03,-1.340932869714126729e+00,2.548150054052042535e+00
7.665771484627556447e+02,-6.587547590832599012e-04,-1.342150243173833246e+00,2.556023734416786652e+00
7.666809082283840553e+02,-1.654171101070410791e-03,-1.345103543619181385e+00,2.575120904461873472e+00
7.667846679940124659e+02,-4.760751678227422706e-03,-1.348199232157045957e+00,2.595135662410668509e+00
7.668884277596408765e+02,-7.358321654745396054e-03,-1.350841227698924119e+00,2.612214999393893677e+00
7.669921875252692871e+02,-1.013743748080769315e-02,-1.352082935951971043e+00,2.620310766061519470e+00
7.670959472908976977e+02,-1.262155714142234979e-02,-1.353160132194633158e+00,2.627361702907824892e+00
7.671997070565261083e+02,-1.474592081918541485e-02,-1.354809852078825205e+00,2.638081375824691932e+00
7.673034668221545189e+02,-1.687806856995778884e-02,-1.358782235032484742e+00,2.663667237393588572e+00
7.674072265877829295e+02,-1.917040715924007294e-02,-1.361437653192862474e+00,2.680816164222121323e+00
7.675109863534113401e+02,-2.274491002388093902e-02,-1.362407565887297167e+00,2.687351193286069417e+00
7.676147461190397507e+02,-2.627320404531829565e-02,-1.363986696580635982e+00,2.697813742452653152e+00
7.677185058846681613e+02,-2.922941867483082323e-02,-1.367562442247842291e+00,2.720926797957128329e+00
7.678222656502966856e+02,-3.045548026652084017e-02,-1.368873904419664056e+00,2.729418107577781694e+00
7.679260254159250962e+02,-3.516451962874798942e-02,-1.371596292069445111e+00,2.747379682543454216e+00
7.680297851815535068e+02,-3.662353075371317657e-02,-1.372630611539945811e+00,2.754164200710367716e+00
7.681335449471819175e+02,-3.855001984441503576e-02,-1.374309241743143728e+00,2.765105150288365010e+00
7.682373047128103281e+02,-4.185444495690172212e-02,-1.375438776885401282e+00,2.772844889828678383e+00
7.683410644784387387e+02,-4.562257435564590763e-02,-1.377509913156516275e+00,2.786655857175460049e+00
7.684448242440671493e+02,-4.660092747070378183e-02,-1.380132876357769156e+00,2.803366648673488726e+00
7.685485840096955599e+02,-4.872069047986078705e-02,-1.382360197622942932e+00,2.817815783037481037e+00
7.686523437753239705e+02,-5.317520414432118370e-02,-1.387027368844330200e+00,2.848079040725797650e+00
7.687561035409523811e+02,-5.476911352910687758e-02,-1.388662517948194841e+00,2.858684594237079768e+00
7.688598633065807917e+02,-5.838928696808901031e-02,-1.391316000365088179e+00,2.876157766510267333e+00
7.689636230722092023e+02,-6.233997786048953854e-02,-1.392395673250812926e+00,2.883950059090006235e+00
7.690673828378376129e+02,-6.478333826611720747e-02,-1.395578468439434783e+00,2.904433556462632904e+00
7.691711426034660235e+02,-6.679864432540816299e-02,-1.397233957596103693e+00,2.915297474297786184e+00
7.692749023690944341e+02,-6.930628227876868552e-02,-1.399207234131970345e+00,2.928283081031901602e+00
7.693786621347228447e+02,-7.280793377673343281e-02,-1.400322367775990173e+00,2.936285154083219773e+00
7.694824219003513690e+02,-7.600418109892444207e-02,-1.401946615132177110e+00,2.947375087186978160e+00
7.695861816659797796e+02,-7.807346025145474322e-02,-1.405831122975541358e+00,2.972036910299219237e+00
7.696899414316081902e+02,-8.090529783848070255e-02,-1.407267885179631195e+00,2.981866255513793362e+00
7.697937011972366008e+02,-8.231505127455841786e-02,-1.409187710342570510e+00,2.994170246312255923e+00
7.698974609628650114e+02,-8.668144771624478051e-02,-1.412109965529503741e+00,3.013703986347633368e+00
7.700012207284934220e+02,-8.807840523852555892e-02,-1.414602568705934482e+00,3.029492892322840802e+00
7.701049804941218326e+02,-9.032312248113330555e-02,-1.417444302300321812e+00,3.047719129711693675e+00
7.702087402597502432e+02,-9.359405275612683872e-02,-1.418675882231654528e+00,3.056524988875311877e+00
7.703125000253786538e+02,-9.815665567850870299e-02,-1.419164724054456039e+00,3.061382434190871304e+00
7.704162597910070645e+02,-1.005800836665749487e-01,-1.420229985435419229e+00,3.068900772375235952e+00
7.705200195566354751e+02,-1.063552222258794533e-01,-1.422923770451890224e+00,3.087827841935873341e+00
7.706237793222638857e+02,-1.069568578282313054e-01,-1.425407698100541243e+00,3.103165923762730927e+00
7.707275390878922963e+02,-1.094261256050336334e-01,-1.427890299076284952e+00,3.119327923198504937e+00
7.708312988535207069e+02,-1.132245161908866371e-01,-1.429629071142640040e+00,3.131623056144359651e+00
7.709350586191491175e+02,-1.158958913555719339e-01,-1.431592861396176808e+00,3.144760660568421518e+00
7.710388183847776418e+02,-1.189824448759644743e-01,-1.434507188000481381e+00,3.163829797602723204e+00
7.711425781504060524e+02,-1.217881699926844086e-01,-1.436160263661782066e+00,3.175177568406153839e+00
7.712463379160344630e+02,-1.244749858821122962e-01,-1.438891440212170636e+00,3.192940251931433160e+00
7.713500976816628736e+02,-1.275576582826133676e-01,-1.441245084954901667e+00,3.208643251172304645e+00
7.714538574472912842e+02,-1.311140921930320780e-01,-1.443101419809925234e+00,3.221639937436495238e+00
7.715576172129196948e+02,-1.348469153393446196e-01,-1.444857142123781468e+00,3.234162658201019003e+00
7.716613769785481054e+02,-1.384511089607439183e-01,-1.447384172935641589e+00,3.251234007832559225e+00
7.717651367441765160e+02,-1.408941131099072097e-01,-1.449549784914810235e+00,3.265500320699361581e+00
7.718688965098049266e+02,-1.436149069224968156e-01,-1.451297162116157891e+00,3.277447627118814211e+00
7.719726562754333372e+02,-1.466349585920276866e-01,-1.452272461194669795e+00,3.285013341320013325e+00
7.720764160410617478e+02,-1.483060215792647851e-01,-1.453984369470485483e+00,3.296145093240986590e+00
7.721801758066901584e+02,-1.521762023398370023e-01,-1.456173798149885901e+00,3.311436930569355397e+00
7.722839355723185690e+02,-1.559110231802197377e-01,-1.458659997870022540e+00,3.328417092999971238e+00
7.723876953379469796e+02,-1.583894391921596423e-01,-1.459735324177497517e+00,3.336315195764254948e+00
7.724914551035753902e+02,-1.621882541296549018e-01,-1.461834384274610432e+00,3.351096829903462027e+00
7.725952148692038008e+02,-1.658527182944085909e-01,-1.465709548997569778e+00,3.376212890340068995e+00
7.726989746348323251e+02,-1.681580490192106925e-01,-1.467711882499230569e+00,3.389453573543544707e+00
7.728027344004607357e+02,-1.709782449102665858e-01,-1.467349454629129024e+00,3.389240013917054206e+00
7.729064941660891463e+02,-1.752882156131339297e-01,-1.470335022723720853e+00,3.409615960118785871e+00
7.730102539317175570e+02,-1.784504530789859655e-01,-1.471851256970916122e+00,3.420653635447460594e+00
7.731140136973459676e+02,-1.802927247602340299e-01,-1.474343467619950276e+00,3.436437241628929051e+00
7.732177734629743782e+02,-1.836602935483512000e-01,-1.476956459822582168e+00,3.453995105413590672e+00
7.733215332286027888e+02,-1.867198573893755209e-01,-1.477520749035097003e+00,3.459482012434207387e+00
7.734252929942311994e+02,-1.885213864028134623e-01,-1.480405608679103535e+00,3.477477285015507569e+00
7.735290527598596100e+02,-1.937614123132846977e-01,-1.482488388303123461e+00,3.493387919654363127e+00
7.736328125254880206e+02,-1.969355989056021661e-01,-1.486020750764019738e+00,3.516110550566966531e+00
7.737365722911164312e+02,-2.012369888317580013e-01,-1.487933047101948514e+00,3.530388891481990754e+00
7.738403320567448418e+02,-2.036988823873984722e-01,-1.488849028273614650e+00,3.537556071721987383e+00
7.739440918223732524e+02,-2.073819885131791274e-01,-1.491319932298041051e+00,3.554596483935461571e+00
7.740478515880016630e+02,-2.101658524492666380e-01,-1.493177002746827853e+00,3.567421862511906738e+00
7.741516113536300736e+02,-2.145926422425379343e-01,-1.494766272703606402e+00,3.580065019864248299e+00
7.742553711192585979e+02,-2.176600873279754267e-01,-1.497417491309289472e+00,3.597662660048576821e+00
7.743591308848870085e+02,-2.201524909605498126e-01,-1.500566053735179262e+00,3.617591042642991361e+00
7.744628906505154191e+02,-2.232751329966071729e-01,-1.500948089091617366e+00,3.622367859459854067e+00
7.745666504161438297e+02,-2.263502610060432463e-01,-1.502822996246897747e+00,3.635577176498538510e+00
7.746704101817722403e+02,-2.295049460817308873e-01,-1.504921829611830519e+00,3.650126654019532513e+00
7.747741699474006509e+02,-2.329102431165095966e-01,-1.507089657154178974e+00,3.665287470778111345e+00
7.748779297130290615e+02,-2.365728810329351117e-01,-1.509276486254025773e+00,3.680789391949485623e+00
7.749816894786574721e+02,-2.393740877970038650e-01,-1.510487941512244081e+00,3.690067843817349313e+00
7.750854492442858827e+02,-2.429259850900244155e-01,-1.512268430960825194e+00,3.703222396426933294e+00
7.751892090099142933e+02,-2.462813069493296481e-01,-1.515741700761525257e+00,3.725672618957220017e+00
7.752929687755427040e+02,-2.514316938082839514e-01,-1.518527300077977982e+00,3.745912858423859237e+00
7.753967285411711146e+02,-2.555201280391427576e-01,-1.518943143984458288e+00,3.752023422676623809e+00
7.755004883067995252e+02,-2.583654610611247904e-01,-1.520568691251406257e+00,3.763728739673660062e+00
7.756042480724279358e+02,-2.601352535499119045e-01,-1.522891607780179735e+00,3.778286202518851056e+00
7.757080078380563464e+02,-2.625939740862212046e-01,-1.524851820152317128e+00,3.791474871657551926e+00
7.758117676036848707e+02,-2.662491400990245616e-01,-1.527317803246645012e+00,3.808600771146823050e+00
7.759155273693132813e+02,-2.709295976434783482e-01,-1.529060280942824868e+00,3.822743335151715272e+00
7.760192871349416919e+02,-2.751176066065845749e-01,-1.529055825820567760e+00,3.826835452022867567e+00
7.761230469005701025e+02,-2.790965045634785646e-01,-1.531640322053775538e+00,3.844998155266770024e+00
7.762268066661985131e+02,-2.818024014670766908e-01,-1.533231897141494882e+00,3.856442760778617362e+00
7.763305664318269237e+02,-2.859253943212778371e-01,-1.535969896307039173e+00,3.875601028659840797e+00
7.764343261974553343e+02,-2.895378348213577535e-01,-1.539056921871676087e+00,3.896140392392222207e+00
7.765380859630837449e+02,-2.933242960331054472e-01,-1.539292161035075823e+00,3.901327752764023771e+00
7.766418457287121555e+02,-2.958342731515647417e-01,-1.541527272067409804e+00,3.916097250114884520e+00
7.767456054943405661e+02,-3.014827108382190923e-01,-1.544303104175655639e+00,3.937092264829868959e+00
7.768493652599689767e+02,-3.042025772457534472e-01,-1.546000321237018138e+00,3.949165825308100342e+00
7.769531250255973873e+02,-3.054264865423071962e-01,-1.547746850710104649e+00,3.959909844695145509e+00
7.770568847912257979e+02,-3.118250907507459369e-01,-1.550003756026641533e+00,3.978959743503444280e+00
7.771606445568542085e+02,-3.167739019958474289e-01,-1.552147246851787843e+00,3.995883735193369368e+00
7.772644043224826191e+02,-3.190724366795593125e-01,-1.553892783672504052e+00,4.007779511706627495e+00
7.773681640881110297e+02,-3.230107205506143053e-01,-1.555574048307962309e+00,4.021145653080704818e+00
7.774719238537395540e+02,-3.262123019592425566e-01,-1.556707495410117215e+00,4.030780667663948158e+00
7.775756836193679646e+02,-3.293503343536663408e-01,-1.557766602319258897e+00,4.039965394330770287e+00
7.776794433849963752e+02,-3.314092077162689165e-01,-1.559837253469267715e+00,4.053334353710104310e+00
7.777832031506247858e+02,-3.355940286060590250e-01,-1.562609752702335708e+00,4.072842455246412641e+00
7.778869629162531965e+02,-3.408430069919949346e-01,-1.564615574398535491e+00,4.089511931512959997e+00
7.779907226818816071e+02,-3.438693362081061689e-01,-1.566127370060895529e+00,4.101022556373638217e+00
7.780944824475100177e+02,-3.463985051668048709e-01,-1.568546119223124258e+00,4.116750585717462663e+00
7.781982422131384283e+02,-3.513696409902739015e-01,-1.570282764920335472e+00,4.131737478183806545e+00
7.783020019787668389e+02,-3.564899366121208057e-01,-1.572009614645479836e+00,4.146891768936643352e+00
7.784057617443952495e+02,-3.592453653821919279e-01,-1.571997482521079625e+00,4.150123187402470215e+00
7.785095215100236601e+02,-3.638612728716930089e-01,-1.573725925434382056e+00,4.164754630941724045e+00
7.786132812756520707e+02,-3.668901634975506032e-01,-1.577069911704167327e+00,4.185925850614051313e+00
7.787170410412804813e+02,-3.704349675785714169e-01,-1.579896777016481346e+00,4.204996615023222084e+00
7.788208008069088919e+02,-3.754908501746003213e-01,-1.580618700340351124e+00,4.214967966395710697e+00
7.789245605725373025e+02,-3.790953214751571210e-01,-1.582300453291527020e+00,4.228175938794488609e+00
7.790283203381658268e+02,-3.824803897498555982e-01,-1.582472525625704396e+00,4.233295360537344898e+00
7.791320801037942374e+02,-3.848515881096231106e-01,-1.584984049713423326e+00,4.249281955187802495e+00
7.792358398694226480e+02,-3.893292374062966021e-01,-1.587037762350094861e+00,4.265545445781484091e+00
7.793395996350510586e+02,-3.918969170238608135e-01,-1.588572326104314758e+00,4.276719312810144835e+00
7.794433594006794692e+02,-3.956399108468186543e-01,-1.590544119829981229e+00,4.291644605300872328e+00
7.795471191663078798e+02,-4.016050597614949647e-01,-1.592769377516895846e+00,4.310742850633991097e+00
7.796508789319362904e+02,-4.060047963835662355e-01,-1.593774213201238021e+00,4.321602271281438590e+00
7.797546386975647010e+02,-4.093653660380929260e-01,-1.595921370191161648e+00,4.336970491478132850e+00
7.798583984631931116e+02,-4.123600477955546850e-01,-1.596959447924738651e+00,4.346200403697856984e+00
7.799621582288215222e+02,-4.153939634005085479e-01,-1.598692476534017137e+00,4.359032304458304807e+00
7.800659179944499328e+02,-4.197807743227734978e-01,-1.600758462333986998e+00,4.375355105521626875e+00
7.801696777600783435e+02,-4.229405067402925433e-01,-1.602371912689931843e+00,4.387755582755111128e+00
7.802734375257067541e+02,-4.272005097134244922e-01,-1.604146575400094976e+00,4.402455700049740628e+00
7.803771972913351647e+02,-4.310451651405817208e-01,-1.604059931830258190e+00,4.407215080603453572e+00
7.804809570569635753e+02,-4.347181917339412727e-01,-1.604112382379093704e+00,4.412482722757694376e+00
7.805847168225919859e+02,-4.379908045822786811e-01,-1.609462345865404265e+00,4.443891248396015570e+00
7.806884765882205102e+02,-4.424677261974458431e-01,-1.611723456222476480e+00,4.461378221728601545e+00
7.807922363538489208e+02,-4.481524633368365595e-01,-1.612670388203822691e+00,4.473978215353949572e+00
7.808959961194773314e+02,-4.508257818516795412e-01,-1.614021426081175159e+00,4.484448994254034204e+00
7.809997558851057420e+02,-4.558589036037867248e-01,-1.614733778660605967e+00,4.495050139035707382e+00
7.811035156507341526e+02,-4.587884406923328773e-01,-1.616536882042572509e+00,4.508152200244745167e+00
7.812072754163625632e+02,-4.633093242206458573e-01,-1.617505979573851782e+00,4.519369736294088113e+00
7.813110351819909738e+02,-4.684320453007037033e-01,-1.620042196067466689e+00,4.539242928544865663e+00
7.814147949476193844e+02,-4.725197149527397000e-01,-1.620316148290521507e+00,4.546466090773840563e+00
7.815185547132477950e+02,-4.767609256385587635e-01,-1.621755253694687315e+00,4.559696851183178801e+00
7.816223144788762056e+02,-4.801173278128084143e-01,-1.623213970498820657e+00,4.571755930360379416e+00
7.817260742445046162e+02,-4.844207731400606010e-01,-1.624581567623421430e+00,4.584759977722353774e+00
7.818298340101330268e+02,-4.878699763433756442e-01,-1.626722540793141825e+00,4.600318982553531555e+00
7.819335937757614374e+02,-4.930599756646892318e-01,-1.628724410867680383e+00,4.617762642930733463e+00
7.820373535413898480e+02,-4.969994687994678251e-01,-1.628775141900133949e+00,4.623855581578737883e+00
7.821411133070182586e+02,-4.998666825991933682e-01,-1.629750878698073668e+00,4.632888290254010499e+00
7.822448730726467829e+02,-5.033913513654266758e-01,-1.631527278074516696e+00,4.646808857311428120e+00
7.823486328382751935e+02,-5.085366337773588041e-01,-1.633701098644703142e+00,4.665100751817514713e+00
7.824523926039036041e+02,-5.137719153240233316e-01,-1.634596989996463856e+00,4.677366585390177356e+00
7.825561523695320147e+02,-5.170173243511423378e-01,-1.637236327304596673e+00,4.695053374303124194e+00
7.826599121351604254e+02,-5.205273529092036000e-01,-1.637650253750726481e+00,4.702409564196777580e+00
7.827636719007888360e+02,-5.239791633085958411e-01,-1.637806265867723043e+00,4.708459678660447345e+00
7.828674316664172466e+02,-5.298657788848347705e-01,-1.639165816876088089e+00,4.724086286564634030e+00
7.829711914320456572e+02,-5.354555080553851099e-01,-1.641726310818528267e+00,4.745044176857548202e+00
7.830749511976740678e+02,-5.384335160144917420e-01,-1.643228845140866312e+00,4.756874106881288533e+00
7.831787109633024784e+02,-5.419328246851964348e-01,-1.645137804684538851e+00,4.771458036612235887e+00
7.832824707289308890e+02,-5.449993471417639013e-01,-1.644394248448490803e+00,4.772742055122779270e+00
7.833862304945592996e+02,-5.489230955061938921e-01,-1.646610358977078636e+00,4.789475608726218248e+00
7.834899902601877102e+02,-5.519516456590936038e-01,-1.647571350658244782e+00,4.798835361299984115e+00
7.835937500258161208e+02,-5.576274933343863260e-01,-1.650064069758944152e+00,4.819668845906498689e+00
7.836975097914445314e+02,-5.629311506407964627e-01,-1.651923916569686845e+00,4.836934125243745441e+00
7.838012695570729420e+02,-5.669955061522374828e-01,-1.651544497769104280e+00,4.841692654029970733e+00
7.839050293227014663e+02,-5.709066261988527957e-01,-1.652198316870819195e+00,4.851098122730500783e+00
7.840087890883298769e+02,-5.735726764638585662e-01,-1.654603979620962617e+00,4.866712853417159756e+00
7.841125488539582875e+02,-5.777428003631923659e-01,-1.655079054620031798e+00,4.875729363382234283e+00
7.842163086195866981e+02,-5.822640159235012991e-01,-1.655397495486183201e+00,4.884621921017382462e+00
7.843200683852151087e+02,-5.871391520865850699e-01,-1.657083712774111151e+00,4.900510649411279118e+00
7.844238281508435193e+02,-5.923905171412372495e-01,-1.659289311738818773e+00,4.919451539005550877e+00
7.845275879164719299e+02,-5.957528546383777934e-01,-1.659728444208837805e+00,4.927073169990049628e+00
7.846313476821003405e+02,-6.007470778732210137e-01,-1.659466613771025889e+00,4.934199169819938113e+00
7.847351074477287511e+02,-6.043546490658272541e-01,-1.662016816380696982e+00,4.952034893691298123e+00
7.848388672133571617e+02,-6.072165609106826567e-01,-1.663919903111724663e+00,4.965617798554096574e+00
7.849426269789855724e+02,-6.131753439241601766e-01,-1.665318705810638011e+00,4.982099504807530721e+00
7.850463867446139830e+02,-6.172320796480921246e-01,-1.665806150721250045e+00,4.991212479019536019e+00
7.851501465102423936e+02,-6.208915009580094901e-01,-1.666785536091080377e+00,5.001925873545407519e+00
7.852539062758708042e+02,-6.266000077498605769e-01,-1.666992938417879211e+00,5.012637607977015186e+00
7.853576660414992148e+02,-6.296318954683800539e-01,-1.667118361642236035e+00,5.018421980571668328e+00
7.854614258071277391e+02,-6.331051507459922734e-01,-1.669210537996212107e+00,5.033937760565528663e+00
7.855651855727561497e+02,-6.384656578045195818e-01,-1.670225714002401496e+00,5.047823461032540315e+00
7.856689453383846740e+02,-6.427077209952137826e-01,-1.670472366942463704e+00,5.056316617117771806e+00
7.857727051040130846e+02,-6.460926701975033826e-01,-1.668723154618545257e+00,5.054311886474190274e+00
7.858764648696414952e+02,-6.503597031003118811e-01,-1.668915480391121919e+00,5.062677459498416077e+00
7.859802246352699058e+02,-6.550771464877657158e-01,-1.672866189039052598e+00,5.088806963594611155e+00
7.860839844008983164e+02,-6.594361836150773870e-01,-1.672665235544524620e+00,5.095607106164830036e+00
7.861877441665267270e+02,-6.654895314730088218e-01,-1.674200270825219050e+00,5.113248150660476554e+00
7.862915039321551376e+02,-6.690994299434234183e-01,-1.674433768366676789e+00,5.120734056494777420e+00
7.863952636977835482e+02,-6.722640674567654795e-01,-1.675931942724753432e+00,5.133090924190987892e+00
7.864990234634119588e+02,-6.760641121277655152e-01,-1.676193763183037255e+00,5.141076858145174455e+00
7.866027832290403694e+02,-6.823206729071817911e-01,-1.677693937040163785e+00,5.159027666363060760e+00
7.867065429946687800e+02,-6.843550475939269573e-01,-1.678127144225082024e+00,5.164629911819730523e+00
7.868103027602971906e+02,-6.909188796399675647e-01,-1.677108723215235075e+00,5.172041570868914917e+00
7.869140625259257149e+02,-6.942172377108010162e-01,-1.677664136881035661e+00,5.180523593481112243e+00
7.870178222915541255e+02,-6.958050274676722546e-01,-1.679726727215353987e+00,5.192537833217350851e+00
7.871215820571825361e+02,-7.037008732773826214e-01,-1.679087061091211197e+00,5.204217285366457446e+00
7.872253418228109467e+02,-7.071984160001634212e-01,-1.681924795513394022e+00,5.223138756956404727e+00
7.873291015884393573e+02,-7.103264409487850539e-01,-1.680749368206672534e+00,5.223766832590391651e+00
7.874328613540677679e+02,-7.147345513940598360e-01,-1.681115373964010118e+00,5.233554751776710923e+00
7.875366211196961785e+02,-7.201685012875297387e-01,-1.681461141218690614e+00,5.245199971187687105e+00
7.876403808853245891e+02,-7.246393323542491549e-01,-1.682689715773152628e+00,5.258927122659487807e+00
7.877441406509529997e+02,-7.276982394306479307e-01,-1.683043406647991791e+00,5.266209392752919882e+00
7.878479004165814104e+02,-7.321200642763862065e-01,-1.683714412215433720e+00,5.277450973995700956e+00
7.879516601822098210e+02,-7.354435239964173254e-01,-1.683034594475623313e+00,5.280784774460682840e+00
7.880554199478382316e+02,-7.408411834787874684e-01,-1.682823103197683912e+00,5.290116764928996851e+00
7.881591797134666422e+02,-7.452756351342528784e-01,-1.682306643798075374e+00,5.296345449000265937e+00
7.882629394790950528e+02,-7.495117787855494207e-01,-1.684893625014200813e+00,5.315599480856713299e+00
7.883666992447234634e+02,-7.516506671727855027e-01,-1.684174539581649199e+00,5.316605936263889554e+00
7.884704590103518740e+02,-7.562519648557727292e-01,-1.682567881302830193e+00,5.318557861721940228e+00
7.885742187759803983e+02,-7.624245959698791042e-01,-1.682864375198876772e+00,5.331774851118269432e+00
7.886779785416088089e+02,-7.654908288830289953e-01,-1.682109501502535576e+00,5.334502950013985334e+00
7.887817383072372195e+02,-7.679131807706045532e-01,-1.683368836530253265e+00,5.344603475654940539e+00
7.888854980728656301e+02,-7.742590005536253983e-01,-1.684776649755058919e+00,5.362994753026111283e+00
7.889892578384940407e+02,-7.775740964633249819e-01,-1.686406995701912770e+00,5.376415683853109861e+00
7.890930176041224513e+02,-7.828322448205026207e-01,-1.686267871183174005e+00,5.386146552010291799e+00
7.891967773697508619e+02,-7.885430624382142595e-01,-1.684732080228483531e+00,5.390914549068663852e+00
7.893005371353792725e+02,-7.912443539003142234e-01,-1.684462802810582360e+00,5.395130053390388980e+00
7.894042969010076831e+02,-7.956575331585195032e-01,-1.685195399388004445e+00,5.406990865740823438e+00
7.895080566666360937e+02,-8.002511027913659092e-01,-1.684402482135340717e+00,5.412813192673261220e+00
7.896118164322645043e+02,-8.043001650712646722e-01,-1.684932710263370437e+00,5.423145497990099706e+00
7.897155761978929149e+02,-8.080554769418287764e-01,-1.685902147921334304e+00,5.434744802771984240e+00
7.898193359635213255e+02,-8.125518869150343271e-01,-1.682132596741014119e+00,5.428018626645616962e+00
7.899230957291497361e+02,-8.178214902391633956e-01,-1.682318174214185280e+00,5.439472228508158480e+00
7.900268554947781467e+02,-8.223796299828239897e-01,-1.682899322669450193e+00,5.451163297132950447e+00
7.901306152604066710e+02,-8.252043457863423859e-01,-1.682739824240159665e+00,5.456256713358216714e+00
7.902343750260350816e+02,-8.294901511695316199e-01,-1.681899973634275680e+00,5.461527872325545374e+00
7.903381347916634923e+02,-8.347281972971870578e-01,-1.684388626155116420e+00,5.482587055910296492e+00
7.904418945572919029e+02,-8.379412408857380701e-01,-1.683028031977223504e+00,5.483561082008199250e+00
7.905456543229203135e+02,-8.425143182304879463e-01,-1.682357269435017288e+00,5.490224439777397158e+00
7.906494140885487241e+02,-8.450744146987482219e-01,-1.682503084549988426e+00,5.496122452041584339e+00
7.907531738541771347e+02,-8.517527729272506010e-01,-1.680043529807547564e+00,5.499871668072641384e+00
7.908569336198055453e+02,-8.547418441210398177e-01,-1.681705120308196300e+00,5.512932981871244920e+00
7.909606933854339559e+02,-8.581616764412558496e-01,-1.682048848952424569e+00,5.521484297592992085e+00
7.910644531510623665e+02,-8.619193810029409653e-01,-1.681180966748415218e+00,5.525799446723357100e+00
7.911682129166907771e+02,-8.681021807679590863e-01,-1.680632711041341709e+00,5.536558367569996086e+00
7.912719726823191877e+02,-8.711413689203150179e-01,-1.679327789490074885e+00,5.537652306371809274e+00
7.913757324479475983e+02,-8.739737731259022979e-01,-1.678056426095216214e+00,5.538470594174985884e+00
7.914794922135760089e+02,-8.786986165294201623e-01,-1.677479019160689422e+00,5.546159916213687424e+00
7.915832519792044195e+02,-8.828052471256809808e-01,-1.677560079870079601e+00,5.555240455385282772e+00
7.916870117448328301e+02,-8.881688341801593500e-01,-1.677390763753163316e+00,5.566020187108650319e+00
7.917907715104613544e+02,-8.926744255409037043e-01,-1.677713728756752731e+00,5.576985603781638545e+00
7.918945312760897650e+02,-8.947062043928292185e-01,-1.676452948821703925e+00,5.576267285361407033e+00
7.919982910417181756e+02,-8.977177507427899217e-01,-1.676469417527327810e+00,5.582820889144022303e+00
7.921020508073465862e+02,-9.020545180771417648e-01,-1.674548636635324383e+00,5.584464139056198206e+00
7.922058105729749968e+02,-9.057409377340265300e-01,-1.673582291654897469e+00,5.588578285985188465e+00
7.923095703386034074e+02,-9.091610018139463234e-01,-1.674447239150614442e+00,5.599481722193684341e+00
7.924133301042318180e+02,-9.158951322203228163e-01,-1.670280710468668550e+00,5.597512496293763462e+00
7.925170898698602286e+02,-9.188792475823847061e-01,-1.669685208613272964e+00,5.601682914682923453e+00
7.926208496354886393e+02,-9.233192275002768401e-01,-1.668769029328968978e+00,5.607801338167482719e+00
7.927246094011170499e+02,-9.272424040241521448e-01,-1.667564575560336104e+00,5.611670107857599454e+00
7.928283691667454605e+02,-9.303230966867638285e-01,-1.668310407343142510e+00,5.621453791250065279e+00
7.929321289323738711e+02,-9.354283647043889482e-01,-1.666569438854072827e+00,5.625878370224166147e+00
7.930358886980022817e+02,-9.374625052836050854e-01,-1.665545899649136796e+00,5.626352976530233363e+00
7.931396484636306923e+02,-9.436168072080095559e-01,-1.665036207021558301e+00,5.638082551766082418e+00
7.932434082292591029e+02,-9.488873611254199369e-01,-1.664078723795470172e+00,5.646122442684936793e+00
7.933471679948876272e+02,-9.511308241805478403e-01,-1.663722886921523259e+00,5.649764311799700067e+00
7.934509277605160378e+02,-9.567835816267254989e-01,-1.661072124305368769e+00,5.652095298955083003e+00
7.935546875261444484e+02,-9.591571020188581764e-01,-1.659358243818623402e+00,5.650743845046100944e+00
7.936584472917728590e+02,-9.614504563833297102e-01,-1.659256251808575167e+00,5.655548412632444233e+00
7.937622070574012696e+02,-9.651323489794518817e-01,-1.658549532683724514e+00,5.661152762658451465e+00
7.938659668230296802e+02,-9.689530009592554061e-01,-1.655534915722841394e+00,5.658083734130457287e+00
7.939697265886580908e+02,-9.733537448366836875e-01,-1.654725670164978402e+00,5.665004875610174295e+00
7.940734863542865014e+02,-9.775114956167645364e-01,-1.653232755755723593e+00,5.668741915228945771e+00
7.941772461199149120e+02,-9.807102322982022002e-01,-1.650114876610802028e+00,5.663987947439489190e+00
7.942810058855433226e+02,-9.831555747734437301e-01,-1.650469722695447450e+00,5.671022951160697545e+00
7.943847656511717332e+02,-9.874816326312222392e-01,-1.649808779338748366e+00,5.678481564003162951e+00
7.944885254168001438e+02,-9.923140743910396910e-01,-1.648229029104544496e+00,5.683597027688102266e+00
7.945922851824285544e+02,-9.950100897683876733e-01,-1.647059435245554093e+00,5.685361032352812316e+00
7.946960449480569650e+02,-9.979120240269443443e-01,-1.644758543592127698e+00,5.683260171373994751e+00
7.947998047136853756e+02,-1.002435680535510576e+00,-1.642135139468187788e+00,5.683760066678457790e+00
7.949035644793137863e+02,-1.005283504534665306e+00,-1.642122038652924942e+00,5.690412969961911926e+00
7.950073242449423105e+02,-1.009134091333754091e+00,-1.640785356396767591e+00,5.694357365806643756e+00
7.951110840105707211e+02,-1.013535476333324858e+00,-1.638721377897525144e+00,5.696854031369613658e+00
7.952148437761991318e+02,-1.017174442532577494e+00,-1.635585409874139806e+00,5.693485628798963027e+00
7.953186035418275424e+02,-1.021540337215253613e+00,-1.633756858239961973e+00,5.696905753704854192e+00
7.954223633074559530e+02,-1.024221605523271128e+00,-1.633768634983610912e+00,5.703362330549667014e+00
7.955261230730843636e+02,-1.028750144229465757e+00,-1.631592158597017450e+00,5.705919506631208726e+00
7.956298828387127742e+02,-1.031920865587119263e+00,-1.629085967172313909e+00,5.704006922991622375e+00
7.957336426043411848e+02,-1.035001890676809921e+00,-1.627489020597977509e+00,5.705370355232352253e+00
7.958374023699695954e+02,-1.039055096536405154e+00,-1.625988349704629243e+00,5.709482797937191378e+00
7.959411621355980060e+02,-1.043560245816855581e+00,-1.624620940518218815e+00,5.715238023960464986e+00
7.960449219012264166e+02,-1.046675303436746862e+00,-1.622408886025329844e+00,5.714455887151316915e+00
7.961486816668548272e+02,-1.050677661058833090e+00,-1.619046808125487624e+00,5.711538045767289518e+00
7.962524414324832378e+02,-1.053399313573911034e+00,-1.617908781808086172e+00,5.713918954661138194e+00
7.963562011981116484e+02,-1.055698110486180896e+00,-1.615969201892017093e+00,5.712259449102491615e+00
7.964599609637400590e+02,-1.058924394888773879e+00,-1.612114527107553652e+00,5.705702718589278355e+00
7.965637207293685833e+02,-1.063832604670087889e+00,-1.611867076770989726e+00,5.716919817800889092e+00
7.966674804949969939e+02,-1.066928987523159789e+00,-1.610572460246335824e+00,5.719743472164041442e+00
7.967712402606254045e+02,-1.068887596728458567e+00,-1.608062490300998126e+00,5.715208297691982686e+00
7.968750000262538151e+02,-1.073323176451084215e+00,-1.606691970520272905e+00,5.721140303370822799e+00
7.969787597918822257e+02,-1.075809737065887672e+00,-1.602729985044036631e+00,5.712556711875977911e+00
7.970825195575106363e+02,-1.078533093547703103e+00,-1.600920812339323485e+00,5.712639564862933561e+00
7.971862793231390469e+02,-1.082424730032003124e+00,-1.597556445192787500e+00,5.709898337602962393e+00
7.972900390887674575e+02,-1.084717979833514923e+00,-1.598299302962929103e+00,5.718454742407709901e+00
7.973937988543958681e+02,-1.091071171270119766e+00,-1.594487743180496020e+00,5.720379167425383216e+00
7.974975586200242788e+02,-1.092837416942362250e+00,-1.591491454933652294e+00,5.713755513071122394e+00
7.976013183856526894e+02,-1.094639387477928549e+00,-1.590261988232772872e+00,5.713790363376435977e+00
7.977050781512811000e+02,-1.098250672235395076e+00,-1.585643285971173988e+00,5.705918734051868668e+00
7.978088379169095106e+02,-1.100717822489297948e+00,-1.583777944915884417e+00,5.705350365315606354e+00
7.979125976825379212e+02,-1.103758711510030244e+00,-1.584100526472610460e+00,5.714360338054430777e+00
7.980163574481663318e+02,-1.107033746319724621e+00,-1.579571777383256270e+00,5.706095634131703953e+00
7.981201172137948561e+02,-1.108782293870448576e+00,-1.577393821576231092e+00,5.702590898147828824e+00
7.982238769794232667e+02,-1.114663675408973376e+00,-1.574506021465813088e+00,5.707231954926921702e+00
7.983276367450516773e+02,-1.117973747677780683e+00,-1.572271821034625594e+00,5.707651647062742306e+00
7.984313965106800879e+02,-1.121100982505628174e+00,-1.569251114216507315e+00,5.704748101304026875e+00
7.985351562763084985e+02,-1.123163119275263355e+00,-1.567986043633759596e+00,5.705517687573534502e+00
7.986389160419369091e+02,-1.124350504702860576e+00,-1.564656545454183867e+00,5.696447222169441105e+00
7.987426758075653197e+02,-1.128910549492003090e+00,-1.560890276919940645e+00,5.694695943218239798e+00
7.988464355731937303e+02,-1.134134922973509374e+00,-1.560384793526923941e+00,5.706669911514977045e+00
7.989501953388221409e+02,-1.135032570571439914e+00,-1.554230727726858552e+00,5.686630156292872051e+00
7.990539551044505515e+02,-1.137664890087958680e+00,-1.552982190736502011e+00,5.689095266849289345e+00
7.991577148700789621e+02,-1.139037223893241801e+00,-1.552069725057588334e+00,5.689436430336087369e+00
7.992614746357073727e+02,-1.141392232436814425e+00,-1.550096916523805879e+00,5.688558044794608470e+00
7.993652344013357833e+02,-1.146856742550397046e+00,-1.546353630576594362e+00,5.689628255667154022e+00
7.994689941669641939e+02,-1.150156833023069591e+00,-1.542561630453956889e+00,5.684783078884390939e+00
7.995727539325926045e+02,-1.152330862176223603e+00,-1.539084849579809511e+00,5.678081677434661856e+00
7.996765136982210151e+02,-1.154736731608195122e+00,-1.536643699896961257e+00,5.675780967865317272e+00
7.997802734638495394e+02,-1.157352866793281310e+00,-1.533062035866743944e+00,5.669963369047403390e+00
7.998840332294779500e+02,-1.160434973039613737e+00,-1.530621816144476233e+00,5.669572114045918099e+00
7.999877929951063606e+02,-1.163596206016671131e+00,-1.526765015609667486e+00,5.664336670333446122e+00
8.000915527607347713e+02,-1.165889269056109123e+00,-1.524268153646765933e+00,5.661653030886620641e+00
8.001953125263631819e+02,-1.169869713365749408e+00,-1.521717805134312762e+00,5.663455823063447525e+00
8.002990722919915925e+02,-1.170702016669174617e+00,-1.517243870895105706e+00,5.649703395630920610e+00
8.004028320576200031e+02,-1.172254086773433901e+00,-1.512492002979513250e+00,5.636960083338368399e+00
8.005065918232484137e+02,-1.175188096506688762e+00,-1.510519498203955147e+00,5.638056427188397279e+00
8.006103515888768243e+02,-1.178495180358211103e+00,-1.508612517595306901e+00,5.640458488626506117e+00
8.007141113545052349e+02,-1.179812350033141000e+00,-1.504675777943605519e+00,5.630069447031705643e+00
8.008178711201336455e+02,-1.183334598133395588e+00,-1.501537599095559505e+00,5.628750156236050906e+00
8.009216308857620561e+02,-1.186121295066122183e+00,-1.498908725817616139e+00,5.627223174254618598e+00
8.010253906513904667e+02,-1.186754936956906592e+00,-1.496244205818744177e+00,5.619517205548374861e+00
8.011291504170188773e+02,-1.190940389693452728e+00,-1.494662528271940793e+00,5.625729934122669640e+00
8.012329101826472879e+02,-1.194471172897337619e+00,-1.490215129847334063e+00,5.619956001492383280e+00
8.013366699482758122e+02,-1.196336597842187821e+00,-1.487794560701507729e+00,5.616682105539441139e+00
8.014404297139042228e+02,-1.198112620114433868e+00,-1.483186494778174325e+00,5.605421713394685312e+00
8.015441894795326334e+02,-1.199763162597382804e+00,-1.478320596268352771e+00,5.592916489797309154e+00
8.016479492451610440e+02,-1.201503276721160640e+00,-1.474976193284808224e+00,5.586083706846894259e+00
8.017517090107894546e+02,-1.203791226294318673e+00,-1.471919858365007494e+00,5.581877511456143637e+00
8.018554687764178652e+02,-1.207031014602280905e+00,-1.469440841594265024e+00,5.582500707904562987e+00
8.019592285420462758e+02,-1.208890053429131362e+00,-1.465831956715820894e+00,5.575166439917383698e+00
8.020629883076746864e+02,-1.210548762492246855e+00,-1.461113670698650502e+00,5.563364546423238188e+00
8.021667480733030970e+02,-1.211799829766610159e+00,-1.458915036693303469e+00,5.559273872618649470e+00
8.022705078389315076e+02,-1.214740257893422326e+00,-1.456730157621142885e+00,5.560197127210927626e+00
8.023742676045599183e+02,-1.217698023425681342e+00,-1.450738588551684360e+00,5.547835480331527513e+00
8.024780273701883289e+02,-1.217647105084182835e+00,-1.446044861776736967e+00,5.531193335026669544e+00
8.025817871358167395e+02,-1.221036465688575934e+00,-1.443712349633156755e+00,5.533046416984298332e+00
8.026855469014451501e+02,-1.223136073454737183e+00,-1.439500869328853572e+00,5.524521838498134052e+00
8.027893066670735607e+02,-1.224883552373170703e+00,-1.435699761127983143e+00,5.516419138427859359e+00
8.028930664327019713e+02,-1.226519134999905392e+00,-1.434140180348745464e+00,5.515850529747715392e+00
8.029968261983304956e+02,-1.229041457525946290e+00,-1.430980143014795258e+00,5.512361009030747105e+00
8.031005859639589062e+02,-1.229875854820752235e+00,-1.426007860857660292e+00,5.497501258340841801e+00
8.032043457295873168e+02,-1.231243012859046804e+00,-1.422786017157236849e+00,5.490375389393772565e+00
8.033081054952157274e+02,-1.234296753579675165e+00,-1.418471194137058689e+00,5.484568611624722756e+00
8.034118652608441380e+02,-1.236584154931685831e+00,-1.415471562905579406e+00,5.481067727902415143e+00
8.035156250264725486e+02,-1.238245589763016019e+00,-1.412449700113217022e+00,5.475613560751532383e+00
8.036193847921009592e+02,-1.238579690814826773e+00,-1.408370158495998448e+00,5.462447431158895306e+00
8.037231445577293698e+02,-1.240923312596946770e+00,-1.403072260107750546e+00,5.451217822566148286e+00
8.038269043233577804e+02,-1.242182973766673637e+00,-1.399127326809313621e+00,5.441394882220090601e+00
8.039306640889861910e+02,-1.242969492569093726e+00,-1.395441287371476990e+00,5.431027823607561089e+00
8.040344238546146016e+02,-1.245532384081293742e+00,-1.392713391023636449e+00,5.429500365811009033e+00
8.041381836202430122e+02,-1.250721931617100768e+00,-1.387747355136246252e+00,5.428438525900526557e+00
8.042419433858714228e+02,-1.251286900996883888e+00,-1.383506751443407623e+00,5.415555118372793686e+00
8.043457031514998334e+02,-1.252068344232224684e+00,-1.380161860889443926e+00,5.406449934743935870e+00
8.044494629171282440e+02,-1.253703296374048648e+00,-1.377492768236981746e+00,5.402366337197099355e+00
8.045532226827567683e+02,-1.253399561482687385e+00,-1.373372831635886415e+00,5.387199060231361081e+00
8.046569824483851789e+02,-1.255195831527943895e+00,-1.368214488344800639e+00,5.375077342748935116e+00
8.047607422140135895e+02,-1.259865895470554831e+00,-1.363559448486587611e+00,5.373853953130451444e+00
8.048645019796420002e+02,-1.259262586294908948e+00,-1.359133974928037114e+00,5.356722123649284129e+00
8.049682617452704108e+02,-1.260542092759959321e+00,-1.356453299155181869e+00,5.351588625181602055e+00
8.050720215108988214e+02,-1.261350926891990909e+00,-1.353411517999457692e+00,5.343725015797776479e+00
8.051757812765272320e+02,-1.263537495853415793e+00,-1.350201048646658908e+00,5.339714824954709727e+00
8.052795410421556426e+02,-1.266922496192665060e+00,-1.346784560535529085e+00,5.338890993146890196e+00
8.053833008077840532e+02,-1.268419064668442786e+00,-1.341475760028638886e+00,5.325561806576862622e+00
8.054870605734124638e+02,-1.269530404010047908e+00,-1.337561840301659588e+00,5.315784259253871546e+00
8.055908203390408744e+02,-1.271171269090797473e+00,-1.332289069682091709e+00,5.303112118043098455e+00
8.056945801046692850e+02,-1.270995572021337949e+00,-1.327807993429444222e+00,5.287244132175187517e+00
8.057983398702976956e+02,-1.272024418199423135e+00,-1.324369718813122043e+00,5.278877298569475407e+00
8.059020996359261062e+02,-1.273883524638175224e+00,-1.322331083303772026e+00,5.278023895439952540e+00
8.060058594015545168e+02,-1.276135140069399432e+00,-1.317947420067300923e+00,5.270504075771836661e+00
8.061096191671829274e+02,-1.276775825902692008e+00,-1.313525213616406395e+00,5.257578898261532352e+00
8.062133789328114517e+02,-1.278294782318704303e+00,-1.309106088539726320e+00,5.247590252465712979e+00
8.063171386984398623e+02,-1.279277509771610699e+00,-1.302826247806848858e+00,5.229535042451006532e+00
8.064208984640682729e+02,-1.282675925351710600e+00,-1.296363412674492288e+00,5.218981696249355373e+00
8.065246582296966835e+02,-1.282928392762558101e+00,-1.295021308146899086e+00,5.215284396202721773e+00
8.066284179953250941e+02,-1.282217833677552266e+00,-1.291993073259281921e+00,5.202645190020382948e+00
8.067321777609535047e+02,-1.284346933087449072e+00,-1.288799011987708631e+00,5.199001433610126455e+00
8.068359375265819153e+02,-1.287096476208710261e+00,-1.282637744303089189e+00,5.187477276974970408e+00
8.069396972922103259e+02,-1.287069194120657123e+00,-1.279537041816009912e+00,5.176922348229048509e+00
8.070434570578387365e+02,-1.289453665772507973e+00,-1.276415020690662150e+00,5.174500721157953897e+00
8.071472168234671472e+02,-1.289751642050244840e+00,-1.269802745507926822e+00,5.153251091370436576e+00
8.072509765890955578e+02,-1.289551329518614731e+00,-1.265814917619691560e+00,5.139137829580270100e+00
8.073547363547239684e+02,-1.291273753352583098e+00,-1.262973620045588330e+00,5.135492252520805323e+00
8.074584961203523790e+02,-1.291440761935421788e+00,-1.258100599341348103e+00,5.119683888040603037e+00
8.075622558859807896e+02,-1.293532434390181063e+00,-1.252542259417214199e+00,5.108248349558850876e+00
8.076660156516092002e+02,-1.294279975884512712e+00,-1.249368848461575698e+00,5.100196755448569874e+00
8.077697754172377245e+02,-1.293957895386186552e+00,-1.245367351051292815e+00,5.085656560727787934e+00
8.078735351828661351e+02,-1.296217661902857143e+00,-1.240514634038748287e+00,5.077286377255894045e+00
8.079772949484945457e+02,-1.298296177606194313e+00,-1.237077531660908614e+00,5.073070980725994161e+00
8.080810547141229563e+02,-1.297781437762712597e+00,-1.233865894399572616e+00,5.060531454113258221e+00
8.081848144797513669e+02,-1.296921149681713015e+00,-1.230225264020247122e+00,5.045332045913296426e+00
8.082885742453797775e+02,-1.295604120328858189e+00,-1.224911602074488570e+00,5.022903188290205989e+00
8.083923340110081881e+02,-1.300519907998695102e+00,-1.221065607709751033e+00,5.027483857958777946e+00
8.084960937766365987e+02,-1.301104797184561734e+00,-1.215640266845073647e+00,5.011489822491373758e+00
8.085998535422650093e+02,-1.300622965661486052e+00,-1.209911674900991940e+00,4.990690598245985043e+00
8.087036133078934199e+02,-1.301766761759672653e+00,-1.205689627999322555e+00,4.980739272155391362e+00
8.088073730735218305e+02,-1.303071644499123716e+00,-1.202893588362659250e+00,4.976135650785355580e+00
8.089111328391502411e+02,-1.302337808692072940e+00,-1.199435357300619120e+00,4.961999939425891348e+00
8.090148926047786517e+02,-1.303888109473266166e+00,-1.194498006209795182e+00,4.951208937072412830e+00
8.091186523704070623e+02,-1.304721341943019253e+00,-1.189426924726544543e+00,4.937415658893722359e+00
8.092224121360354729e+02,-1.304027784177542060e+00,-1.188305455922314735e+00,4.931174973431610375e+00
8.093261719016639972e+02,-1.307043327041255809e+00,-1.181808568385549485e+00,4.920663252291575418e+00
8.094299316672924078e+02,-1.306449200953186285e+00,-1.176608641159731183e+00,4.901295506026190019e+00
8.095336914329208184e+02,-1.304071905582632418e+00,-1.173814080701240048e+00,4.883311210397616620e+00
8.096374511985492290e+02,-1.306529163578320496e+00,-1.170503429437570908e+00,4.881411492246627404e+00
8.097412109641776397e+02,-1.307315395782522316e+00,-1.165820988561003801e+00,4.868853813451885060e+00
8.098449707298060503e+02,-1.308045924768616697e+00,-1.158837274332189970e+00,4.848531011421991721e+00
8.099487304954344609e+02,-1.309014353283432408e+00,-1.155372620578389631e+00,4.840725897053459903e+00
8.100524902610628715e+02,-1.310046145801505579e+00,-1.149762253765810982e+00,4.826126634527337700e+00
8.101562500266912821e+02,-1.309798567812620718e+00,-1.147323895293626439e+00,4.817183693931815114e+00
8.102600097923196927e+02,-1.311948357919910269e+00,-1.142320042768587562e+00,4.808837884688318631e+00
8.103637695579481033e+02,-1.312542347431425060e+00,-1.137055674614521505e+00,4.793828105704351472e+00
8.104675293235765139e+02,-1.311761349993558312e+00,-1.133567044202153928e+00,4.779444873995996268e+00
8.105712890892049245e+02,-1.310995437362412641e+00,-1.129319651343559272e+00,4.762622270282815151e+00
8.106750488548333351e+02,-1.311937075668784258e+00,-1.123407561084079909e+00,4.746857825643439277e+00
8.107788086204617457e+02,-1.313943300231656730e+00,-1.121201371269794800e+00,4.747317936014479933e+00
8.108825683860901563e+02,-1.312507276743029028e+00,-1.116651534624602204e+00,4.726959072664324246e+00
8.109863281517186806e+02,-1.313658147873750348e+00,-1.109676675473327601e+00,4.708630818310788335e+00
8.110900879173470912e+02,-1.314399022774289882e+00,-1.107440158127620533e+00,4.704205609196892901e+00
8.111938476829755018e+02,-1.313671153446383411e+00,-1.103152588598725448e+00,4.687426734976435583e+00
8.112976074486039124e+02,-1.314309587263055912e+00,-1.099404623236483136e+00,4.677708751014527877e+00
8.114013672142324367e+02,-1.314495019591225056e+00,-1.095151485971776584e+00,4.664603982949548922e+00
8.115051269798608473e+02,-1.315195348223822558e+00,-1.091530705337010909e+00,4.655580338094428505e+00
8.116088867454892579e+02,-1.316835066688646583e+00,-1.087538752313920165e+00,4.649059262918412649e+00
8.117126465111176685e+02,-1.315213408800517403e+00,-1.083070810770632608e+00,4.628214070382579592e+00
8.118164062767460791e+02,-1.315503283662928125e+00,-1.077940128373099160e+00,4.612739396286499982e+00
8.119201660423744897e+02,-1.317245702160841470e+00,-1.072952201409866912e+00,4.603508985206232751e+00
8.120239258080029003e+02,-1.314823690568642567e+00,-1.069618037606639538e+00,4.583120563970449979e+00
8.121276855736313109e+02,-1.314525892582083300e+00,-1.063880053395466874e+00,4.563385608991459286e+00
8.122314453392597215e+02,-1.316000905905902574e+00,-1.059264790065280293e+00,4.554387940478142660e+00
8.123352051048881322e+02,-1.317076130247085475e+00,-1.057216880255408054e+00,4.552099808687720461e+00
8.124389648705166564e+02,-1.317162143599874158e+00,-1.051357518858166307e+00,4.533594347460685903e+00
8.125427246361450671e+02,-1.316900640655489507e+00,-1.047769486526860527e+00,4.521006396678632022e+00
8.126464844017734777e+02,-1.317672497344870131e+00,-1.043188944137852125e+00,4.509421915632900735e+00
8.127502441674018883e+02,-1.319345334516823787e+00,-1.039276324932255857e+00,4.503672744395245786e+00
8.128540039330302989e+02,-1.319061052738735418e+00,-1.034969073037056431e+00,4.488736754124763806e+00
8.129577636986587095e+02,-1.318622410029344438e+00,-1.030853268846581461e+00,4.473787708788298012e+00
8.130615234642871201e+02,-1.317195183555901483e+00,-1.025991649959772323e+00,4.452401177441113411e+00
8.131652832299155307e+02,-1.316645256268956565e+00,-1.019532392741586468e+00,4.429500310020884513e+00
8.132690429955439413e+02,-1.317640669953212607e+00,-1.017389610520996746e+00,4.426770467659247643e+00
8.133728027611723519e+02,-1.317763894808523295e+00,-1.013591592424537557e+00,4.415175488673876991e+00
8.134765625268007625e+02,-1.317208781670998308e+00,-1.009609021720094146e+00,4.400190236833409152e+00
8.135803222924291731e+02,-1.317320130546591139e+00,-1.007267174989331382e+00,4.393199787894684682e+00
8.136840820580575837e+02,-1.315883351667620715e+00,-1.002287527314459803e+00,4.371366140261351063e+00
8.137878418236859943e+02,-1.316704951236846055e+00,-9.963192509944718278e-01,4.355838351039082568e+00
8.138916015893144049e+02,-1.318853805456573713e+00,-9.925515470097339144e-01,4.352922213428122689e+00
8.139953613549428155e+02,-1.318495074971191894e+00,-9.882156312295612421e-01,4.337697373930653910e+00
8.140991211205713398e+02,-1.319292376949899648e+00,-9.837690977300521666e-01,4.327022240035680589e+00
8.142028808861997504e+02,-1.318597853343071558e+00,-9.803628863673289340e-01,4.313334731226080798e+00
8.143066406518281610e+02,-1.317319260119470981e+00,-9.765761227412593781e-01,4.295958019253677485e+00
8.144104004174565716e+02,-1.318062902798000424e+00,-9.714005023933304228e-01,4.282820324566483983e+00
8.145141601830849822e+02,-1.316910846073527486e+00,-9.666759898505503656e-01,4.263024645060059292e+00
8.146179199487133928e+02,-1.317188329114716172e+00,-9.628868677312846236e-01,4.252302733967818327e+00
8.147216797143418034e+02,-1.315691455839778090e+00,-9.592062942521881741e-01,4.234295042938297726e+00
8.148254394799702141e+02,-1.315458684653604937e+00,-9.534545420190682075e-01,4.215228369687933352e+00
8.149291992455986247e+02,-1.315465573740276062e+00,-9.490275178614815399e-01,4.201378341569672159e+00
8.150329590112270353e+02,-1.315957714342128382e+00,-9.457360721685489358e-01,4.193214176626146816e+00
8.151367187768554459e+02,-1.316442785404884575e+00,-9.421906133307509368e-01,4.184247259770497607e+00
8.152404785424838565e+02,-1.317239656859976682e+00,-9.376498092573872789e-01,4.173566652343676076e+00
8.153442383081122671e+02,-1.316932606560053065e+00,-9.350106296379376847e-01,4.164002257397514839e+00
8.154479980737406777e+02,-1.316870164975550983e+00,-9.300720688841936923e-01,4.148365378140455029e+00
8.155517578393690883e+02,-1.315630631195061850e+00,-9.258303293528616917e-01,4.129719503640245648e+00
8.156555176049976126e+02,-1.314962160938954350e+00,-9.210180773509322183e-01,4.111817877032086344e+00
8.157592773706260232e+02,-1.315335837764852522e+00,-9.183090054983307216e-01,4.105072621424100454e+00
8.158630371362544338e+02,-1.314282764462965547e+00,-9.126351630460727282e-01,4.082810391099726210e+00
8.159667969018828444e+02,-1.313982540992788328e+00,-9.081434261940825037e-01,4.067572054132072346e+00
8.160705566675112550e+02,-1.314589371069378565e+00,-9.041744897727123087e-01,4.058032514168486315e+00
8.161743164331396656e+02,-1.314514249239741028e+00,-9.002796873521665688e-01,4.045688234089564794e+00
8.162780761987680762e+02,-1.314899079755581290e+00,-8.965080553395267104e-01,4.035813982786661924e+00
8.163818359643964868e+02,-1.312885890267657230e+00,-8.934932774787310850e-01,4.017450129709764006e+00
8.164855957300248974e+02,-1.312727584383381663e+00,-8.886663553424509754e-01,4.001893090404665898e+00
8.165893554956533080e+02,-1.313838396273954823e+00,-8.840556540055837242e-01,3.992800361184599467e+00
8.166931152612817186e+02,-1.313611135362231730e+00,-8.817004418486975581e-01,3.984556241802549970e+00
8.167968750269101292e+02,-1.312875624774146655e+00,-8.777248138991691206e-01,3.969039813282336127e+00
8.169006347925385398e+02,-1.312177612561253204e+00,-8.727991124557206160e-01,3.950796188211266990e+00
8.170043945581669504e+02,-1.312491922824549739e+00,-8.690983849367390768e-01,3.940955272133957354e+00
8.171081543237953611e+02,-1.312751043759176728e+00,-8.626132326970132880e-01,3.922425336197743917e+00
8.172119140894237717e+02,-1.310723356134026796e+00,-8.602097329078841614e-01,3.905741927960746374e+00
8.173156738550522959e+02,-1.309475328413978179e+00,-8.568266639825764530e-01,3.889670730209178640e+00
8.174194336206807066e+02,-1.309027886590202083e+00,-8.517155109735794483e-01,3.872070494914046090e+00
8.175231933863091172e+02,-1.309309393118221143e+00,-8.484858439303764044e-01,3.863597040013408090e+00
8.176269531519375278e+02,-1.310633902258148353e+00,-8.431712333584877594e-01,3.853736858644060348e+00
8.177307129175659384e+02,-1.309856685888567629e+00,-8.385062403657093100e-01,3.836030576374540590e+00
8.178344726831943490e+02,-1.307414375623121350e+00,-8.331220749673834414e-01,3.808305275824592329e+00
8.179382324488227596e+02,-1.308082574721144198e+00,-8.320991000012079031e-01,3.808385131269322432e+00
8.180419922144511702e+02,-1.306484132163646006e+00,-8.280116198409451789e-01,3.788526780210901723e+00
8.181457519800795808e+02,-1.305581322049236270e+00,-8.245444384545340677e-01,3.773820491468996785e+00
8.182495117457079914e+02,-1.304699128870830727e+00,-8.204719471235613071e-01,3.757393177626932701e+00
8.183532715113364020e+02,-1.305708409904195566e+00,-8.151613519026148502e-01,3.746315071554490395e+00
8.184570312769648126e+02,-1.305826433217764704e+00,-8.108827269661725845e-01,3.734110573538739430e+00
8.185607910425932232e+02,-1.304925037524467868e+00,-8.074011068527673363e-01,3.719403608694201058e+00
8.186645508082216338e+02,-1.306556684138313607e+00,-8.043927606738991987e-01,3.718319328567379678e+00
8.187683105738500444e+02,-1.306062280582846791e+00,-7.997764410926008205e-01,3.702245194192808952e+00
8.188720703394785687e+02,-1.303050260912469671e+00,-7.953681059763391126e-01,3.674585005380134994e+00
8.189758301051069793e+02,-1.303597216676397386e+00,-7.924846286130968753e-01,3.668705802598105414e+00
8.190795898707353899e+02,-1.302389419448650276e+00,-7.882604376076650654e-01,3.650333696840316833e+00
8.191833496363638005e+02,-1.302178998526582143e+00,-7.864585677238320471e-01,3.643984914371948491e+00
8.192871094019922111e+02,-1.301603272576919101e+00,-7.792711086213865990e-01,3.619986266955490972e+00
8.193908691676206217e+02,-1.299902736153573324e+00,-7.760247894361901322e-01,3.602073365808974081e+00
8.194946289332490323e+02,-1.298688822311706348e+00,-7.723065287850019445e-01,3.585154288841396308e+00
8.195983886988774429e+02,-1.300929165239369079e+00,-7.694907061472117116e-01,3.587973673342913727e+00
8.197021484645058536e+02,-1.299636212154272163e+00,-7.658876107402106115e-01,3.571031994536522536e+00
8.198059082301342642e+02,-1.299994471271550989e+00,-7.615422611013791254e-01,3.560128933629219894e+00
8.199096679957626748e+02,-1.297821926818778504e+00,-7.581965361679487980e-01,3.539553985538340442e+00
8.200134277613910854e+02,-1.296137983178043296e+00,-7.520551313968203422e-01,3.513247781510836276e+00
8.201171875270194960e+02,-1.296440588635510149e+00,-7.490088462232429301e-01,3.505915279567796361e+00
8.202209472926479066e+02,-1.295682018695010429e+00,-7.471775511500635680e-01,3.496788334537117571e+00
8.203247070582763172e+02,-1.295909575741331921e+00,-7.431566134097015164e-01,3.486286871322193281e+00
8.204284668239048415e+02,-1.295372347811207803e+00,-7.408376349243727121e-01,3.476870480707461741e+00
8.205322265895332521e+02,-1.295288518294087643e+00,-7.357150017064415515e-01,3.461668744858391378e+00
8.206359863551616627e+02,-1.295082064615764805e+00,-7.335771009906463247e-01,3.454468421819919755e+00
8.207397461207900733e+02,-1.293483825825094691e+00,-7.281328795445206614e-01,3.430692778736208481e+00
8.208435058864184839e+02,-1.293517344979830730e+00,-7.255033308686091864e-01,3.423322996450831823e+00
8.209472656520468945e+02,-1.292027806020039860e+00,-7.221875160401743932e-01,3.406207038923796837e+00
8.210510254176753051e+02,-1.291616172626125048e+00,-7.171866373198496625e-01,3.389799232760328795e+00
8.211547851833037157e+02,-1.290276138011709151e+00,-7.122169105012834400e-01,3.368729055258367744e+00
8.212585449489321263e+02,-1.290061261082711130e+00,-7.089766824057985861e-01,3.358400708159953840e+00
8.213623047145605369e+02,-1.288464495383345287e+00,-7.070958154112680916e-01,3.344789330739613042e+00
8.214660644801889475e+02,-1.288114685546462690e+00,-7.028244543501664943e-01,3.330847053060318252e+00
8.215698242458173581e+02,-1.287005965699730137e+00,-7.002799794427086999e-01,3.317868134267886404e+00
8.216735840114457687e+02,-1.285209081878453397e+00,-6.969689153362167433e-01,3.299118231528578526e+00
8.217773437770741793e+02,-1.285303673956749826e+00,-6.904788823998132541e-01,3.281280519382844041e+00
8.218811035427025899e+02,-1.285069939621901192e+00,-6.871825625960895634e-01,3.270777524713548434e+00
8.219848633083310006e+02,-1.285326301991224440e+00,-6.847402498717440888e-01,3.265269314859836847e+00
8.220886230739595248e+02,-1.284829888051157720e+00,-6.796393611462164808e-01,3.248373189066088962e+00
8.221923828395879355e+02,-1.283532839914778956e+00,-6.743241179367910343e-01,3.226677445735140370e+00
8.222961426052163461e+02,-1.282968171804764967e+00,-6.720078124564314859e-01,3.217230532078483751e+00
8.223999023708447567e+02,-1.281464750378155992e+00,-6.692496405878378685e-01,3.201560499155466033e+00
8.225036621364731673e+02,-1.280472357147296014e+00,-6.649875861645595521e-01,3.184427482312580437e+00
8.226074219021015779e+02,-1.281090444231765879e+00,-6.611198115790914986e-01,3.177024140097701732e+00
8.227111816677299885e+02,-1.280674480506993618e+00,-6.581952146345085852e-01,3.166722158786556829e+00
8.228149414333583991e+02,-1.279096213964024509e+00,-6.548001959570930453e-01,3.148885966223478494e+00
8.229187011989868097e+02,-1.279478515050302967e+00,-6.503930082930160506e-01,3.138833133614649107e+00
8.230224609646152203e+02,-1.277559778424046000e+00,-6.465258164130962548e-01,3.117866159491232914e+00
8.231262207302436309e+02,-1.275441222355500503e+00,-6.434112666743189157e-01,3.097852019909821841e+00
8.232299804958720415e+02,-1.274683776554920822e+00,-6.406356821742370533e-01,3.086140947524208755e+00
8.233337402615004521e+02,-1.275595490920407249e+00,-6.374446100088575484e-01,3.082397958192834686e+00
8.234375000271288627e+02,-1.275593771147322419e+00,-6.330724333060860909e-01,3.070508558263182586e+00
8.235412597927572733e+02,-1.274772100626030857e+00,-6.300136604366693982e-01,3.057728005361968648e+00
8.236450195583857976e+02,-1.271447727449916743e+00,-6.265250171512333210e-01,3.030043466447830625e+00
8.237487793240142082e+02,-1.271180927159333951e+00,-6.231498555503507397e-01,3.019446748161204841e+00
8.238525390896426188e+02,-1.271673183412385111e+00,-6.191521279438713110e-01,3.011389992243498348e+00
8.239562988552710294e+02,-1.270446273445249741e+00,-6.154588860135881134e-01,2.994688084546704321e+00
8.240600586208994400e+02,-1.268588506404628724e+00,-6.120301809675660065e-01,2.975192829062568656e+00
8.241638183865278506e+02,-1.268199126564939716e+00,-6.098283393372223582e-01,2.967133609549673423e+00
8.242675781521562612e+02,-1.268597045750729180e+00,-6.075843260156176262e-01,2.963354350887754673e+00
8.243713379177846718e+02,-1.266727520667204399e+00,-6.031988229978784144e-01,2.941238212418699316e+00
8.244750976834130824e+02,-1.265445348069074161e+00,-5.983410030288487391e-01,2.921150988375821989e+00
8.245788574490414931e+02,-1.264710841469237179e+00,-5.967229382858681985e-01,2.912737609919443749e+00
8.246826172146699037e+02,-1.263873734679042959e+00,-5.928266886716230255e-01,2.897717948329505244e+00
8.247863769802983143e+02,-1.263593498493262413e+00,-5.892726484506635165e-01,2.886763289754719075e+00
8.248901367459267249e+02,-1.263623352701350067e+00,-5.869900958797465984e-01,2.880929565888711075e+00
8.249938965115551355e+02,-1.263933950893530556e+00,-5.819618108744268881e-01,2.869521406435318500e+00
8.250976562771835461e+02,-1.261166706121240155e+00,-5.781259703407717332e-01,2.843790888082961654e+00
8.252014160428119567e+02,-1.260133600141069010e+00,-5.755663325953791487e-01,2.831232431088640311e+00
8.253051758084404810e+02,-1.258819372218649590e+00,-5.725393234131544995e-01,2.815849775027325474e+00
8.254089355740688916e+02,-1.257558314885824702e+00,-5.691073485371701546e-01,2.799715936284596918e+00
8.255126953396973022e+02,-1.256308080920782499e+00,-5.656107732330145632e-01,2.783478126147136855e+00
8.256164551053257128e+02,-1.255492713589231535e+00,-5.625938699972531376e-01,2.770987195403944447e+00
8.257202148709541234e+02,-1.253821733356276225e+00,-5.595726959897339148e-01,2.753552520383086843e+00
8.258239746365825340e+02,-1.252429816399552198e+00,-5.547895394095856414e-01,2.733189153743347699e+00
8.259277344022109446e+02,-1.252623917088154792e+00,-5.520626419733040136e-01,2.727324679259794937e+00
8.260314941678393552e+02,-1.252235044662660224e+00,-5.495669423198406012e-01,2.718686460239052582e+00
8.261352539334677658e+02,-1.251225448323341372e+00,-5.460729473316987548e-01,2.703901699066088682e+00
8.262390136990961764e+02,-1.249450607277885261e+00,-5.426182204522214114e-01,2.684753186486970034e+00
8.263427734647245870e+02,-1.247042469757432714e+00,-5.387537922920895284e-01,2.660835902155845201e+00
8.264465332303529976e+02,-1.247052558801377664e+00,-5.353417164831333341e-01,2.652261599591173358e+00
8.265502929959814082e+02,-1.247242679376916907e+00,-5.331889620766949722e-01,2.647953454555254993e+00
8.266540527616098188e+02,-1.245075997632852038e+00,-5.290221986021543810e-01,2.624697726523272934e+00
8.267578125272382294e+02,-1.243683894764556541e+00,-5.241500630914645020e-01,2.604251029269934570e+00
8.268615722928667537e+02,-1.243375289885174650e+00,-5.226520664038617481e-01,2.598678647519756524e+00
8.269653320584951643e+02,-1.242474799022556864e+00,-5.193532766011325075e-01,2.585107232562572577e+00
8.270690918241235750e+02,-1.242496616317186442e+00,-5.169020103383460407e-01,2.579149802252895363e+00
8.271728515897519856e+02,-1.241273367375651082e+00,-5.123951218982516487e-01,2.560699896672780085e+00
8.272766113553803962e+02,-1.239350586518481068e+00,-5.106701077758879492e-01,2.544934147430440330e+00
8.273803711210088068e+02,-1.238192983629656130e+00,-5.083432988382533546e-01,2.532252423594681723e+00
8.274841308866372174e+02,-1.238131510928109691e+00,-5.038095094454598799e-01,2.520744028539392279e+00
8.275878906522656280e+02,-1.235772935075224455e+00,-4.993488395014845094e-01,2.495613029315107312e+00
8.276916504178940386e+02,-1.234033239745206734e+00,-4.973613003488325246e-01,2.480238819996150479e+00
8.277954101835224492e+02,-1.233232491305242151e+00,-4.945623760430190585e-01,2.468564852993000880e+00
8.278991699491508598e+02,-1.232321001812757943e+00,-4.923422868012424236e-01,2.457632966308591183e+00
8.280029297147792704e+02,-1.231766477609356869e+00,-4.894410126978682163e-01,2.447226095982889316e+00
8.281066894804076810e+02,-1.230964806349044816e+00,-4.847350414511795713e-01,2.430982042027834300e+00
8.282104492460360916e+02,-1.230789361541654303e+00,-4.817417177855942700e-01,2.422724041933879580e+00
8.283142090116645022e+02,-1.228831437753508560e+00,-4.761510713976168097e-01,2.397364436338353499e+00
8.284179687772929128e+02,-1.227831093026301446e+00,-4.759295966814472978e-01,2.390686720164020063e+00
8.285217285429214371e+02,-1.226880446430866245e+00,-4.742047186020441063e-01,2.380726482486273277e+00
8.286254883085498477e+02,-1.224707364539460164e+00,-4.697475365097265043e-01,2.356725675557683974e+00
8.287292480741782583e+02,-1.222447328120280563e+00,-4.676850909031208259e-01,2.337844425958675476e+00
8.288330078398066689e+02,-1.223098250920786834e+00,-4.635286200842082538e-01,2.332063781518654011e+00
8.289367676054350795e+02,-1.221175956178358168e+00,-4.604265272449505342e-01,2.312817895799820000e+00
8.290405273710634901e+02,-1.219374600837111577e+00,-4.581577562245008894e-01,2.296262907234548845e+00
8.291442871366919007e+02,-1.218546067556216528e+00,-4.551191272964452139e-01,2.283972628776063107e+00
8.292480469023203113e+02,-1.217487944008673662e+00,-4.529104429082693728e-01,2.272192706725281841e+00
8.293518066679487220e+02,-1.215333572145777641e+00,-4.478661968322294462e-01,2.246935488765991806e+00
8.294555664335771326e+02,-1.215275014909265039e+00,-4.450876046757584192e-01,2.240138618092960776e+00
8.295593261992055432e+02,-1.214154445959759743e+00,-4.414405920092695501e-01,2.224669570966510523e+00
8.296630859648339538e+02,-1.213004177485129897e+00,-4.392401017029221588e-01,2.212344839934549334e+00
8.297668457304623644e+02,-1.211224626583151220e+00,-4.364796080025711289e-01,2.194743785833847660e+00
8.298706054960907750e+02,-1.208995097968940113e+00,-4.312337312533679468e-01,2.168601332466305820e+00
8.299743652617191856e+02,-1.208708266410107868e+00,-4.295963377364102054e-01,2.163054578004064865e+00
8.300781250273477099e+02,-1.206276121005294355e+00,-4.277091224111008172e-01,2.143237533848866949e+00
8.301818847929761205e+02,-1.205911837251849139e+00,-4.248116788783467546e-01,2.134349600215099230e+00
8.302856445586045311e+02,-1.205624817488921474e+00,-4.211483365147601909e-01,2.124265663114172309e+00
8.303894043242329417e+02,-1.204589509358725552e+00,-4.183551172824908626e-01,2.111357360142620099e+00
8.304931640898613523e+02,-1.202712765428505248e+00,-4.151152944396609978e-01,2.092035791188848304e+00
8.305969238554897629e+02,-1.201237419807553719e+00,-4.121761454061937391e-01,2.075968095473287534e+00
8.307006836211181735e+02,-1.200156560262208849e+00,-4.100665118689603150e-01,2.064292497412378413e+00
8.308044433867465841e+02,-1.198113641118598860e+00,-4.072541643695092306e-01,2.044814505904295476e+00
8.309082031523749947e+02,-1.197529092182967991e+00,-4.036600241043648007e-01,2.033096320789928413e+00
8.310119629180034053e+02,-1.196660570819773728e+00,-4.006784287867672933e-01,2.020902743855466532e+00
8.311157226836318159e+02,-1.193478541930699688e+00,-3.971486984760521644e-01,1.992389041973497310e+00
8.312194824492602265e+02,-1.193020234931394752e+00,-3.948982316721247887e-01,1.984486564986496671e+00
8.313232422148886371e+02,-1.191495070367702747e+00,-3.921688136465799057e-01,1.968548460394127453e+00
8.314270019805170477e+02,-1.190838228695567880e+00,-3.894597538316988405e-01,1.958372939716032990e+00
8.315307617461454583e+02,-1.188067133028396949e+00,-3.861350834396456433e-01,1.932926643108613396e+00
8.316345215117738690e+02,-1.189445202077443309e+00,-3.833446141930377804e-01,1.936067821869752459e+00
8.317382812774023932e+02,-1.188856927992067547e+00,-3.802187460854419276e-01,1.925527043868295429e+00
8.318420410430308038e+02,-1.186818788681226033e+00,-3.768270179766755601e-01,1.904822569971997837e+00
8.319458008086592145e+02,-1.184437495174835542e+00,-3.745534007713265390e-01,1.884172699785323424e+00
8.320495605742876251e+02,-1.182074160406222818e+00,-3.714173919945082947e-01,1.861791625672447825e+00
8.321533203399160357e+02,-1.182637972445178098e+00,-3.686929380766698072e-01,1.859858706843577458e+00
8.322570801055444463e+02,-1.179933585451425682e+00,-3.673228048280102187e-01,1.838871876119728910e+00
8.323608398711728569e+02,-1.178303976327753189e+00,-3.642250402177328317e-01,1.821463857776915107e+00
8.324645996368012675e+02,-1.178354236649691078e+00,-3.612978514208973757e-01,1.815734540612127468e+00
8.325683594024296781e+02,-1.176594160592459470e+00,-3.577356071620498290e-01,1.796519038548366698e+00
8.326721191680580887e+02,-1.175193220258462068e+00,-3.569195982090434538e-01,1.785368803142940441e+00
8.327758789336864993e+02,-1.172065404509810005e+00,-3.537524636994866523e-01,1.757663194243531013e+00
8.328796386993149099e+02,-1.170230339049614932e+00,-3.503926205233270363e-01,1.738311204092459983e+00
8.329833984649433205e+02,-1.170039831823623366e+00,-3.479990847077983340e-01,1.732144153238538653e+00
8.330871582305717311e+02,-1.169275943653408589e+00,-3.442855577018554269e-01,1.719424585508606773e+00
8.331909179962001417e+02,-1.167828677194381770e+00,-3.421349226931743592e-01,1.705199043482474641e+00
8.332946777618286660e+02,-1.167437904568851881e+00,-3.388468772224119685e-01,1.695946397296623998e+00
8.333984375274570766e+02,-1.164172041410996172e+00,-3.361852949189507722e-01,1.668198549876708459e+00
8.335021972930854872e+02,-1.162651051477159303e+00,-3.336618166952385334e-01,1.652703519699942891e+00
8.336059570587138978e+02,-1.161867369721984344e+00,-3.312423577142348807e-01,1.642508989493065563e+00
8.337097168243423084e+02,-1.161160235633922122e+00,-3.282741151765345977e-01,1.631783728326687610e+00
8.338134765899707190e+02,-1.160896028564399884e+00,-3.247951412854125364e-01,1.623168636837326595e+00
8.339172363555991296e+02,-1.157342218234487463e+00,-3.222080178257499261e-01,1.593442794635344217e+00
8.340209961212275402e+02,-1.156243634302215773e+00,-3.198656107961669881e-01,1.581251790804183877e+00
8.341247558868559508e+02,-1.156188780896991952e+00,-3.173460595753949676e-01,1.576021187031217519e+00
8.342285156524843615e+02,-1.154257562905436796e+00,-3.154312454893539730e-01,1.558846002692689803e+00
8.343322754181127721e+02,-1.153248781009147406e+00,-3.130803925579586089e-01,1.547288409693023503e+00
8.344360351837411827e+02,-1.151893764612459403e+00,-3.089062976434720498e-01,1.529858193174593595e+00
8.345397949493695933e+02,-1.149629131321209696e+00,-3.071840079939747170e-01,1.510660610307742679e+00
8.346435547149980039e+02,-1.148315220630799827e+00,-3.052152125497309965e-01,1.497683085320231422e+00
8.347473144806264145e+02,-1.147437343648602059e+00,-3.025138736934125383e-01,1.486418571747672335e+00
8.348510742462549388e+02,-1.145035073935055658e+00,-2.991168337239819008e-01,1.463067423410713719e+00
8.349548340118833494e+02,-1.143815169597555803e+00,-2.956534612359052461e-01,1.447995810644875814e+00
8.350585937775117600e+02,-1.141987243260371043e+00,-2.927987449495648709e-01,1.429729212531543947e+00
8.351623535431401706e+02,-1.140497217271000618e+00,-2.913763349710567496e-01,1.416485536176337101e+00
8.352661133087685812e+02,-1.139206231608243414e+00,-2.892224828709232809e-01,1.403321787368542184e+00
8.353698730743969918e+02,-1.138400735529021990e+00,-2.863944378573584082e-01,1.392422866707515361e+00
8.354736328400254024e+02,-1.136513510126840210e+00,-2.846052600387685150e-01,1.375639631439743216e+00
8.355773926056538130e+02,-1.134861629233056890e+00,-2.809362835843890460e-01,1.357164446974413075e+00
8.356811523712822236e+02,-1.134492678734377424e+00,-2.789806969023706507e-01,1.351020643061719095e+00
8.357849121369106342e+02,-1.132939064124051098e+00,-2.767201245228605999e-01,1.335788074496322198e+00
8.358886719025390448e+02,-1.129121938293218719e+00,-2.744068436773137165e-01,1.304030787413150483e+00
8.359924316681674554e+02,-1.127972084986046175e+00,-2.714908722307072808e-01,1.290541968225747738e+00
8.360961914337958660e+02,-1.127235373435388155e+00,-2.694238593734750165e-01,1.281564622710707368e+00
8.361999511994242766e+02,-1.126159404952983278e+00,-2.678878411706998586e-01,1.271044421171617644e+00
8.363037109650526872e+02,-1.125256911252492387e+00,-2.636451473416264180e-01,1.257127886754519031e+00
8.364074707306810978e+02,-1.124068141795016684e+00,-2.615617406972381986e-01,1.244858783073042208e+00
8.365112304963096221e+02,-1.119772753517328967e+00,-2.601427567526607421e-01,1.210886182297315150e+00
8.366149902619380327e+02,-1.119185202386273614e+00,-2.567134179783970294e-01,1.200726557711915721e+00
8.367187500275664434e+02,-1.118730665470865748e+00,-2.545459286680288868e-01,1.193720150738663222e+00
8.368225097931948540e+02,-1.117094025259877110e+00,-2.510958292426287985e-01,1.175855238768491740e+00
8.369262695588232646e+02,-1.115392773716830099e+00,-2.487866831944367529e-01,1.159417980334677134e+00
8.370300293244516752e+02,-1.113427633646482784e+00,-2.457996265351297949e-01,1.139896362021575404e+00
8.371337890900801995e+02,-1.112508857038669863e+00,-2.442246965594543906e-01,1.130476689002483104e+00
8.372375488557086101e+02,-1.111569520303821390e+00,-2.420745477337942764e-01,1.119969945087738505e+00
8.373413086213370207e+02,-1.111005678142994002e+00,-2.393189972388707898e-01,1.111304570712713158e+00
8.374450683869654313e+02,-1.108089217351037492e+00,-2.370379779066345560e-01,1.085815011007343234e+00
8.375488281525938419e+02,-1.106843571371414647e+00,-2.342853585329086052e-01,1.072073641137606392e+00
8.376525879182222525e+02,-1.105178754274769526e+00,-2.315371345821233551e-01,1.055202410712569039e+00
8.377563476838506631e+02,-1.103708143433498323e+00,-2.301227829954285709e-01,1.041893403790963291e+00
8.378601074494790737e+02,-1.102408482572840853e+00,-2.283600947352540933e-01,1.029317935552611196e+00
8.379638672151075980e+02,-1.101043503010325164e+00,-2.263468202557858133e-01,1.015854473512744827e+00
8.380676269807360086e+02,-1.100159475235445328e+00,-2.246718723871161671e-01,1.006559555383886195e+00
8.381713867463644192e+02,-1.100499196395622770e+00,-2.219271777571305282e-01,1.004912186131215135e+00
8.382751465119928298e+02,-1.097025094092860975e+00,-2.176833430149699433e-01,9.720526584007280757e-01
8.383789062776212404e+02,-1.095587548732455341e+00,-2.164547256088467653e-01,9.592381876347787495e-01
8.384826660432496510e+02,-1.094092018090048635e+00,-2.146694143927279641e-01,9.451315901972241473e-01
8.385864258088780616e+02,-1.092615619295686402e+00,-2.104803158397758056e-01,9.275953120224110782e-01
8.386901855745064722e+02,-1.091555095446171908e+00,-2.094053601683026344e-01,9.178760481477330480e-01
8.387939453401348828e+02,-1.089681729366441809e+00,-2.073523127185207260e-01,9.004676469512067349e-01
8.388977051057632934e+02,-1.088069938865678932e+00,-2.045494657914765646e-01,8.839718101277177498e-01
8.390014648713917040e+02,-1.087012951324596743e+00,-2.030807883534889446e-01,8.736926806740263896e-01
8.391052246370201146e+02,-1.086008314277309150e+00,-2.001271831719818040e-01,8.616932161965978887e-01
8.392089844026485252e+02,-1.084720497956775054e+00,-1.974374684995733598e-01,8.479073165592442285e-01
8.393127441682769359e+02,-1.083289925828121669e+00,-1.965766904468974063e-01,8.355975468744715196e-01
8.394165039339053465e+02,-1.081162753756647943e+00,-1.948250424463070229e-01,8.166038293138273563e-01
8.395202636995337571e+02,-1.079443301283018686e+00,-1.921936068320917457e-01,7.995368366375666946e-01
8.396240234651622814e+02,-1.077824820537757189e+00,-1.909131529238032587e-01,7.851270566524792827e-01
8.397277832307906920e+02,-1.076814764927212176e+00,-1.878972423327672225e-01,7.730808541903568809e-01
8.398315429964191026e+02,-1.076273984838930886e+00,-1.858822522751110984e-01,7.661055610181246589e-01
8.399353027620475132e+02,-1.075006027232490391e+00,-1.816943844983734679e-01,7.505428989518860838e-01
8.400390625276759238e+02,-1.073117618372472881e+00,-1.805217326769871511e-01,7.341387791279617714e-01
8.401428222933043344e+02,-1.071754000973613952e+00,-1.778270774751010141e-01,7.198471982167320427e-01
8.402465820589327450e+02,-1.070214765874097695e+00,-1.755080218064284103e-01,7.046740636621650067e-01
8.403503418245611556e+02,-1.068457096191955724e+00,-1.727473087693919274e-01,6.872086464826252517e-01
8.404541015901895662e+02,-1.066891550047850190e+00,-1.710356194394386242e-01,6.726089279380141894e-01
8.405578613558179768e+02,-1.066761492376106846e+00,-1.692642620683546539e-01,6.693331588078453853e-01
8.406616211214463874e+02,-1.066296409756502861e+00,-1.672520652050382417e-01,6.631149341408272280e-01
8.407653808870747980e+02,-1.065223192221138371e+00,-1.664170588726696653e-01,6.535376559595035273e-01
8.408691406527032086e+02,-1.063493253512759473e+00,-1.638319004555833514e-01,6.365559769082111963e-01
8.409729004183316192e+02,-1.062978669901981421e+00,-1.620005334342632941e-01,6.302087941167955343e-01
8.410766601839600298e+02,-1.061273189351112478e+00,-1.604992234019101682e-01,6.147539322731577771e-01
8.411804199495885541e+02,-1.058441969299392715e+00,-1.567697306333888374e-01,5.875850857476059286e-01
8.412841797152169647e+02,-1.058256686592368823e+00,-1.549319074377524807e-01,5.839227825960633389e-01
8.413879394808453753e+02,-1.057156513112191609e+00,-1.527012995788503691e-01,5.724665897549283677e-01
8.414916992464737859e+02,-1.055344570589332509e+00,-1.510992550762878806e-01,5.560121234810547763e-01
8.415954590121021965e+02,-1.054457896021312679e+00,-1.489713374489456676e-01,5.464136085031252588e-01
8.416992187777306071e+02,-1.052611724018709172e+00,-1.462924837734344563e-01,5.284506562957027587e-01
8.418029785433590177e+02,-1.051726409668264806e+00,-1.453650395992485134e-01,5.202387918115104481e-01
8.419067383089874284e+02,-1.051068978514280383e+00,-1.437155616730703411e-01,5.130697266347140628e-01
8.420104980746158390e+02,-1.049618214287436846e+00,-1.404449942054795952e-01,4.976953350274163079e-01
8.421142578402442496e+02,-1.047886658253720737e+00,-1.386809799799151588e-01,4.816935671843326494e-01
8.422180176058726602e+02,-1.046221298767179952e+00,-1.376956660536225452e-01,4.670547209076200690e-01
8.423217773715010708e+02,-1.045071374364129113e+00,-1.341775832151697878e-01,4.539253911332255531e-01
8.424255371371294814e+02,-1.044847389317172137e+00,-1.319922149786930676e-01,4.498167383207418712e-01
8.425292969027578920e+02,-1.045132538119596388e+00,-1.300219817376731535e-01,4.501289060877714521e-01
8.426330566683863026e+02,-1.042702660605275389e+00,-1.284508610724359179e-01,4.286224196414157861e-01
8.427368164340148269e+02,-1.041225137081047691e+00,-1.261937204241321553e-01,4.142215347263917269e-01
8.428405761996432375e+02,-1.040034194945042012e+00,-1.242237118410899760e-01,4.024726694235358782e-01
8.429443359652716481e+02,-1.039534466657451528e+00,-1.223892221962975535e-01,3.965639547300684464e-01
8.430480957309000587e+02,-1.039005643020622927e+00,-1.210143396285082301e-01,3.908765955187082364e-01
8.431518554965284693e+02,-1.037633474144172396e+00,-1.179162074302331081e-01,3.766049915027712691e-01
8.432556152621568799e+02,-1.036315992003353781e+00,-1.163177608026326332e-01,3.642154081095894114e-01
8.433593750277852905e+02,-1.034307739122727554e+00,-1.150909067242682771e-01,3.464386158331790311e-01
8.434631347934137011e+02,-1.034028191652614614e+00,-1.128927835457703838e-01,3.421083662639360368e-01
8.435668945590421117e+02,-1.033307165742750167e+00,-1.110227922846430265e-01,3.344376441320342508e-01
8.436706543246705223e+02,-1.033261723333838589e+00,-1.090035033940906090e-01,3.322729440457847794e-01
8.437744140902989329e+02,-1.031293005744634117e+00,-1.072883382540783248e-01,3.143918746863748614e-01
8.438781738559273435e+02,-1.029033107316841278e+00,-1.059820461930175012e-01,2.944113732636964853e-01
8.439819336215557541e+02,-1.027686116654994652e+00,-1.038257625249865562e-01,2.813126334855580168e-01
8.440856933871841647e+02,-1.027442047872588082e+00,-1.028135371124002939e-01,2.784184929701176703e-01
8.441894531528125754e+02,-1.027102556343042261e+00,-9.982460302352508252e-02,2.731070817837379927e-01
8.442932129184409860e+02,-1.026471523456981227e+00,-9.787177933687306319e-02,2.662422954100027161e-01
8.443969726840695103e+02,-1.024931975575878784e+00,-9.551386446963641697e-02,2.514541415658363976e-01
8.445007324496979209e+02,-1.023774850823744087e+00,-9.438353441800743926e-02,2.408451815822338915e-01
8.446044922153263315e+02,-1.024778366616523773e+00,-9.132845288071117507e-02,2.469561638342347987e-01
8.447082519809547421e+02,-1.023241492896862281e+00,-9.056403770160526001e-02,2.334507086202885495e-01
8.448120117465831527e+02,-1.022409909428687813e+00,-8.838335983003921259e-02,2.248348604765967873e-01
8.449157715122115633e+02,-1.021526190147155289e+00,-8.685936939701759119e-02,2.162763547307022249e-01
8.450195312778399739e+02,-1.020077608026932037e+00,-8.409864913437087308e-02,2.020830331762671628e-01
8.451232910434683845e+02,-1.019005656179352570e+00,-8.264371363193162567e-02,1.920044429502736072e-01
8.452270508090967951e+02,-1.018451739976645731e+00,-8.053051522562158782e-02,1.858779650001933237e-01
8.453308105747252057e+02,-1.017895493988592692e+00,-7.829954005563033448e-02,1.796859304510505240e-01
8.454345703403536163e+02,-1.016149329287563186e+00,-7.717059013570026771e-02,1.641267311722791333e-01
8.455383301059820269e+02,-1.016071105724152268e+00,-7.580689205473206682e-02,1.625892723911351034e-01
8.456420898716104375e+02,-1.016110519932933443e+00,-7.351091387146767298e-02,1.614900237134547223e-01
8.457458496372388481e+02,-1.014924386531893985e+00,-7.158189564791243853e-02,1.502236628664695428e-01
8.458496094028672587e+02,-1.015242110733822756e+00,-6.899279563518957714e-02,1.514026774547163334e-01
8.459533691684957830e+02,-1.014154712984657536e+00,-6.741507187677268920e-02,1.412326485717866897e-01
8.460571289341241936e+02,-1.013171109655045310e+00,-6.631010192384027835e-02,1.322190120792532120e-01
8.461608886997526042e+02,-1.011992299130440420e+00,-6.485293766361104051e-02,1.213432908955229678e-01
8.462646484653810148e+02,-1.011350550914159152e+00,-6.329934196194719753e-02,1.150140073333122265e-01
8.463684082310094254e+02,-1.010927324805578342e+00,-6.094179226462249910e-02,1.101525678484516352e-01
8.464721679966378360e+02,-1.009750373062738182e+00,-5.913006951638561520e-02,9.914765584426377121e-02
8.465759277622662466e+02,-1.010401261556924890e+00,-5.823299283596732046e-02,1.042793200477817733e-01
8.466796875278946573e+02,-1.009226697116482940e+00,-5.542122654626475964e-02,9.285151732251578638e-02
8.467834472935230679e+02,-1.007983643664862372e+00,-5.360595255999646425e-02,8.133533182854542354e-02
8.468872070591514785e+02,-1.008154588755582282e+00,-5.327311775056030319e-02,8.265252660659394568e-02
8.469909668247798891e+02,-1.006741777277255778e+00,-5.129503005777043961e-02,6.962174984873037431e-02
8.470947265904082997e+02,-1.006983047071957404e+00,-4.955431400945168458e-02,7.094773565457301867e-02
8.471984863560367103e+02,-1.005933665574260338e+00,-4.767886306252910877e-02,6.113249102153334169e-02
8.473022461216651209e+02,-1.005104701022850433e+00,-4.490493538200725915e-02,5.288606293742377507e-02
8.474060058872935315e+02,-1.006359964905416904e+00,-4.383939571835698129e-02,6.330072494744892753e-02
8.475097656529219421e+02,-1.005885332088192197e+00,-4.198354482257862091e-02,5.852856145829958556e-02
8.476135254185504664e+02,-1.005085128342650735e+00,-3.984941445190939152e-02,5.087846426071647443e-02
8.477172851841788770e+02,-1.003982916569055472e+00,-3.767075466290190078e-02,4.063637076601769177e-02
8.478210449498072876e+02,-1.003499144963294176e+00,-3.607844918518673949e-02,3.595016955310977730e-02
8.479248047154356982e+02,-1.003113192585922908e+00,-3.509966555745750588e-02,3.231288068607789110e-02
8.480285644810641088e+02,-1.003611143514976822e+00,-3.301454906235349457e-02,3.600659017418620517e-02
8.481323242466925194e+02,-1.002886942201897336e+00,-3.111021648869504233e-02,2.921666064412821451e-02
8.482360840123209300e+02,-1.002498982054967902e+00,-2.951470970299019045e-02,2.544155567358782552e-02
8.483398437779493406e+02,-1.002559548899008002e+00,-2.753247104453154445e-02,2.547764589735636992e-02
8.484436035435777512e+02,-1.002106668367674702e+00,-2.647710753616043522e-02,2.130976263829715070e-02
8.485473633092061618e+02,-1.001885774494539971e+00,-2.456762089578089225e-02,1.897482376352203903e-02
8.486511230748345724e+02,-1.000833967189997509e+00,-2.215996616746906608e-02,9.369317996993068234e-03
8.487548828404629830e+02,-1.000925386681504659e+00,-2.042250279258213050e-02,9.841715286714347588e-03
8.488586426060913936e+02,-1.001132891110155798e+00,-1.864076185705986280e-02,1.134000085261628252e-02
8.489624023717198043e+02,-1.001182987578608019e+00,-1.756976121859582865e-02,1.160650623165798007e-02
8.490661621373482149e+02,-1.001613034723297657e+00,-1.423477466091938731e-02,1.487643896119364602e-02
8.491699219029767391e+02,-1.001737236525198638e+00,-1.385376396884212616e-02,1.590691236017529805e-02
8.492736816686051498e+02,-1.000639529362488345e+00,-1.226133032838645602e-02,6.205141979213409098e-03
8.493774414342335604e+02,-1.000098990282080491e+00,-1.098043252366500376e-02,1.383269322233169956e-03
8.494812011998619710e+02,-9.995879571054829826e-01,-7.597505953451026521e-03,-3.328813305883519379e-03
8.495849609654903816e+02,-9.997450825374671890e-01,-5.991876145703098171e-03,-2.058467565303187963e-03
8.496887207311187922e+02,-9.999548833152104299e-01,-5.285881908323001102e-03,-2.705338745399299416e-04
8.497924804967472028e+02,-9.998796979116055805e-01,-4.392371217822621868e-03,-9.611860586595698730e-04
8.498962402623756134e+02,-9.998730265259863081e-01,-2.475481063957800289e-03,-1.076327334057189649e-03
8.500000000280040240e+02,-1.000164290436556636e+00,0.000000000000000000e+00,1.426891391424867138e-03
